{
  "train_loss": [
    5.410400982560782,
    2.8963318528800177,
    2.747504267199286,
    2.625311045811094,
    2.566787966366472,
    2.5016497126941024,
    2.461431803374455,
    2.393794002204106,
    2.3371454847270043,
    2.2797145432439345,
    2.196462927193477,
    2.0607227128127525,
    1.8718783444371716,
    1.7836313494320573,
    1.6751714595432938,
    1.6029743408334667
  ],
  "val_loss": [
    2.623226821422577,
    2.461451292037964,
    2.4222976863384247,
    2.4549106806516647,
    2.230018228292465,
    2.2089820355176926,
    2.2877542078495026,
    2.321915924549103,
    2.45434233546257,
    2.3114817440509796,
    2.3391053676605225,
    2.2815946340560913,
    2.382198750972748,
    2.5025749802589417,
    2.5924886018037796,
    2.578143432736397
  ],
  "val_c_index": [
    0.3657246342277081,
    0.30858313873135396,
    0.3894104751465472,
    0.5087928322928085,
    0.501834818662727,
    0.5299528189486727,
    0.5553066768336272,
    0.5483010055759424,
    0.5599294667111471,
    0.5559738836200734,
    0.5881904398799028,
    0.5949101653719678,
    0.5905256636324644,
    0.592384311108993,
    0.5958156602964304,
    0.5804222465805652
  ],
  "lr": [
    0.001,
    0.001,
    0.001,
    0.001,
    0.001,
    0.001,
    0.001,
    0.001,
    0.001,
    0.001,
    0.001,
    0.001,
    0.0005,
    0.0005,
    0.0005,
    0.0005
  ]
}