nohup: ignoring input
Using device: cuda
📊 Benchmark tracker initialized: /workspace/ehr-sequencing/experiments/benchmark_embeddings

================================================================================
BENCHMARK: Pre-training vs Fine-tuning with Pre-trained Embeddings
================================================================================
Model size: large
Patients: 10000
Epochs: 100
Batch size: 128
Using realistic synthetic data with disease patterns
Using max_seq_length=200 (from model config)

🔬 Generating realistic synthetic data...
Generating realistic synthetic data: 10000 patients, vocab=1000
Disease patterns:
  - Type 2 Diabetes: 10.0% prevalence
  - Hypertension: 15.0% prevalence
  - Asthma: 8.0% prevalence
  - Depression: 12.0% prevalence
  - COPD: 6.0% prevalence
  - Heart Failure: 5.0% prevalence
  - Chronic Kidney Disease: 7.0% prevalence
  - Rheumatoid Arthritis: 9.0% prevalence

📊 Dataset Statistics:
   Number of patients: 10000
   Sequence length: 200
   Avg sequence length: 15.3 ± 14.4
   Unique codes used: 63
   Age range: 20-92
   Avg age: 53.0
   Avg visits per patient: 6.1

   Top 10 most frequent codes:
      1. Code 500: 20015 (13.05%) - Routine care
      2. Code 501: 13453 ( 8.77%) - Routine care
      3. Code 502: 10116 ( 6.60%) - Routine care
      4. Code 503:  6689 ( 4.36%) - Routine care
      5. Code 311:  4320 ( 2.82%) - Hypertension (monitoring)
      6. Code 132:  4199 ( 2.74%) - Depression (treatment)
      7. Code 131:  4108 ( 2.68%) - Depression (treatment)
      8. Code 130:  4094 ( 2.67%) - Depression (treatment)
      9. Code 111:  3762 ( 2.45%) - Hypertension (treatment)
      10. Code 110:  3747 ( 2.44%) - Hypertension (treatment)

================================================================================
RUN 1: Pre-training from Scratch (learning embeddings)
================================================================================
/workspace/ehr-sequencing/src/ehrsequencing/models/behrt.py:140: UserWarning: enable_nested_tensor is True, but self.use_nested_tensor is False because encoder_layer.norm_first was True
  self.encoder = nn.TransformerEncoder(
Applied LoRA to behrt.encoder.layers.0.self_attn.out_proj (in=512, out=512, rank=16)
Applied LoRA to behrt.encoder.layers.1.self_attn.out_proj (in=512, out=512, rank=16)
Applied LoRA to behrt.encoder.layers.2.self_attn.out_proj (in=512, out=512, rank=16)
Applied LoRA to behrt.encoder.layers.3.self_attn.out_proj (in=512, out=512, rank=16)
Applied LoRA to behrt.encoder.layers.4.self_attn.out_proj (in=512, out=512, rank=16)
Applied LoRA to behrt.encoder.layers.5.self_attn.out_proj (in=512, out=512, rank=16)

📊 Model Parameters (Pre-training):
   Total: 20,366,312
   Trainable: 1,450,984 (7.1%)
   Embeddings: 576,000/576,000 trainable

================================================================================
Training: Pre-training (from scratch)
================================================================================
Epoch 1/100 | Train Loss: 4.5969 Acc: 0.1183 | Val Loss: 3.3263 Acc: 0.1560 🏆 | Patience: 0/10
Epoch 2/100 | Train Loss: 3.0690 Acc: 0.1839 | Val Loss: 2.8105 Acc: 0.2021 🏆 | Patience: 0/10
Epoch 3/100 | Train Loss: 2.6629 Acc: 0.2249 | Val Loss: 2.5444 Acc: 0.2207 🏆 | Patience: 0/10
Epoch 4/100 | Train Loss: 2.4467 Acc: 0.2418 | Val Loss: 2.4137 Acc: 0.2367 🏆 | Patience: 0/10
Epoch 5/100 | Train Loss: 2.3190 Acc: 0.2674 | Val Loss: 2.3386 Acc: 0.2524 🏆 | Patience: 0/10
Epoch 6/100 | Train Loss: 2.2407 Acc: 0.2754 | Val Loss: 2.2720 Acc: 0.2663 🏆 | Patience: 0/10
Epoch 7/100 | Train Loss: 2.1777 Acc: 0.2899 | Val Loss: 2.2233 Acc: 0.2753 🏆 | Patience: 0/10
Epoch 8/100 | Train Loss: 2.1226 Acc: 0.3048 | Val Loss: 2.1937 Acc: 0.2766 🏆 | Patience: 0/10
Epoch 9/100 | Train Loss: 2.0804 Acc: 0.3115 | Val Loss: 2.1559 Acc: 0.2846 🏆 | Patience: 0/10
Epoch 10/100 | Train Loss: 2.0442 Acc: 0.3200 | Val Loss: 2.1391 Acc: 0.2961 🏆 | Patience: 0/10
Epoch 11/100 | Train Loss: 2.0089 Acc: 0.3281 | Val Loss: 2.1145 Acc: 0.2950 🏆 | Patience: 0/10
Epoch 12/100 | Train Loss: 1.9795 Acc: 0.3354 | Val Loss: 2.0752 Acc: 0.3039 🏆 | Patience: 0/10
Epoch 13/100 | Train Loss: 1.9479 Acc: 0.3442 | Val Loss: 2.0690 Acc: 0.3037 🏆 | Patience: 0/10
Epoch 14/100 | Train Loss: 1.9256 Acc: 0.3499 | Val Loss: 2.0456 Acc: 0.3080 🏆 | Patience: 0/10
Epoch 15/100 | Train Loss: 1.8918 Acc: 0.3570 | Val Loss: 2.0177 Acc: 0.3099 🏆 | Patience: 0/10
Epoch 16/100 | Train Loss: 1.8739 Acc: 0.3603 | Val Loss: 2.0026 Acc: 0.3160 🏆 | Patience: 0/10
Epoch 17/100 | Train Loss: 1.8443 Acc: 0.3664 | Val Loss: 1.9881 Acc: 0.3149 🏆 | Patience: 0/10
Epoch 18/100 | Train Loss: 1.8238 Acc: 0.3711 | Val Loss: 1.9650 Acc: 0.3183 🏆 | Patience: 0/10
Epoch 19/100 | Train Loss: 1.7992 Acc: 0.3783 | Val Loss: 1.9612 Acc: 0.3199 🏆 | Patience: 0/10
Epoch 20/100 | Train Loss: 1.7757 Acc: 0.3888 | Val Loss: 1.9459 Acc: 0.3225 🏆 | Patience: 0/10
Epoch 21/100 | Train Loss: 1.7593 Acc: 0.3944 | Val Loss: 1.9324 Acc: 0.3259 🏆 | Patience: 0/10
Epoch 22/100 | Train Loss: 1.7466 Acc: 0.3933 | Val Loss: 1.9254 Acc: 0.3270 🏆 | Patience: 0/10
Epoch 23/100 | Train Loss: 1.7242 Acc: 0.3992 | Val Loss: 1.9164 Acc: 0.3294 🏆 | Patience: 0/10
Epoch 24/100 | Train Loss: 1.7156 Acc: 0.4000 | Val Loss: 1.9104 Acc: 0.3335 🏆 | Patience: 0/10
Epoch 25/100 | Train Loss: 1.6971 Acc: 0.4053 | Val Loss: 1.8913 Acc: 0.3387 🏆 | Patience: 0/10
Epoch 26/100 | Train Loss: 1.6740 Acc: 0.4106 | Val Loss: 1.8924 Acc: 0.3400  | Patience: 1/10
Epoch 27/100 | Train Loss: 1.6607 Acc: 0.4153 | Val Loss: 1.8826 Acc: 0.3346 🏆 | Patience: 0/10
Epoch 28/100 | Train Loss: 1.6507 Acc: 0.4180 | Val Loss: 1.8725 Acc: 0.3402 🏆 | Patience: 0/10
Epoch 29/100 | Train Loss: 1.6377 Acc: 0.4213 | Val Loss: 1.8796 Acc: 0.3436  | Patience: 1/10
Epoch 30/100 | Train Loss: 1.6248 Acc: 0.4258 | Val Loss: 1.8732 Acc: 0.3406  | Patience: 2/10
Epoch 31/100 | Train Loss: 1.6134 Acc: 0.4295 | Val Loss: 1.8638 Acc: 0.3439 🏆 | Patience: 0/10
Epoch 32/100 | Train Loss: 1.5997 Acc: 0.4328 | Val Loss: 1.8635 Acc: 0.3462 🏆 | Patience: 0/10
Epoch 33/100 | Train Loss: 1.5857 Acc: 0.4386 | Val Loss: 1.8605 Acc: 0.3430 🏆 | Patience: 0/10
Epoch 34/100 | Train Loss: 1.5751 Acc: 0.4427 | Val Loss: 1.8531 Acc: 0.3436 🏆 | Patience: 0/10
Epoch 35/100 | Train Loss: 1.5688 Acc: 0.4456 | Val Loss: 1.8527 Acc: 0.3460 🏆 | Patience: 0/10
Epoch 36/100 | Train Loss: 1.5448 Acc: 0.4511 | Val Loss: 1.8479 Acc: 0.3493 🏆 | Patience: 0/10
Epoch 37/100 | Train Loss: 1.5349 Acc: 0.4525 | Val Loss: 1.8459 Acc: 0.3495 🏆 | Patience: 0/10
Epoch 38/100 | Train Loss: 1.5291 Acc: 0.4577 | Val Loss: 1.8491 Acc: 0.3473  | Patience: 1/10
Epoch 39/100 | Train Loss: 1.5156 Acc: 0.4630 | Val Loss: 1.8376 Acc: 0.3469 🏆 | Patience: 0/10
Epoch 40/100 | Train Loss: 1.4970 Acc: 0.4663 | Val Loss: 1.8423 Acc: 0.3495  | Patience: 1/10
Epoch 41/100 | Train Loss: 1.4894 Acc: 0.4700 | Val Loss: 1.8426 Acc: 0.3451  | Patience: 2/10
Epoch 42/100 | Train Loss: 1.4766 Acc: 0.4780 | Val Loss: 1.8419 Acc: 0.3525  | Patience: 3/10
Epoch 43/100 | Train Loss: 1.4638 Acc: 0.4807 | Val Loss: 1.8404 Acc: 0.3521  | Patience: 4/10
Epoch 44/100 | Train Loss: 1.4524 Acc: 0.4862 | Val Loss: 1.8382 Acc: 0.3495  | Patience: 5/10
Epoch 45/100 | Train Loss: 1.4432 Acc: 0.4916 | Val Loss: 1.8383 Acc: 0.3536  | Patience: 6/10
Epoch 46/100 | Train Loss: 1.4219 Acc: 0.4975 | Val Loss: 1.8406 Acc: 0.3547  | Patience: 7/10
Epoch 47/100 | Train Loss: 1.4234 Acc: 0.4977 | Val Loss: 1.8352 Acc: 0.3596 🏆 | Patience: 0/10
Epoch 48/100 | Train Loss: 1.4067 Acc: 0.5001 | Val Loss: 1.8416 Acc: 0.3523  | Patience: 1/10
Epoch 49/100 | Train Loss: 1.3983 Acc: 0.5025 | Val Loss: 1.8378 Acc: 0.3510  | Patience: 2/10
Epoch 50/100 | Train Loss: 1.3915 Acc: 0.5063 | Val Loss: 1.8432 Acc: 0.3568  | Patience: 3/10
Epoch 51/100 | Train Loss: 1.3705 Acc: 0.5193 | Val Loss: 1.8347 Acc: 0.3564 🏆 | Patience: 0/10
Epoch 52/100 | Train Loss: 1.3614 Acc: 0.5203 | Val Loss: 1.8358 Acc: 0.3616  | Patience: 1/10
Epoch 53/100 | Train Loss: 1.3483 Acc: 0.5239 | Val Loss: 1.8428 Acc: 0.3575  | Patience: 2/10
Epoch 54/100 | Train Loss: 1.3357 Acc: 0.5300 | Val Loss: 1.8359 Acc: 0.3583  | Patience: 3/10
Epoch 55/100 | Train Loss: 1.3198 Acc: 0.5356 | Val Loss: 1.8400 Acc: 0.3577  | Patience: 4/10
Epoch 56/100 | Train Loss: 1.3173 Acc: 0.5376 | Val Loss: 1.8404 Acc: 0.3590  | Patience: 5/10
Epoch 57/100 | Train Loss: 1.3029 Acc: 0.5393 | Val Loss: 1.8526 Acc: 0.3588  | Patience: 6/10
Epoch 58/100 | Train Loss: 1.2902 Acc: 0.5465 | Val Loss: 1.8506 Acc: 0.3568  | Patience: 7/10
Epoch 59/100 | Train Loss: 1.2791 Acc: 0.5519 | Val Loss: 1.8498 Acc: 0.3581  | Patience: 8/10
Epoch 60/100 | Train Loss: 1.2662 Acc: 0.5570 | Val Loss: 1.8445 Acc: 0.3596  | Patience: 9/10
Epoch 61/100 | Train Loss: 1.2573 Acc: 0.5586 | Val Loss: 1.8415 Acc: 0.3635  | Patience: 10/10

⚠️  Early stopping at epoch 61

📊 Computing final metrics for Pre-training (from scratch)...
/workspace/miniforge3/envs/ehrsequencing/lib/python3.10/site-packages/sklearn/metrics/_ranking.py:424: UndefinedMetricWarning: Only one class is present in y_true. ROC AUC score is not defined in that case.
  warnings.warn(
/workspace/miniforge3/envs/ehrsequencing/lib/python3.10/site-packages/sklearn/metrics/_ranking.py:424: UndefinedMetricWarning: Only one class is present in y_true. ROC AUC score is not defined in that case.
  warnings.warn(
/workspace/miniforge3/envs/ehrsequencing/lib/python3.10/site-packages/sklearn/metrics/_ranking.py:424: UndefinedMetricWarning: Only one class is present in y_true. ROC AUC score is not defined in that case.
  warnings.warn(
/workspace/miniforge3/envs/ehrsequencing/lib/python3.10/site-packages/sklearn/metrics/_ranking.py:424: UndefinedMetricWarning: Only one class is present in y_true. ROC AUC score is not defined in that case.
  warnings.warn(
/workspace/miniforge3/envs/ehrsequencing/lib/python3.10/site-packages/sklearn/metrics/_ranking.py:424: UndefinedMetricWarning: Only one class is present in y_true. ROC AUC score is not defined in that case.
  warnings.warn(
/workspace/miniforge3/envs/ehrsequencing/lib/python3.10/site-packages/sklearn/metrics/_ranking.py:424: UndefinedMetricWarning: Only one class is present in y_true. ROC AUC score is not defined in that case.
  warnings.warn(
/workspace/miniforge3/envs/ehrsequencing/lib/python3.10/site-packages/sklearn/metrics/_ranking.py:424: UndefinedMetricWarning: Only one class is present in y_true. ROC AUC score is not defined in that case.
  warnings.warn(
/workspace/miniforge3/envs/ehrsequencing/lib/python3.10/site-packages/sklearn/metrics/_ranking.py:424: UndefinedMetricWarning: Only one class is present in y_true. ROC AUC score is not defined in that case.
  warnings.warn(
/workspace/miniforge3/envs/ehrsequencing/lib/python3.10/site-packages/sklearn/metrics/_ranking.py:424: UndefinedMetricWarning: Only one class is present in y_true. ROC AUC score is not defined in that case.
  warnings.warn(
/workspace/miniforge3/envs/ehrsequencing/lib/python3.10/site-packages/sklearn/metrics/_ranking.py:424: UndefinedMetricWarning: Only one class is present in y_true. ROC AUC score is not defined in that case.
  warnings.warn(
/workspace/miniforge3/envs/ehrsequencing/lib/python3.10/site-packages/sklearn/metrics/_ranking.py:424: UndefinedMetricWarning: Only one class is present in y_true. ROC AUC score is not defined in that case.
  warnings.warn(
/workspace/miniforge3/envs/ehrsequencing/lib/python3.10/site-packages/sklearn/metrics/_ranking.py:424: UndefinedMetricWarning: Only one class is present in y_true. ROC AUC score is not defined in that case.
  warnings.warn(
/workspace/miniforge3/envs/ehrsequencing/lib/python3.10/site-packages/sklearn/metrics/_ranking.py:424: UndefinedMetricWarning: Only one class is present in y_true. ROC AUC score is not defined in that case.
  warnings.warn(
/workspace/miniforge3/envs/ehrsequencing/lib/python3.10/site-packages/sklearn/metrics/_ranking.py:424: UndefinedMetricWarning: Only one class is present in y_true. ROC AUC score is not defined in that case.
  warnings.warn(
/workspace/miniforge3/envs/ehrsequencing/lib/python3.10/site-packages/sklearn/metrics/_ranking.py:424: UndefinedMetricWarning: Only one class is present in y_true. ROC AUC score is not defined in that case.
  warnings.warn(
/workspace/miniforge3/envs/ehrsequencing/lib/python3.10/site-packages/sklearn/metrics/_ranking.py:424: UndefinedMetricWarning: Only one class is present in y_true. ROC AUC score is not defined in that case.
  warnings.warn(
/workspace/miniforge3/envs/ehrsequencing/lib/python3.10/site-packages/sklearn/metrics/_ranking.py:424: UndefinedMetricWarning: Only one class is present in y_true. ROC AUC score is not defined in that case.
  warnings.warn(
/workspace/miniforge3/envs/ehrsequencing/lib/python3.10/site-packages/sklearn/metrics/_ranking.py:424: UndefinedMetricWarning: Only one class is present in y_true. ROC AUC score is not defined in that case.
  warnings.warn(
/workspace/miniforge3/envs/ehrsequencing/lib/python3.10/site-packages/sklearn/metrics/_ranking.py:424: UndefinedMetricWarning: Only one class is present in y_true. ROC AUC score is not defined in that case.
  warnings.warn(
/workspace/miniforge3/envs/ehrsequencing/lib/python3.10/site-packages/sklearn/metrics/_ranking.py:424: UndefinedMetricWarning: Only one class is present in y_true. ROC AUC score is not defined in that case.
  warnings.warn(
/workspace/miniforge3/envs/ehrsequencing/lib/python3.10/site-packages/sklearn/metrics/_ranking.py:424: UndefinedMetricWarning: Only one class is present in y_true. ROC AUC score is not defined in that case.
  warnings.warn(
/workspace/miniforge3/envs/ehrsequencing/lib/python3.10/site-packages/sklearn/metrics/_ranking.py:424: UndefinedMetricWarning: Only one class is present in y_true. ROC AUC score is not defined in that case.
  warnings.warn(
/workspace/miniforge3/envs/ehrsequencing/lib/python3.10/site-packages/sklearn/metrics/_ranking.py:424: UndefinedMetricWarning: Only one class is present in y_true. ROC AUC score is not defined in that case.
  warnings.warn(
/workspace/miniforge3/envs/ehrsequencing/lib/python3.10/site-packages/sklearn/metrics/_ranking.py:424: UndefinedMetricWarning: Only one class is present in y_true. ROC AUC score is not defined in that case.
  warnings.warn(
/workspace/miniforge3/envs/ehrsequencing/lib/python3.10/site-packages/sklearn/metrics/_ranking.py:424: UndefinedMetricWarning: Only one class is present in y_true. ROC AUC score is not defined in that case.
  warnings.warn(
/workspace/miniforge3/envs/ehrsequencing/lib/python3.10/site-packages/sklearn/metrics/_ranking.py:424: UndefinedMetricWarning: Only one class is present in y_true. ROC AUC score is not defined in that case.
  warnings.warn(
/workspace/miniforge3/envs/ehrsequencing/lib/python3.10/site-packages/sklearn/metrics/_ranking.py:1046: UserWarning: No positive class found in y_true, recall is set to one for all thresholds.
  warnings.warn(
/workspace/miniforge3/envs/ehrsequencing/lib/python3.10/site-packages/sklearn/metrics/_ranking.py:1046: UserWarning: No positive class found in y_true, recall is set to one for all thresholds.
  warnings.warn(
/workspace/miniforge3/envs/ehrsequencing/lib/python3.10/site-packages/sklearn/metrics/_ranking.py:1046: UserWarning: No positive class found in y_true, recall is set to one for all thresholds.
  warnings.warn(
/workspace/miniforge3/envs/ehrsequencing/lib/python3.10/site-packages/sklearn/metrics/_ranking.py:1046: UserWarning: No positive class found in y_true, recall is set to one for all thresholds.
  warnings.warn(
/workspace/miniforge3/envs/ehrsequencing/lib/python3.10/site-packages/sklearn/metrics/_ranking.py:1046: UserWarning: No positive class found in y_true, recall is set to one for all thresholds.
  warnings.warn(
/workspace/miniforge3/envs/ehrsequencing/lib/python3.10/site-packages/sklearn/metrics/_ranking.py:1046: UserWarning: No positive class found in y_true, recall is set to one for all thresholds.
  warnings.warn(
/workspace/miniforge3/envs/ehrsequencing/lib/python3.10/site-packages/sklearn/metrics/_ranking.py:1046: UserWarning: No positive class found in y_true, recall is set to one for all thresholds.
  warnings.warn(
/workspace/miniforge3/envs/ehrsequencing/lib/python3.10/site-packages/sklearn/metrics/_ranking.py:1046: UserWarning: No positive class found in y_true, recall is set to one for all thresholds.
  warnings.warn(
/workspace/miniforge3/envs/ehrsequencing/lib/python3.10/site-packages/sklearn/metrics/_ranking.py:1046: UserWarning: No positive class found in y_true, recall is set to one for all thresholds.
  warnings.warn(
/workspace/miniforge3/envs/ehrsequencing/lib/python3.10/site-packages/sklearn/metrics/_ranking.py:1046: UserWarning: No positive class found in y_true, recall is set to one for all thresholds.
  warnings.warn(
/workspace/miniforge3/envs/ehrsequencing/lib/python3.10/site-packages/sklearn/metrics/_ranking.py:1046: UserWarning: No positive class found in y_true, recall is set to one for all thresholds.
  warnings.warn(
/workspace/miniforge3/envs/ehrsequencing/lib/python3.10/site-packages/sklearn/metrics/_ranking.py:1046: UserWarning: No positive class found in y_true, recall is set to one for all thresholds.
  warnings.warn(
/workspace/miniforge3/envs/ehrsequencing/lib/python3.10/site-packages/sklearn/metrics/_ranking.py:1046: UserWarning: No positive class found in y_true, recall is set to one for all thresholds.
  warnings.warn(
/workspace/miniforge3/envs/ehrsequencing/lib/python3.10/site-packages/sklearn/metrics/_ranking.py:1046: UserWarning: No positive class found in y_true, recall is set to one for all thresholds.
  warnings.warn(
/workspace/miniforge3/envs/ehrsequencing/lib/python3.10/site-packages/sklearn/metrics/_ranking.py:1046: UserWarning: No positive class found in y_true, recall is set to one for all thresholds.
  warnings.warn(
/workspace/miniforge3/envs/ehrsequencing/lib/python3.10/site-packages/sklearn/metrics/_ranking.py:1046: UserWarning: No positive class found in y_true, recall is set to one for all thresholds.
  warnings.warn(
/workspace/miniforge3/envs/ehrsequencing/lib/python3.10/site-packages/sklearn/metrics/_ranking.py:1046: UserWarning: No positive class found in y_true, recall is set to one for all thresholds.
  warnings.warn(
/workspace/miniforge3/envs/ehrsequencing/lib/python3.10/site-packages/sklearn/metrics/_ranking.py:1046: UserWarning: No positive class found in y_true, recall is set to one for all thresholds.
  warnings.warn(
/workspace/miniforge3/envs/ehrsequencing/lib/python3.10/site-packages/sklearn/metrics/_ranking.py:1046: UserWarning: No positive class found in y_true, recall is set to one for all thresholds.
  warnings.warn(
/workspace/miniforge3/envs/ehrsequencing/lib/python3.10/site-packages/sklearn/metrics/_ranking.py:1046: UserWarning: No positive class found in y_true, recall is set to one for all thresholds.
  warnings.warn(
/workspace/miniforge3/envs/ehrsequencing/lib/python3.10/site-packages/sklearn/metrics/_ranking.py:1046: UserWarning: No positive class found in y_true, recall is set to one for all thresholds.
  warnings.warn(
/workspace/miniforge3/envs/ehrsequencing/lib/python3.10/site-packages/sklearn/metrics/_ranking.py:1046: UserWarning: No positive class found in y_true, recall is set to one for all thresholds.
  warnings.warn(
/workspace/miniforge3/envs/ehrsequencing/lib/python3.10/site-packages/sklearn/metrics/_ranking.py:1046: UserWarning: No positive class found in y_true, recall is set to one for all thresholds.
  warnings.warn(
/workspace/miniforge3/envs/ehrsequencing/lib/python3.10/site-packages/sklearn/metrics/_ranking.py:1046: UserWarning: No positive class found in y_true, recall is set to one for all thresholds.
  warnings.warn(
/workspace/miniforge3/envs/ehrsequencing/lib/python3.10/site-packages/sklearn/metrics/_ranking.py:1046: UserWarning: No positive class found in y_true, recall is set to one for all thresholds.
  warnings.warn(
/workspace/miniforge3/envs/ehrsequencing/lib/python3.10/site-packages/sklearn/metrics/_ranking.py:1046: UserWarning: No positive class found in y_true, recall is set to one for all thresholds.
  warnings.warn(
/workspace/miniforge3/envs/ehrsequencing/lib/python3.10/site-packages/sklearn/metrics/_ranking.py:1046: UserWarning: No positive class found in y_true, recall is set to one for all thresholds.
  warnings.warn(
/workspace/miniforge3/envs/ehrsequencing/lib/python3.10/site-packages/sklearn/metrics/_ranking.py:1046: UserWarning: No positive class found in y_true, recall is set to one for all thresholds.
  warnings.warn(
/workspace/miniforge3/envs/ehrsequencing/lib/python3.10/site-packages/sklearn/metrics/_ranking.py:1046: UserWarning: No positive class found in y_true, recall is set to one for all thresholds.
  warnings.warn(
/workspace/miniforge3/envs/ehrsequencing/lib/python3.10/site-packages/sklearn/metrics/_ranking.py:1046: UserWarning: No positive class found in y_true, recall is set to one for all thresholds.
  warnings.warn(
/workspace/miniforge3/envs/ehrsequencing/lib/python3.10/site-packages/sklearn/metrics/_ranking.py:1046: UserWarning: No positive class found in y_true, recall is set to one for all thresholds.
  warnings.warn(
/workspace/miniforge3/envs/ehrsequencing/lib/python3.10/site-packages/sklearn/metrics/_ranking.py:1046: UserWarning: No positive class found in y_true, recall is set to one for all thresholds.
  warnings.warn(
/workspace/miniforge3/envs/ehrsequencing/lib/python3.10/site-packages/sklearn/metrics/_ranking.py:1046: UserWarning: No positive class found in y_true, recall is set to one for all thresholds.
  warnings.warn(
/workspace/miniforge3/envs/ehrsequencing/lib/python3.10/site-packages/sklearn/metrics/_ranking.py:1046: UserWarning: No positive class found in y_true, recall is set to one for all thresholds.
  warnings.warn(
/workspace/miniforge3/envs/ehrsequencing/lib/python3.10/site-packages/sklearn/metrics/_ranking.py:1046: UserWarning: No positive class found in y_true, recall is set to one for all thresholds.
  warnings.warn(
/workspace/miniforge3/envs/ehrsequencing/lib/python3.10/site-packages/sklearn/metrics/_ranking.py:1046: UserWarning: No positive class found in y_true, recall is set to one for all thresholds.
  warnings.warn(
/workspace/miniforge3/envs/ehrsequencing/lib/python3.10/site-packages/sklearn/metrics/_ranking.py:1046: UserWarning: No positive class found in y_true, recall is set to one for all thresholds.
  warnings.warn(
/workspace/miniforge3/envs/ehrsequencing/lib/python3.10/site-packages/sklearn/metrics/_ranking.py:1046: UserWarning: No positive class found in y_true, recall is set to one for all thresholds.
  warnings.warn(
/workspace/miniforge3/envs/ehrsequencing/lib/python3.10/site-packages/sklearn/metrics/_ranking.py:1046: UserWarning: No positive class found in y_true, recall is set to one for all thresholds.
  warnings.warn(
/workspace/miniforge3/envs/ehrsequencing/lib/python3.10/site-packages/sklearn/metrics/_ranking.py:1046: UserWarning: No positive class found in y_true, recall is set to one for all thresholds.
  warnings.warn(
/workspace/miniforge3/envs/ehrsequencing/lib/python3.10/site-packages/sklearn/metrics/_ranking.py:1046: UserWarning: No positive class found in y_true, recall is set to one for all thresholds.
  warnings.warn(
/workspace/miniforge3/envs/ehrsequencing/lib/python3.10/site-packages/sklearn/metrics/_ranking.py:1046: UserWarning: No positive class found in y_true, recall is set to one for all thresholds.
  warnings.warn(
/workspace/miniforge3/envs/ehrsequencing/lib/python3.10/site-packages/sklearn/metrics/_ranking.py:1046: UserWarning: No positive class found in y_true, recall is set to one for all thresholds.
  warnings.warn(
/workspace/miniforge3/envs/ehrsequencing/lib/python3.10/site-packages/sklearn/metrics/_ranking.py:1046: UserWarning: No positive class found in y_true, recall is set to one for all thresholds.
  warnings.warn(
/workspace/miniforge3/envs/ehrsequencing/lib/python3.10/site-packages/sklearn/metrics/_ranking.py:1046: UserWarning: No positive class found in y_true, recall is set to one for all thresholds.
  warnings.warn(
/workspace/miniforge3/envs/ehrsequencing/lib/python3.10/site-packages/sklearn/metrics/_ranking.py:1046: UserWarning: No positive class found in y_true, recall is set to one for all thresholds.
  warnings.warn(
/workspace/miniforge3/envs/ehrsequencing/lib/python3.10/site-packages/sklearn/metrics/_ranking.py:1046: UserWarning: No positive class found in y_true, recall is set to one for all thresholds.
  warnings.warn(
/workspace/miniforge3/envs/ehrsequencing/lib/python3.10/site-packages/sklearn/metrics/_ranking.py:1046: UserWarning: No positive class found in y_true, recall is set to one for all thresholds.
  warnings.warn(
/workspace/miniforge3/envs/ehrsequencing/lib/python3.10/site-packages/sklearn/metrics/_ranking.py:1046: UserWarning: No positive class found in y_true, recall is set to one for all thresholds.
  warnings.warn(
/workspace/miniforge3/envs/ehrsequencing/lib/python3.10/site-packages/sklearn/metrics/_ranking.py:1046: UserWarning: No positive class found in y_true, recall is set to one for all thresholds.
  warnings.warn(
/workspace/miniforge3/envs/ehrsequencing/lib/python3.10/site-packages/sklearn/metrics/_ranking.py:1046: UserWarning: No positive class found in y_true, recall is set to one for all thresholds.
  warnings.warn(
/workspace/miniforge3/envs/ehrsequencing/lib/python3.10/site-packages/sklearn/metrics/_ranking.py:1046: UserWarning: No positive class found in y_true, recall is set to one for all thresholds.
  warnings.warn(
/workspace/miniforge3/envs/ehrsequencing/lib/python3.10/site-packages/sklearn/metrics/_ranking.py:1046: UserWarning: No positive class found in y_true, recall is set to one for all thresholds.
  warnings.warn(
/workspace/miniforge3/envs/ehrsequencing/lib/python3.10/site-packages/sklearn/metrics/_ranking.py:1046: UserWarning: No positive class found in y_true, recall is set to one for all thresholds.
  warnings.warn(
/workspace/miniforge3/envs/ehrsequencing/lib/python3.10/site-packages/sklearn/metrics/_ranking.py:1046: UserWarning: No positive class found in y_true, recall is set to one for all thresholds.
  warnings.warn(
/workspace/miniforge3/envs/ehrsequencing/lib/python3.10/site-packages/sklearn/metrics/_ranking.py:1046: UserWarning: No positive class found in y_true, recall is set to one for all thresholds.
  warnings.warn(
/workspace/miniforge3/envs/ehrsequencing/lib/python3.10/site-packages/sklearn/metrics/_ranking.py:1046: UserWarning: No positive class found in y_true, recall is set to one for all thresholds.
  warnings.warn(
/workspace/miniforge3/envs/ehrsequencing/lib/python3.10/site-packages/sklearn/metrics/_ranking.py:1046: UserWarning: No positive class found in y_true, recall is set to one for all thresholds.
  warnings.warn(
/workspace/miniforge3/envs/ehrsequencing/lib/python3.10/site-packages/sklearn/metrics/_ranking.py:1046: UserWarning: No positive class found in y_true, recall is set to one for all thresholds.
  warnings.warn(
/workspace/miniforge3/envs/ehrsequencing/lib/python3.10/site-packages/sklearn/metrics/_ranking.py:1046: UserWarning: No positive class found in y_true, recall is set to one for all thresholds.
  warnings.warn(
/workspace/miniforge3/envs/ehrsequencing/lib/python3.10/site-packages/sklearn/metrics/_ranking.py:1046: UserWarning: No positive class found in y_true, recall is set to one for all thresholds.
  warnings.warn(
/workspace/miniforge3/envs/ehrsequencing/lib/python3.10/site-packages/sklearn/metrics/_ranking.py:1046: UserWarning: No positive class found in y_true, recall is set to one for all thresholds.
  warnings.warn(
/workspace/miniforge3/envs/ehrsequencing/lib/python3.10/site-packages/sklearn/metrics/_ranking.py:1046: UserWarning: No positive class found in y_true, recall is set to one for all thresholds.
  warnings.warn(
/workspace/miniforge3/envs/ehrsequencing/lib/python3.10/site-packages/sklearn/metrics/_ranking.py:1046: UserWarning: No positive class found in y_true, recall is set to one for all thresholds.
  warnings.warn(
/workspace/miniforge3/envs/ehrsequencing/lib/python3.10/site-packages/sklearn/metrics/_ranking.py:1046: UserWarning: No positive class found in y_true, recall is set to one for all thresholds.
  warnings.warn(
/workspace/miniforge3/envs/ehrsequencing/lib/python3.10/site-packages/sklearn/metrics/_ranking.py:1046: UserWarning: No positive class found in y_true, recall is set to one for all thresholds.
  warnings.warn(
/workspace/miniforge3/envs/ehrsequencing/lib/python3.10/site-packages/sklearn/metrics/_ranking.py:1046: UserWarning: No positive class found in y_true, recall is set to one for all thresholds.
  warnings.warn(
/workspace/miniforge3/envs/ehrsequencing/lib/python3.10/site-packages/sklearn/metrics/_ranking.py:1046: UserWarning: No positive class found in y_true, recall is set to one for all thresholds.
  warnings.warn(
/workspace/miniforge3/envs/ehrsequencing/lib/python3.10/site-packages/sklearn/metrics/_ranking.py:1046: UserWarning: No positive class found in y_true, recall is set to one for all thresholds.
  warnings.warn(
/workspace/miniforge3/envs/ehrsequencing/lib/python3.10/site-packages/sklearn/metrics/_ranking.py:1046: UserWarning: No positive class found in y_true, recall is set to one for all thresholds.
  warnings.warn(
/workspace/miniforge3/envs/ehrsequencing/lib/python3.10/site-packages/sklearn/metrics/_ranking.py:1046: UserWarning: No positive class found in y_true, recall is set to one for all thresholds.
  warnings.warn(
/workspace/miniforge3/envs/ehrsequencing/lib/python3.10/site-packages/sklearn/metrics/_ranking.py:1046: UserWarning: No positive class found in y_true, recall is set to one for all thresholds.
  warnings.warn(
/workspace/miniforge3/envs/ehrsequencing/lib/python3.10/site-packages/sklearn/metrics/_ranking.py:1046: UserWarning: No positive class found in y_true, recall is set to one for all thresholds.
  warnings.warn(
/workspace/miniforge3/envs/ehrsequencing/lib/python3.10/site-packages/sklearn/metrics/_ranking.py:1046: UserWarning: No positive class found in y_true, recall is set to one for all thresholds.
  warnings.warn(
/workspace/miniforge3/envs/ehrsequencing/lib/python3.10/site-packages/sklearn/metrics/_ranking.py:1046: UserWarning: No positive class found in y_true, recall is set to one for all thresholds.
  warnings.warn(
/workspace/miniforge3/envs/ehrsequencing/lib/python3.10/site-packages/sklearn/metrics/_ranking.py:1046: UserWarning: No positive class found in y_true, recall is set to one for all thresholds.
  warnings.warn(
/workspace/miniforge3/envs/ehrsequencing/lib/python3.10/site-packages/sklearn/metrics/_ranking.py:1046: UserWarning: No positive class found in y_true, recall is set to one for all thresholds.
  warnings.warn(
/workspace/miniforge3/envs/ehrsequencing/lib/python3.10/site-packages/sklearn/metrics/_ranking.py:1046: UserWarning: No positive class found in y_true, recall is set to one for all thresholds.
  warnings.warn(
/workspace/miniforge3/envs/ehrsequencing/lib/python3.10/site-packages/sklearn/metrics/_ranking.py:1046: UserWarning: No positive class found in y_true, recall is set to one for all thresholds.
  warnings.warn(
/workspace/miniforge3/envs/ehrsequencing/lib/python3.10/site-packages/sklearn/metrics/_ranking.py:1046: UserWarning: No positive class found in y_true, recall is set to one for all thresholds.
  warnings.warn(
/workspace/miniforge3/envs/ehrsequencing/lib/python3.10/site-packages/sklearn/metrics/_ranking.py:1046: UserWarning: No positive class found in y_true, recall is set to one for all thresholds.
  warnings.warn(
/workspace/miniforge3/envs/ehrsequencing/lib/python3.10/site-packages/sklearn/metrics/_ranking.py:1046: UserWarning: No positive class found in y_true, recall is set to one for all thresholds.
  warnings.warn(
/workspace/miniforge3/envs/ehrsequencing/lib/python3.10/site-packages/sklearn/metrics/_ranking.py:1046: UserWarning: No positive class found in y_true, recall is set to one for all thresholds.
  warnings.warn(
/workspace/miniforge3/envs/ehrsequencing/lib/python3.10/site-packages/sklearn/metrics/_ranking.py:1046: UserWarning: No positive class found in y_true, recall is set to one for all thresholds.
  warnings.warn(
/workspace/miniforge3/envs/ehrsequencing/lib/python3.10/site-packages/sklearn/metrics/_ranking.py:1046: UserWarning: No positive class found in y_true, recall is set to one for all thresholds.
  warnings.warn(
/workspace/miniforge3/envs/ehrsequencing/lib/python3.10/site-packages/sklearn/metrics/_ranking.py:1046: UserWarning: No positive class found in y_true, recall is set to one for all thresholds.
  warnings.warn(
/workspace/miniforge3/envs/ehrsequencing/lib/python3.10/site-packages/sklearn/metrics/_ranking.py:1046: UserWarning: No positive class found in y_true, recall is set to one for all thresholds.
  warnings.warn(
/workspace/miniforge3/envs/ehrsequencing/lib/python3.10/site-packages/sklearn/metrics/_ranking.py:1046: UserWarning: No positive class found in y_true, recall is set to one for all thresholds.
  warnings.warn(
/workspace/miniforge3/envs/ehrsequencing/lib/python3.10/site-packages/sklearn/metrics/_ranking.py:1046: UserWarning: No positive class found in y_true, recall is set to one for all thresholds.
  warnings.warn(
/workspace/miniforge3/envs/ehrsequencing/lib/python3.10/site-packages/sklearn/metrics/_ranking.py:1046: UserWarning: No positive class found in y_true, recall is set to one for all thresholds.
  warnings.warn(
/workspace/miniforge3/envs/ehrsequencing/lib/python3.10/site-packages/sklearn/metrics/_ranking.py:1046: UserWarning: No positive class found in y_true, recall is set to one for all thresholds.
  warnings.warn(
/workspace/miniforge3/envs/ehrsequencing/lib/python3.10/site-packages/sklearn/metrics/_ranking.py:1046: UserWarning: No positive class found in y_true, recall is set to one for all thresholds.
  warnings.warn(
/workspace/miniforge3/envs/ehrsequencing/lib/python3.10/site-packages/sklearn/metrics/_ranking.py:1046: UserWarning: No positive class found in y_true, recall is set to one for all thresholds.
  warnings.warn(
/workspace/miniforge3/envs/ehrsequencing/lib/python3.10/site-packages/sklearn/metrics/_ranking.py:1046: UserWarning: No positive class found in y_true, recall is set to one for all thresholds.
  warnings.warn(
/workspace/miniforge3/envs/ehrsequencing/lib/python3.10/site-packages/sklearn/metrics/_ranking.py:1046: UserWarning: No positive class found in y_true, recall is set to one for all thresholds.
  warnings.warn(
/workspace/miniforge3/envs/ehrsequencing/lib/python3.10/site-packages/sklearn/metrics/_ranking.py:1046: UserWarning: No positive class found in y_true, recall is set to one for all thresholds.
  warnings.warn(
/workspace/miniforge3/envs/ehrsequencing/lib/python3.10/site-packages/sklearn/metrics/_ranking.py:1046: UserWarning: No positive class found in y_true, recall is set to one for all thresholds.
  warnings.warn(
/workspace/miniforge3/envs/ehrsequencing/lib/python3.10/site-packages/sklearn/metrics/_ranking.py:1046: UserWarning: No positive class found in y_true, recall is set to one for all thresholds.
  warnings.warn(
/workspace/miniforge3/envs/ehrsequencing/lib/python3.10/site-packages/sklearn/metrics/_ranking.py:1046: UserWarning: No positive class found in y_true, recall is set to one for all thresholds.
  warnings.warn(
/workspace/miniforge3/envs/ehrsequencing/lib/python3.10/site-packages/sklearn/metrics/_ranking.py:1046: UserWarning: No positive class found in y_true, recall is set to one for all thresholds.
  warnings.warn(
/workspace/miniforge3/envs/ehrsequencing/lib/python3.10/site-packages/sklearn/metrics/_ranking.py:1046: UserWarning: No positive class found in y_true, recall is set to one for all thresholds.
  warnings.warn(
/workspace/miniforge3/envs/ehrsequencing/lib/python3.10/site-packages/sklearn/metrics/_ranking.py:1046: UserWarning: No positive class found in y_true, recall is set to one for all thresholds.
  warnings.warn(
/workspace/miniforge3/envs/ehrsequencing/lib/python3.10/site-packages/sklearn/metrics/_ranking.py:1046: UserWarning: No positive class found in y_true, recall is set to one for all thresholds.
  warnings.warn(
/workspace/miniforge3/envs/ehrsequencing/lib/python3.10/site-packages/sklearn/metrics/_ranking.py:1046: UserWarning: No positive class found in y_true, recall is set to one for all thresholds.
  warnings.warn(
/workspace/miniforge3/envs/ehrsequencing/lib/python3.10/site-packages/sklearn/metrics/_ranking.py:1046: UserWarning: No positive class found in y_true, recall is set to one for all thresholds.
  warnings.warn(
/workspace/miniforge3/envs/ehrsequencing/lib/python3.10/site-packages/sklearn/metrics/_ranking.py:1046: UserWarning: No positive class found in y_true, recall is set to one for all thresholds.
  warnings.warn(
/workspace/miniforge3/envs/ehrsequencing/lib/python3.10/site-packages/sklearn/metrics/_ranking.py:1046: UserWarning: No positive class found in y_true, recall is set to one for all thresholds.
  warnings.warn(
/workspace/miniforge3/envs/ehrsequencing/lib/python3.10/site-packages/sklearn/metrics/_ranking.py:1046: UserWarning: No positive class found in y_true, recall is set to one for all thresholds.
  warnings.warn(
/workspace/miniforge3/envs/ehrsequencing/lib/python3.10/site-packages/sklearn/metrics/_ranking.py:1046: UserWarning: No positive class found in y_true, recall is set to one for all thresholds.
  warnings.warn(
/workspace/miniforge3/envs/ehrsequencing/lib/python3.10/site-packages/sklearn/metrics/_ranking.py:1046: UserWarning: No positive class found in y_true, recall is set to one for all thresholds.
  warnings.warn(
/workspace/miniforge3/envs/ehrsequencing/lib/python3.10/site-packages/sklearn/metrics/_ranking.py:1046: UserWarning: No positive class found in y_true, recall is set to one for all thresholds.
  warnings.warn(
/workspace/miniforge3/envs/ehrsequencing/lib/python3.10/site-packages/sklearn/metrics/_ranking.py:1046: UserWarning: No positive class found in y_true, recall is set to one for all thresholds.
  warnings.warn(
/workspace/miniforge3/envs/ehrsequencing/lib/python3.10/site-packages/sklearn/metrics/_ranking.py:1046: UserWarning: No positive class found in y_true, recall is set to one for all thresholds.
  warnings.warn(
/workspace/miniforge3/envs/ehrsequencing/lib/python3.10/site-packages/sklearn/metrics/_ranking.py:1046: UserWarning: No positive class found in y_true, recall is set to one for all thresholds.
  warnings.warn(
/workspace/miniforge3/envs/ehrsequencing/lib/python3.10/site-packages/sklearn/metrics/_ranking.py:1046: UserWarning: No positive class found in y_true, recall is set to one for all thresholds.
  warnings.warn(
/workspace/miniforge3/envs/ehrsequencing/lib/python3.10/site-packages/sklearn/metrics/_ranking.py:1046: UserWarning: No positive class found in y_true, recall is set to one for all thresholds.
  warnings.warn(
/workspace/miniforge3/envs/ehrsequencing/lib/python3.10/site-packages/sklearn/metrics/_ranking.py:1046: UserWarning: No positive class found in y_true, recall is set to one for all thresholds.
  warnings.warn(
/workspace/miniforge3/envs/ehrsequencing/lib/python3.10/site-packages/sklearn/metrics/_ranking.py:1046: UserWarning: No positive class found in y_true, recall is set to one for all thresholds.
  warnings.warn(
/workspace/miniforge3/envs/ehrsequencing/lib/python3.10/site-packages/sklearn/metrics/_ranking.py:1046: UserWarning: No positive class found in y_true, recall is set to one for all thresholds.
  warnings.warn(
/workspace/miniforge3/envs/ehrsequencing/lib/python3.10/site-packages/sklearn/metrics/_ranking.py:1046: UserWarning: No positive class found in y_true, recall is set to one for all thresholds.
  warnings.warn(
/workspace/miniforge3/envs/ehrsequencing/lib/python3.10/site-packages/sklearn/metrics/_ranking.py:1046: UserWarning: No positive class found in y_true, recall is set to one for all thresholds.
  warnings.warn(
/workspace/miniforge3/envs/ehrsequencing/lib/python3.10/site-packages/sklearn/metrics/_ranking.py:1046: UserWarning: No positive class found in y_true, recall is set to one for all thresholds.
  warnings.warn(
/workspace/miniforge3/envs/ehrsequencing/lib/python3.10/site-packages/sklearn/metrics/_ranking.py:1046: UserWarning: No positive class found in y_true, recall is set to one for all thresholds.
  warnings.warn(
/workspace/miniforge3/envs/ehrsequencing/lib/python3.10/site-packages/sklearn/metrics/_ranking.py:1046: UserWarning: No positive class found in y_true, recall is set to one for all thresholds.
  warnings.warn(
/workspace/miniforge3/envs/ehrsequencing/lib/python3.10/site-packages/sklearn/metrics/_ranking.py:1046: UserWarning: No positive class found in y_true, recall is set to one for all thresholds.
  warnings.warn(
/workspace/miniforge3/envs/ehrsequencing/lib/python3.10/site-packages/sklearn/metrics/_ranking.py:1046: UserWarning: No positive class found in y_true, recall is set to one for all thresholds.
  warnings.warn(
/workspace/miniforge3/envs/ehrsequencing/lib/python3.10/site-packages/sklearn/metrics/_ranking.py:1046: UserWarning: No positive class found in y_true, recall is set to one for all thresholds.
  warnings.warn(
/workspace/miniforge3/envs/ehrsequencing/lib/python3.10/site-packages/sklearn/metrics/_ranking.py:1046: UserWarning: No positive class found in y_true, recall is set to one for all thresholds.
  warnings.warn(
/workspace/miniforge3/envs/ehrsequencing/lib/python3.10/site-packages/sklearn/metrics/_ranking.py:1046: UserWarning: No positive class found in y_true, recall is set to one for all thresholds.
  warnings.warn(
/workspace/miniforge3/envs/ehrsequencing/lib/python3.10/site-packages/sklearn/metrics/_ranking.py:1046: UserWarning: No positive class found in y_true, recall is set to one for all thresholds.
  warnings.warn(
/workspace/miniforge3/envs/ehrsequencing/lib/python3.10/site-packages/sklearn/metrics/_ranking.py:1046: UserWarning: No positive class found in y_true, recall is set to one for all thresholds.
  warnings.warn(
/workspace/miniforge3/envs/ehrsequencing/lib/python3.10/site-packages/sklearn/metrics/_ranking.py:1046: UserWarning: No positive class found in y_true, recall is set to one for all thresholds.
  warnings.warn(
/workspace/miniforge3/envs/ehrsequencing/lib/python3.10/site-packages/sklearn/metrics/_ranking.py:1046: UserWarning: No positive class found in y_true, recall is set to one for all thresholds.
  warnings.warn(
/workspace/miniforge3/envs/ehrsequencing/lib/python3.10/site-packages/sklearn/metrics/_ranking.py:1046: UserWarning: No positive class found in y_true, recall is set to one for all thresholds.
  warnings.warn(
/workspace/miniforge3/envs/ehrsequencing/lib/python3.10/site-packages/sklearn/metrics/_ranking.py:1046: UserWarning: No positive class found in y_true, recall is set to one for all thresholds.
  warnings.warn(
/workspace/miniforge3/envs/ehrsequencing/lib/python3.10/site-packages/sklearn/metrics/_ranking.py:1046: UserWarning: No positive class found in y_true, recall is set to one for all thresholds.
  warnings.warn(
/workspace/miniforge3/envs/ehrsequencing/lib/python3.10/site-packages/sklearn/metrics/_ranking.py:1046: UserWarning: No positive class found in y_true, recall is set to one for all thresholds.
  warnings.warn(
/workspace/miniforge3/envs/ehrsequencing/lib/python3.10/site-packages/sklearn/metrics/_ranking.py:1046: UserWarning: No positive class found in y_true, recall is set to one for all thresholds.
  warnings.warn(
/workspace/miniforge3/envs/ehrsequencing/lib/python3.10/site-packages/sklearn/metrics/_ranking.py:1046: UserWarning: No positive class found in y_true, recall is set to one for all thresholds.
  warnings.warn(
/workspace/miniforge3/envs/ehrsequencing/lib/python3.10/site-packages/sklearn/metrics/_ranking.py:1046: UserWarning: No positive class found in y_true, recall is set to one for all thresholds.
  warnings.warn(
/workspace/miniforge3/envs/ehrsequencing/lib/python3.10/site-packages/sklearn/metrics/_ranking.py:1046: UserWarning: No positive class found in y_true, recall is set to one for all thresholds.
  warnings.warn(
/workspace/miniforge3/envs/ehrsequencing/lib/python3.10/site-packages/sklearn/metrics/_ranking.py:1046: UserWarning: No positive class found in y_true, recall is set to one for all thresholds.
  warnings.warn(
/workspace/miniforge3/envs/ehrsequencing/lib/python3.10/site-packages/sklearn/metrics/_ranking.py:1046: UserWarning: No positive class found in y_true, recall is set to one for all thresholds.
  warnings.warn(
/workspace/miniforge3/envs/ehrsequencing/lib/python3.10/site-packages/sklearn/metrics/_ranking.py:1046: UserWarning: No positive class found in y_true, recall is set to one for all thresholds.
  warnings.warn(
/workspace/miniforge3/envs/ehrsequencing/lib/python3.10/site-packages/sklearn/metrics/_ranking.py:1046: UserWarning: No positive class found in y_true, recall is set to one for all thresholds.
  warnings.warn(
/workspace/miniforge3/envs/ehrsequencing/lib/python3.10/site-packages/sklearn/metrics/_ranking.py:1046: UserWarning: No positive class found in y_true, recall is set to one for all thresholds.
  warnings.warn(
/workspace/miniforge3/envs/ehrsequencing/lib/python3.10/site-packages/sklearn/metrics/_ranking.py:1046: UserWarning: No positive class found in y_true, recall is set to one for all thresholds.
  warnings.warn(
/workspace/miniforge3/envs/ehrsequencing/lib/python3.10/site-packages/sklearn/metrics/_ranking.py:1046: UserWarning: No positive class found in y_true, recall is set to one for all thresholds.
  warnings.warn(
/workspace/miniforge3/envs/ehrsequencing/lib/python3.10/site-packages/sklearn/metrics/_ranking.py:1046: UserWarning: No positive class found in y_true, recall is set to one for all thresholds.
  warnings.warn(
/workspace/miniforge3/envs/ehrsequencing/lib/python3.10/site-packages/sklearn/metrics/_ranking.py:1046: UserWarning: No positive class found in y_true, recall is set to one for all thresholds.
  warnings.warn(
/workspace/miniforge3/envs/ehrsequencing/lib/python3.10/site-packages/sklearn/metrics/_ranking.py:1046: UserWarning: No positive class found in y_true, recall is set to one for all thresholds.
  warnings.warn(
/workspace/miniforge3/envs/ehrsequencing/lib/python3.10/site-packages/sklearn/metrics/_ranking.py:1046: UserWarning: No positive class found in y_true, recall is set to one for all thresholds.
  warnings.warn(
/workspace/miniforge3/envs/ehrsequencing/lib/python3.10/site-packages/sklearn/metrics/_ranking.py:1046: UserWarning: No positive class found in y_true, recall is set to one for all thresholds.
  warnings.warn(
/workspace/miniforge3/envs/ehrsequencing/lib/python3.10/site-packages/sklearn/metrics/_ranking.py:1046: UserWarning: No positive class found in y_true, recall is set to one for all thresholds.
  warnings.warn(
/workspace/miniforge3/envs/ehrsequencing/lib/python3.10/site-packages/sklearn/metrics/_ranking.py:1046: UserWarning: No positive class found in y_true, recall is set to one for all thresholds.
  warnings.warn(
/workspace/miniforge3/envs/ehrsequencing/lib/python3.10/site-packages/sklearn/metrics/_ranking.py:1046: UserWarning: No positive class found in y_true, recall is set to one for all thresholds.
  warnings.warn(
/workspace/miniforge3/envs/ehrsequencing/lib/python3.10/site-packages/sklearn/metrics/_ranking.py:1046: UserWarning: No positive class found in y_true, recall is set to one for all thresholds.
  warnings.warn(
/workspace/miniforge3/envs/ehrsequencing/lib/python3.10/site-packages/sklearn/metrics/_ranking.py:1046: UserWarning: No positive class found in y_true, recall is set to one for all thresholds.
  warnings.warn(
/workspace/miniforge3/envs/ehrsequencing/lib/python3.10/site-packages/sklearn/metrics/_ranking.py:1046: UserWarning: No positive class found in y_true, recall is set to one for all thresholds.
  warnings.warn(
/workspace/miniforge3/envs/ehrsequencing/lib/python3.10/site-packages/sklearn/metrics/_ranking.py:1046: UserWarning: No positive class found in y_true, recall is set to one for all thresholds.
  warnings.warn(
/workspace/miniforge3/envs/ehrsequencing/lib/python3.10/site-packages/sklearn/metrics/_ranking.py:1046: UserWarning: No positive class found in y_true, recall is set to one for all thresholds.
  warnings.warn(
/workspace/miniforge3/envs/ehrsequencing/lib/python3.10/site-packages/sklearn/metrics/_ranking.py:1046: UserWarning: No positive class found in y_true, recall is set to one for all thresholds.
  warnings.warn(
/workspace/miniforge3/envs/ehrsequencing/lib/python3.10/site-packages/sklearn/metrics/_ranking.py:1046: UserWarning: No positive class found in y_true, recall is set to one for all thresholds.
  warnings.warn(
/workspace/miniforge3/envs/ehrsequencing/lib/python3.10/site-packages/sklearn/metrics/_ranking.py:1046: UserWarning: No positive class found in y_true, recall is set to one for all thresholds.
  warnings.warn(
/workspace/miniforge3/envs/ehrsequencing/lib/python3.10/site-packages/sklearn/metrics/_ranking.py:1046: UserWarning: No positive class found in y_true, recall is set to one for all thresholds.
  warnings.warn(
/workspace/miniforge3/envs/ehrsequencing/lib/python3.10/site-packages/sklearn/metrics/_ranking.py:1046: UserWarning: No positive class found in y_true, recall is set to one for all thresholds.
  warnings.warn(
/workspace/miniforge3/envs/ehrsequencing/lib/python3.10/site-packages/sklearn/metrics/_ranking.py:1046: UserWarning: No positive class found in y_true, recall is set to one for all thresholds.
  warnings.warn(
/workspace/miniforge3/envs/ehrsequencing/lib/python3.10/site-packages/sklearn/metrics/_ranking.py:1046: UserWarning: No positive class found in y_true, recall is set to one for all thresholds.
  warnings.warn(
/workspace/miniforge3/envs/ehrsequencing/lib/python3.10/site-packages/sklearn/metrics/_ranking.py:1046: UserWarning: No positive class found in y_true, recall is set to one for all thresholds.
  warnings.warn(
/workspace/miniforge3/envs/ehrsequencing/lib/python3.10/site-packages/sklearn/metrics/_ranking.py:1046: UserWarning: No positive class found in y_true, recall is set to one for all thresholds.
  warnings.warn(
/workspace/miniforge3/envs/ehrsequencing/lib/python3.10/site-packages/sklearn/metrics/_ranking.py:1046: UserWarning: No positive class found in y_true, recall is set to one for all thresholds.
  warnings.warn(
/workspace/miniforge3/envs/ehrsequencing/lib/python3.10/site-packages/sklearn/metrics/_ranking.py:1046: UserWarning: No positive class found in y_true, recall is set to one for all thresholds.
  warnings.warn(
/workspace/miniforge3/envs/ehrsequencing/lib/python3.10/site-packages/sklearn/metrics/_ranking.py:1046: UserWarning: No positive class found in y_true, recall is set to one for all thresholds.
  warnings.warn(
/workspace/miniforge3/envs/ehrsequencing/lib/python3.10/site-packages/sklearn/metrics/_ranking.py:1046: UserWarning: No positive class found in y_true, recall is set to one for all thresholds.
  warnings.warn(
/workspace/miniforge3/envs/ehrsequencing/lib/python3.10/site-packages/sklearn/metrics/_ranking.py:1046: UserWarning: No positive class found in y_true, recall is set to one for all thresholds.
  warnings.warn(
/workspace/miniforge3/envs/ehrsequencing/lib/python3.10/site-packages/sklearn/metrics/_ranking.py:1046: UserWarning: No positive class found in y_true, recall is set to one for all thresholds.
  warnings.warn(
/workspace/miniforge3/envs/ehrsequencing/lib/python3.10/site-packages/sklearn/metrics/_ranking.py:1046: UserWarning: No positive class found in y_true, recall is set to one for all thresholds.
  warnings.warn(
/workspace/miniforge3/envs/ehrsequencing/lib/python3.10/site-packages/sklearn/metrics/_ranking.py:1046: UserWarning: No positive class found in y_true, recall is set to one for all thresholds.
  warnings.warn(
/workspace/miniforge3/envs/ehrsequencing/lib/python3.10/site-packages/sklearn/metrics/_ranking.py:1046: UserWarning: No positive class found in y_true, recall is set to one for all thresholds.
  warnings.warn(
/workspace/miniforge3/envs/ehrsequencing/lib/python3.10/site-packages/sklearn/metrics/_ranking.py:1046: UserWarning: No positive class found in y_true, recall is set to one for all thresholds.
  warnings.warn(
/workspace/miniforge3/envs/ehrsequencing/lib/python3.10/site-packages/sklearn/metrics/_ranking.py:1046: UserWarning: No positive class found in y_true, recall is set to one for all thresholds.
  warnings.warn(
/workspace/miniforge3/envs/ehrsequencing/lib/python3.10/site-packages/sklearn/metrics/_ranking.py:1046: UserWarning: No positive class found in y_true, recall is set to one for all thresholds.
  warnings.warn(
/workspace/miniforge3/envs/ehrsequencing/lib/python3.10/site-packages/sklearn/metrics/_ranking.py:1046: UserWarning: No positive class found in y_true, recall is set to one for all thresholds.
  warnings.warn(
/workspace/miniforge3/envs/ehrsequencing/lib/python3.10/site-packages/sklearn/metrics/_ranking.py:1046: UserWarning: No positive class found in y_true, recall is set to one for all thresholds.
  warnings.warn(
/workspace/miniforge3/envs/ehrsequencing/lib/python3.10/site-packages/sklearn/metrics/_ranking.py:1046: UserWarning: No positive class found in y_true, recall is set to one for all thresholds.
  warnings.warn(
/workspace/miniforge3/envs/ehrsequencing/lib/python3.10/site-packages/sklearn/metrics/_ranking.py:1046: UserWarning: No positive class found in y_true, recall is set to one for all thresholds.
  warnings.warn(
/workspace/miniforge3/envs/ehrsequencing/lib/python3.10/site-packages/sklearn/metrics/_ranking.py:1046: UserWarning: No positive class found in y_true, recall is set to one for all thresholds.
  warnings.warn(
/workspace/miniforge3/envs/ehrsequencing/lib/python3.10/site-packages/sklearn/metrics/_ranking.py:1046: UserWarning: No positive class found in y_true, recall is set to one for all thresholds.
  warnings.warn(
/workspace/miniforge3/envs/ehrsequencing/lib/python3.10/site-packages/sklearn/metrics/_ranking.py:1046: UserWarning: No positive class found in y_true, recall is set to one for all thresholds.
  warnings.warn(
/workspace/miniforge3/envs/ehrsequencing/lib/python3.10/site-packages/sklearn/metrics/_ranking.py:1046: UserWarning: No positive class found in y_true, recall is set to one for all thresholds.
  warnings.warn(
/workspace/miniforge3/envs/ehrsequencing/lib/python3.10/site-packages/sklearn/metrics/_ranking.py:1046: UserWarning: No positive class found in y_true, recall is set to one for all thresholds.
  warnings.warn(
/workspace/miniforge3/envs/ehrsequencing/lib/python3.10/site-packages/sklearn/metrics/_ranking.py:1046: UserWarning: No positive class found in y_true, recall is set to one for all thresholds.
  warnings.warn(
/workspace/miniforge3/envs/ehrsequencing/lib/python3.10/site-packages/sklearn/metrics/_ranking.py:1046: UserWarning: No positive class found in y_true, recall is set to one for all thresholds.
  warnings.warn(
/workspace/miniforge3/envs/ehrsequencing/lib/python3.10/site-packages/sklearn/metrics/_ranking.py:1046: UserWarning: No positive class found in y_true, recall is set to one for all thresholds.
  warnings.warn(
/workspace/miniforge3/envs/ehrsequencing/lib/python3.10/site-packages/sklearn/metrics/_ranking.py:1046: UserWarning: No positive class found in y_true, recall is set to one for all thresholds.
  warnings.warn(
/workspace/miniforge3/envs/ehrsequencing/lib/python3.10/site-packages/sklearn/metrics/_ranking.py:1046: UserWarning: No positive class found in y_true, recall is set to one for all thresholds.
  warnings.warn(
/workspace/miniforge3/envs/ehrsequencing/lib/python3.10/site-packages/sklearn/metrics/_ranking.py:1046: UserWarning: No positive class found in y_true, recall is set to one for all thresholds.
  warnings.warn(
/workspace/miniforge3/envs/ehrsequencing/lib/python3.10/site-packages/sklearn/metrics/_ranking.py:1046: UserWarning: No positive class found in y_true, recall is set to one for all thresholds.
  warnings.warn(
/workspace/miniforge3/envs/ehrsequencing/lib/python3.10/site-packages/sklearn/metrics/_ranking.py:1046: UserWarning: No positive class found in y_true, recall is set to one for all thresholds.
  warnings.warn(
/workspace/miniforge3/envs/ehrsequencing/lib/python3.10/site-packages/sklearn/metrics/_ranking.py:1046: UserWarning: No positive class found in y_true, recall is set to one for all thresholds.
  warnings.warn(
/workspace/miniforge3/envs/ehrsequencing/lib/python3.10/site-packages/sklearn/metrics/_ranking.py:1046: UserWarning: No positive class found in y_true, recall is set to one for all thresholds.
  warnings.warn(
/workspace/miniforge3/envs/ehrsequencing/lib/python3.10/site-packages/sklearn/metrics/_ranking.py:1046: UserWarning: No positive class found in y_true, recall is set to one for all thresholds.
  warnings.warn(
/workspace/miniforge3/envs/ehrsequencing/lib/python3.10/site-packages/sklearn/metrics/_ranking.py:1046: UserWarning: No positive class found in y_true, recall is set to one for all thresholds.
  warnings.warn(
/workspace/miniforge3/envs/ehrsequencing/lib/python3.10/site-packages/sklearn/metrics/_ranking.py:1046: UserWarning: No positive class found in y_true, recall is set to one for all thresholds.
  warnings.warn(
/workspace/miniforge3/envs/ehrsequencing/lib/python3.10/site-packages/sklearn/metrics/_ranking.py:1046: UserWarning: No positive class found in y_true, recall is set to one for all thresholds.
  warnings.warn(
/workspace/miniforge3/envs/ehrsequencing/lib/python3.10/site-packages/sklearn/metrics/_ranking.py:1046: UserWarning: No positive class found in y_true, recall is set to one for all thresholds.
  warnings.warn(
/workspace/miniforge3/envs/ehrsequencing/lib/python3.10/site-packages/sklearn/metrics/_ranking.py:1046: UserWarning: No positive class found in y_true, recall is set to one for all thresholds.
  warnings.warn(
/workspace/miniforge3/envs/ehrsequencing/lib/python3.10/site-packages/sklearn/metrics/_ranking.py:1046: UserWarning: No positive class found in y_true, recall is set to one for all thresholds.
  warnings.warn(
/workspace/miniforge3/envs/ehrsequencing/lib/python3.10/site-packages/sklearn/metrics/_ranking.py:1046: UserWarning: No positive class found in y_true, recall is set to one for all thresholds.
  warnings.warn(
/workspace/miniforge3/envs/ehrsequencing/lib/python3.10/site-packages/sklearn/metrics/_ranking.py:1046: UserWarning: No positive class found in y_true, recall is set to one for all thresholds.
  warnings.warn(
/workspace/miniforge3/envs/ehrsequencing/lib/python3.10/site-packages/sklearn/metrics/_ranking.py:1046: UserWarning: No positive class found in y_true, recall is set to one for all thresholds.
  warnings.warn(
/workspace/miniforge3/envs/ehrsequencing/lib/python3.10/site-packages/sklearn/metrics/_ranking.py:1046: UserWarning: No positive class found in y_true, recall is set to one for all thresholds.
  warnings.warn(
/workspace/miniforge3/envs/ehrsequencing/lib/python3.10/site-packages/sklearn/metrics/_ranking.py:1046: UserWarning: No positive class found in y_true, recall is set to one for all thresholds.
  warnings.warn(
/workspace/miniforge3/envs/ehrsequencing/lib/python3.10/site-packages/sklearn/metrics/_ranking.py:1046: UserWarning: No positive class found in y_true, recall is set to one for all thresholds.
  warnings.warn(
/workspace/miniforge3/envs/ehrsequencing/lib/python3.10/site-packages/sklearn/metrics/_ranking.py:1046: UserWarning: No positive class found in y_true, recall is set to one for all thresholds.
  warnings.warn(
/workspace/miniforge3/envs/ehrsequencing/lib/python3.10/site-packages/sklearn/metrics/_ranking.py:1046: UserWarning: No positive class found in y_true, recall is set to one for all thresholds.
  warnings.warn(
/workspace/miniforge3/envs/ehrsequencing/lib/python3.10/site-packages/sklearn/metrics/_ranking.py:1046: UserWarning: No positive class found in y_true, recall is set to one for all thresholds.
  warnings.warn(
/workspace/miniforge3/envs/ehrsequencing/lib/python3.10/site-packages/sklearn/metrics/_ranking.py:1046: UserWarning: No positive class found in y_true, recall is set to one for all thresholds.
  warnings.warn(
/workspace/miniforge3/envs/ehrsequencing/lib/python3.10/site-packages/sklearn/metrics/_ranking.py:1046: UserWarning: No positive class found in y_true, recall is set to one for all thresholds.
  warnings.warn(
/workspace/miniforge3/envs/ehrsequencing/lib/python3.10/site-packages/sklearn/metrics/_ranking.py:1046: UserWarning: No positive class found in y_true, recall is set to one for all thresholds.
  warnings.warn(
/workspace/miniforge3/envs/ehrsequencing/lib/python3.10/site-packages/sklearn/metrics/_ranking.py:1046: UserWarning: No positive class found in y_true, recall is set to one for all thresholds.
  warnings.warn(
/workspace/miniforge3/envs/ehrsequencing/lib/python3.10/site-packages/sklearn/metrics/_ranking.py:1046: UserWarning: No positive class found in y_true, recall is set to one for all thresholds.
  warnings.warn(
/workspace/miniforge3/envs/ehrsequencing/lib/python3.10/site-packages/sklearn/metrics/_ranking.py:1046: UserWarning: No positive class found in y_true, recall is set to one for all thresholds.
  warnings.warn(
/workspace/miniforge3/envs/ehrsequencing/lib/python3.10/site-packages/sklearn/metrics/_ranking.py:1046: UserWarning: No positive class found in y_true, recall is set to one for all thresholds.
  warnings.warn(
/workspace/miniforge3/envs/ehrsequencing/lib/python3.10/site-packages/sklearn/metrics/_ranking.py:1046: UserWarning: No positive class found in y_true, recall is set to one for all thresholds.
  warnings.warn(
/workspace/miniforge3/envs/ehrsequencing/lib/python3.10/site-packages/sklearn/metrics/_ranking.py:1046: UserWarning: No positive class found in y_true, recall is set to one for all thresholds.
  warnings.warn(
/workspace/miniforge3/envs/ehrsequencing/lib/python3.10/site-packages/sklearn/metrics/_ranking.py:1046: UserWarning: No positive class found in y_true, recall is set to one for all thresholds.
  warnings.warn(
/workspace/miniforge3/envs/ehrsequencing/lib/python3.10/site-packages/sklearn/metrics/_ranking.py:1046: UserWarning: No positive class found in y_true, recall is set to one for all thresholds.
  warnings.warn(
/workspace/miniforge3/envs/ehrsequencing/lib/python3.10/site-packages/sklearn/metrics/_ranking.py:1046: UserWarning: No positive class found in y_true, recall is set to one for all thresholds.
  warnings.warn(
/workspace/miniforge3/envs/ehrsequencing/lib/python3.10/site-packages/sklearn/metrics/_ranking.py:1046: UserWarning: No positive class found in y_true, recall is set to one for all thresholds.
  warnings.warn(
/workspace/miniforge3/envs/ehrsequencing/lib/python3.10/site-packages/sklearn/metrics/_ranking.py:1046: UserWarning: No positive class found in y_true, recall is set to one for all thresholds.
  warnings.warn(
/workspace/miniforge3/envs/ehrsequencing/lib/python3.10/site-packages/sklearn/metrics/_ranking.py:1046: UserWarning: No positive class found in y_true, recall is set to one for all thresholds.
  warnings.warn(
/workspace/miniforge3/envs/ehrsequencing/lib/python3.10/site-packages/sklearn/metrics/_ranking.py:1046: UserWarning: No positive class found in y_true, recall is set to one for all thresholds.
  warnings.warn(
/workspace/miniforge3/envs/ehrsequencing/lib/python3.10/site-packages/sklearn/metrics/_ranking.py:1046: UserWarning: No positive class found in y_true, recall is set to one for all thresholds.
  warnings.warn(
/workspace/miniforge3/envs/ehrsequencing/lib/python3.10/site-packages/sklearn/metrics/_ranking.py:1046: UserWarning: No positive class found in y_true, recall is set to one for all thresholds.
  warnings.warn(
/workspace/miniforge3/envs/ehrsequencing/lib/python3.10/site-packages/sklearn/metrics/_ranking.py:1046: UserWarning: No positive class found in y_true, recall is set to one for all thresholds.
  warnings.warn(
/workspace/miniforge3/envs/ehrsequencing/lib/python3.10/site-packages/sklearn/metrics/_ranking.py:1046: UserWarning: No positive class found in y_true, recall is set to one for all thresholds.
  warnings.warn(
/workspace/miniforge3/envs/ehrsequencing/lib/python3.10/site-packages/sklearn/metrics/_ranking.py:1046: UserWarning: No positive class found in y_true, recall is set to one for all thresholds.
  warnings.warn(
/workspace/miniforge3/envs/ehrsequencing/lib/python3.10/site-packages/sklearn/metrics/_ranking.py:1046: UserWarning: No positive class found in y_true, recall is set to one for all thresholds.
  warnings.warn(
/workspace/miniforge3/envs/ehrsequencing/lib/python3.10/site-packages/sklearn/metrics/_ranking.py:1046: UserWarning: No positive class found in y_true, recall is set to one for all thresholds.
  warnings.warn(
/workspace/miniforge3/envs/ehrsequencing/lib/python3.10/site-packages/sklearn/metrics/_ranking.py:1046: UserWarning: No positive class found in y_true, recall is set to one for all thresholds.
  warnings.warn(
/workspace/miniforge3/envs/ehrsequencing/lib/python3.10/site-packages/sklearn/metrics/_ranking.py:1046: UserWarning: No positive class found in y_true, recall is set to one for all thresholds.
  warnings.warn(
/workspace/miniforge3/envs/ehrsequencing/lib/python3.10/site-packages/sklearn/metrics/_ranking.py:1046: UserWarning: No positive class found in y_true, recall is set to one for all thresholds.
  warnings.warn(
/workspace/miniforge3/envs/ehrsequencing/lib/python3.10/site-packages/sklearn/metrics/_ranking.py:1046: UserWarning: No positive class found in y_true, recall is set to one for all thresholds.
  warnings.warn(
/workspace/miniforge3/envs/ehrsequencing/lib/python3.10/site-packages/sklearn/metrics/_ranking.py:1046: UserWarning: No positive class found in y_true, recall is set to one for all thresholds.
  warnings.warn(
/workspace/miniforge3/envs/ehrsequencing/lib/python3.10/site-packages/sklearn/metrics/_ranking.py:1046: UserWarning: No positive class found in y_true, recall is set to one for all thresholds.
  warnings.warn(
/workspace/miniforge3/envs/ehrsequencing/lib/python3.10/site-packages/sklearn/metrics/_ranking.py:1046: UserWarning: No positive class found in y_true, recall is set to one for all thresholds.
  warnings.warn(
/workspace/miniforge3/envs/ehrsequencing/lib/python3.10/site-packages/sklearn/metrics/_ranking.py:1046: UserWarning: No positive class found in y_true, recall is set to one for all thresholds.
  warnings.warn(
/workspace/miniforge3/envs/ehrsequencing/lib/python3.10/site-packages/sklearn/metrics/_ranking.py:1046: UserWarning: No positive class found in y_true, recall is set to one for all thresholds.
  warnings.warn(
/workspace/miniforge3/envs/ehrsequencing/lib/python3.10/site-packages/sklearn/metrics/_ranking.py:1046: UserWarning: No positive class found in y_true, recall is set to one for all thresholds.
  warnings.warn(
/workspace/miniforge3/envs/ehrsequencing/lib/python3.10/site-packages/sklearn/metrics/_ranking.py:1046: UserWarning: No positive class found in y_true, recall is set to one for all thresholds.
  warnings.warn(
/workspace/miniforge3/envs/ehrsequencing/lib/python3.10/site-packages/sklearn/metrics/_ranking.py:1046: UserWarning: No positive class found in y_true, recall is set to one for all thresholds.
  warnings.warn(
/workspace/miniforge3/envs/ehrsequencing/lib/python3.10/site-packages/sklearn/metrics/_ranking.py:1046: UserWarning: No positive class found in y_true, recall is set to one for all thresholds.
  warnings.warn(
/workspace/miniforge3/envs/ehrsequencing/lib/python3.10/site-packages/sklearn/metrics/_ranking.py:1046: UserWarning: No positive class found in y_true, recall is set to one for all thresholds.
  warnings.warn(
/workspace/miniforge3/envs/ehrsequencing/lib/python3.10/site-packages/sklearn/metrics/_ranking.py:1046: UserWarning: No positive class found in y_true, recall is set to one for all thresholds.
  warnings.warn(
/workspace/miniforge3/envs/ehrsequencing/lib/python3.10/site-packages/sklearn/metrics/_ranking.py:1046: UserWarning: No positive class found in y_true, recall is set to one for all thresholds.
  warnings.warn(
/workspace/miniforge3/envs/ehrsequencing/lib/python3.10/site-packages/sklearn/metrics/_ranking.py:1046: UserWarning: No positive class found in y_true, recall is set to one for all thresholds.
  warnings.warn(
/workspace/miniforge3/envs/ehrsequencing/lib/python3.10/site-packages/sklearn/metrics/_ranking.py:1046: UserWarning: No positive class found in y_true, recall is set to one for all thresholds.
  warnings.warn(
/workspace/miniforge3/envs/ehrsequencing/lib/python3.10/site-packages/sklearn/metrics/_ranking.py:1046: UserWarning: No positive class found in y_true, recall is set to one for all thresholds.
  warnings.warn(
/workspace/miniforge3/envs/ehrsequencing/lib/python3.10/site-packages/sklearn/metrics/_ranking.py:1046: UserWarning: No positive class found in y_true, recall is set to one for all thresholds.
  warnings.warn(
/workspace/miniforge3/envs/ehrsequencing/lib/python3.10/site-packages/sklearn/metrics/_ranking.py:1046: UserWarning: No positive class found in y_true, recall is set to one for all thresholds.
  warnings.warn(
/workspace/miniforge3/envs/ehrsequencing/lib/python3.10/site-packages/sklearn/metrics/_ranking.py:1046: UserWarning: No positive class found in y_true, recall is set to one for all thresholds.
  warnings.warn(
/workspace/miniforge3/envs/ehrsequencing/lib/python3.10/site-packages/sklearn/metrics/_ranking.py:1046: UserWarning: No positive class found in y_true, recall is set to one for all thresholds.
  warnings.warn(
/workspace/miniforge3/envs/ehrsequencing/lib/python3.10/site-packages/sklearn/metrics/_ranking.py:1046: UserWarning: No positive class found in y_true, recall is set to one for all thresholds.
  warnings.warn(
/workspace/miniforge3/envs/ehrsequencing/lib/python3.10/site-packages/sklearn/metrics/_ranking.py:1046: UserWarning: No positive class found in y_true, recall is set to one for all thresholds.
  warnings.warn(
/workspace/miniforge3/envs/ehrsequencing/lib/python3.10/site-packages/sklearn/metrics/_ranking.py:1046: UserWarning: No positive class found in y_true, recall is set to one for all thresholds.
  warnings.warn(
/workspace/miniforge3/envs/ehrsequencing/lib/python3.10/site-packages/sklearn/metrics/_ranking.py:1046: UserWarning: No positive class found in y_true, recall is set to one for all thresholds.
  warnings.warn(
/workspace/miniforge3/envs/ehrsequencing/lib/python3.10/site-packages/sklearn/metrics/_ranking.py:1046: UserWarning: No positive class found in y_true, recall is set to one for all thresholds.
  warnings.warn(
/workspace/miniforge3/envs/ehrsequencing/lib/python3.10/site-packages/sklearn/metrics/_ranking.py:1046: UserWarning: No positive class found in y_true, recall is set to one for all thresholds.
  warnings.warn(
/workspace/miniforge3/envs/ehrsequencing/lib/python3.10/site-packages/sklearn/metrics/_ranking.py:1046: UserWarning: No positive class found in y_true, recall is set to one for all thresholds.
  warnings.warn(
/workspace/miniforge3/envs/ehrsequencing/lib/python3.10/site-packages/sklearn/metrics/_ranking.py:1046: UserWarning: No positive class found in y_true, recall is set to one for all thresholds.
  warnings.warn(
/workspace/miniforge3/envs/ehrsequencing/lib/python3.10/site-packages/sklearn/metrics/_ranking.py:1046: UserWarning: No positive class found in y_true, recall is set to one for all thresholds.
  warnings.warn(
/workspace/miniforge3/envs/ehrsequencing/lib/python3.10/site-packages/sklearn/metrics/_ranking.py:1046: UserWarning: No positive class found in y_true, recall is set to one for all thresholds.
  warnings.warn(
/workspace/miniforge3/envs/ehrsequencing/lib/python3.10/site-packages/sklearn/metrics/_ranking.py:1046: UserWarning: No positive class found in y_true, recall is set to one for all thresholds.
  warnings.warn(
/workspace/miniforge3/envs/ehrsequencing/lib/python3.10/site-packages/sklearn/metrics/_ranking.py:1046: UserWarning: No positive class found in y_true, recall is set to one for all thresholds.
  warnings.warn(
/workspace/miniforge3/envs/ehrsequencing/lib/python3.10/site-packages/sklearn/metrics/_ranking.py:1046: UserWarning: No positive class found in y_true, recall is set to one for all thresholds.
  warnings.warn(
/workspace/miniforge3/envs/ehrsequencing/lib/python3.10/site-packages/sklearn/metrics/_ranking.py:1046: UserWarning: No positive class found in y_true, recall is set to one for all thresholds.
  warnings.warn(
/workspace/miniforge3/envs/ehrsequencing/lib/python3.10/site-packages/sklearn/metrics/_ranking.py:1046: UserWarning: No positive class found in y_true, recall is set to one for all thresholds.
  warnings.warn(
/workspace/miniforge3/envs/ehrsequencing/lib/python3.10/site-packages/sklearn/metrics/_ranking.py:1046: UserWarning: No positive class found in y_true, recall is set to one for all thresholds.
  warnings.warn(
/workspace/miniforge3/envs/ehrsequencing/lib/python3.10/site-packages/sklearn/metrics/_ranking.py:1046: UserWarning: No positive class found in y_true, recall is set to one for all thresholds.
  warnings.warn(
/workspace/miniforge3/envs/ehrsequencing/lib/python3.10/site-packages/sklearn/metrics/_ranking.py:1046: UserWarning: No positive class found in y_true, recall is set to one for all thresholds.
  warnings.warn(
/workspace/miniforge3/envs/ehrsequencing/lib/python3.10/site-packages/sklearn/metrics/_ranking.py:1046: UserWarning: No positive class found in y_true, recall is set to one for all thresholds.
  warnings.warn(
/workspace/miniforge3/envs/ehrsequencing/lib/python3.10/site-packages/sklearn/metrics/_ranking.py:1046: UserWarning: No positive class found in y_true, recall is set to one for all thresholds.
  warnings.warn(
/workspace/miniforge3/envs/ehrsequencing/lib/python3.10/site-packages/sklearn/metrics/_ranking.py:1046: UserWarning: No positive class found in y_true, recall is set to one for all thresholds.
  warnings.warn(
/workspace/miniforge3/envs/ehrsequencing/lib/python3.10/site-packages/sklearn/metrics/_ranking.py:1046: UserWarning: No positive class found in y_true, recall is set to one for all thresholds.
  warnings.warn(
/workspace/miniforge3/envs/ehrsequencing/lib/python3.10/site-packages/sklearn/metrics/_ranking.py:1046: UserWarning: No positive class found in y_true, recall is set to one for all thresholds.
  warnings.warn(
/workspace/miniforge3/envs/ehrsequencing/lib/python3.10/site-packages/sklearn/metrics/_ranking.py:1046: UserWarning: No positive class found in y_true, recall is set to one for all thresholds.
  warnings.warn(
/workspace/miniforge3/envs/ehrsequencing/lib/python3.10/site-packages/sklearn/metrics/_ranking.py:1046: UserWarning: No positive class found in y_true, recall is set to one for all thresholds.
  warnings.warn(
/workspace/miniforge3/envs/ehrsequencing/lib/python3.10/site-packages/sklearn/metrics/_ranking.py:1046: UserWarning: No positive class found in y_true, recall is set to one for all thresholds.
  warnings.warn(
/workspace/miniforge3/envs/ehrsequencing/lib/python3.10/site-packages/sklearn/metrics/_ranking.py:1046: UserWarning: No positive class found in y_true, recall is set to one for all thresholds.
  warnings.warn(
/workspace/miniforge3/envs/ehrsequencing/lib/python3.10/site-packages/sklearn/metrics/_ranking.py:1046: UserWarning: No positive class found in y_true, recall is set to one for all thresholds.
  warnings.warn(
/workspace/miniforge3/envs/ehrsequencing/lib/python3.10/site-packages/sklearn/metrics/_ranking.py:1046: UserWarning: No positive class found in y_true, recall is set to one for all thresholds.
  warnings.warn(
/workspace/miniforge3/envs/ehrsequencing/lib/python3.10/site-packages/sklearn/metrics/_ranking.py:1046: UserWarning: No positive class found in y_true, recall is set to one for all thresholds.
  warnings.warn(
/workspace/miniforge3/envs/ehrsequencing/lib/python3.10/site-packages/sklearn/metrics/_ranking.py:1046: UserWarning: No positive class found in y_true, recall is set to one for all thresholds.
  warnings.warn(
/workspace/miniforge3/envs/ehrsequencing/lib/python3.10/site-packages/sklearn/metrics/_ranking.py:1046: UserWarning: No positive class found in y_true, recall is set to one for all thresholds.
  warnings.warn(
/workspace/miniforge3/envs/ehrsequencing/lib/python3.10/site-packages/sklearn/metrics/_ranking.py:1046: UserWarning: No positive class found in y_true, recall is set to one for all thresholds.
  warnings.warn(
/workspace/miniforge3/envs/ehrsequencing/lib/python3.10/site-packages/sklearn/metrics/_ranking.py:1046: UserWarning: No positive class found in y_true, recall is set to one for all thresholds.
  warnings.warn(
/workspace/miniforge3/envs/ehrsequencing/lib/python3.10/site-packages/sklearn/metrics/_ranking.py:1046: UserWarning: No positive class found in y_true, recall is set to one for all thresholds.
  warnings.warn(
/workspace/miniforge3/envs/ehrsequencing/lib/python3.10/site-packages/sklearn/metrics/_ranking.py:1046: UserWarning: No positive class found in y_true, recall is set to one for all thresholds.
  warnings.warn(
/workspace/miniforge3/envs/ehrsequencing/lib/python3.10/site-packages/sklearn/metrics/_ranking.py:1046: UserWarning: No positive class found in y_true, recall is set to one for all thresholds.
  warnings.warn(
/workspace/miniforge3/envs/ehrsequencing/lib/python3.10/site-packages/sklearn/metrics/_ranking.py:1046: UserWarning: No positive class found in y_true, recall is set to one for all thresholds.
  warnings.warn(
/workspace/miniforge3/envs/ehrsequencing/lib/python3.10/site-packages/sklearn/metrics/_ranking.py:1046: UserWarning: No positive class found in y_true, recall is set to one for all thresholds.
  warnings.warn(
/workspace/miniforge3/envs/ehrsequencing/lib/python3.10/site-packages/sklearn/metrics/_ranking.py:1046: UserWarning: No positive class found in y_true, recall is set to one for all thresholds.
  warnings.warn(
/workspace/miniforge3/envs/ehrsequencing/lib/python3.10/site-packages/sklearn/metrics/_ranking.py:1046: UserWarning: No positive class found in y_true, recall is set to one for all thresholds.
  warnings.warn(
/workspace/miniforge3/envs/ehrsequencing/lib/python3.10/site-packages/sklearn/metrics/_ranking.py:1046: UserWarning: No positive class found in y_true, recall is set to one for all thresholds.
  warnings.warn(
/workspace/miniforge3/envs/ehrsequencing/lib/python3.10/site-packages/sklearn/metrics/_ranking.py:1046: UserWarning: No positive class found in y_true, recall is set to one for all thresholds.
  warnings.warn(
/workspace/miniforge3/envs/ehrsequencing/lib/python3.10/site-packages/sklearn/metrics/_ranking.py:1046: UserWarning: No positive class found in y_true, recall is set to one for all thresholds.
  warnings.warn(
/workspace/miniforge3/envs/ehrsequencing/lib/python3.10/site-packages/sklearn/metrics/_ranking.py:1046: UserWarning: No positive class found in y_true, recall is set to one for all thresholds.
  warnings.warn(
/workspace/miniforge3/envs/ehrsequencing/lib/python3.10/site-packages/sklearn/metrics/_ranking.py:1046: UserWarning: No positive class found in y_true, recall is set to one for all thresholds.
  warnings.warn(
/workspace/miniforge3/envs/ehrsequencing/lib/python3.10/site-packages/sklearn/metrics/_ranking.py:1046: UserWarning: No positive class found in y_true, recall is set to one for all thresholds.
  warnings.warn(
/workspace/miniforge3/envs/ehrsequencing/lib/python3.10/site-packages/sklearn/metrics/_ranking.py:1046: UserWarning: No positive class found in y_true, recall is set to one for all thresholds.
  warnings.warn(
/workspace/miniforge3/envs/ehrsequencing/lib/python3.10/site-packages/sklearn/metrics/_ranking.py:1046: UserWarning: No positive class found in y_true, recall is set to one for all thresholds.
  warnings.warn(
/workspace/miniforge3/envs/ehrsequencing/lib/python3.10/site-packages/sklearn/metrics/_ranking.py:1046: UserWarning: No positive class found in y_true, recall is set to one for all thresholds.
  warnings.warn(
/workspace/miniforge3/envs/ehrsequencing/lib/python3.10/site-packages/sklearn/metrics/_ranking.py:1046: UserWarning: No positive class found in y_true, recall is set to one for all thresholds.
  warnings.warn(
/workspace/miniforge3/envs/ehrsequencing/lib/python3.10/site-packages/sklearn/metrics/_ranking.py:1046: UserWarning: No positive class found in y_true, recall is set to one for all thresholds.
  warnings.warn(
/workspace/miniforge3/envs/ehrsequencing/lib/python3.10/site-packages/sklearn/metrics/_ranking.py:1046: UserWarning: No positive class found in y_true, recall is set to one for all thresholds.
  warnings.warn(
/workspace/miniforge3/envs/ehrsequencing/lib/python3.10/site-packages/sklearn/metrics/_ranking.py:1046: UserWarning: No positive class found in y_true, recall is set to one for all thresholds.
  warnings.warn(
/workspace/miniforge3/envs/ehrsequencing/lib/python3.10/site-packages/sklearn/metrics/_ranking.py:1046: UserWarning: No positive class found in y_true, recall is set to one for all thresholds.
  warnings.warn(
/workspace/miniforge3/envs/ehrsequencing/lib/python3.10/site-packages/sklearn/metrics/_ranking.py:1046: UserWarning: No positive class found in y_true, recall is set to one for all thresholds.
  warnings.warn(
/workspace/miniforge3/envs/ehrsequencing/lib/python3.10/site-packages/sklearn/metrics/_ranking.py:1046: UserWarning: No positive class found in y_true, recall is set to one for all thresholds.
  warnings.warn(
/workspace/miniforge3/envs/ehrsequencing/lib/python3.10/site-packages/sklearn/metrics/_ranking.py:1046: UserWarning: No positive class found in y_true, recall is set to one for all thresholds.
  warnings.warn(
/workspace/miniforge3/envs/ehrsequencing/lib/python3.10/site-packages/sklearn/metrics/_ranking.py:1046: UserWarning: No positive class found in y_true, recall is set to one for all thresholds.
  warnings.warn(
/workspace/miniforge3/envs/ehrsequencing/lib/python3.10/site-packages/sklearn/metrics/_ranking.py:1046: UserWarning: No positive class found in y_true, recall is set to one for all thresholds.
  warnings.warn(
/workspace/miniforge3/envs/ehrsequencing/lib/python3.10/site-packages/sklearn/metrics/_ranking.py:1046: UserWarning: No positive class found in y_true, recall is set to one for all thresholds.
  warnings.warn(
/workspace/miniforge3/envs/ehrsequencing/lib/python3.10/site-packages/sklearn/metrics/_ranking.py:1046: UserWarning: No positive class found in y_true, recall is set to one for all thresholds.
  warnings.warn(
/workspace/miniforge3/envs/ehrsequencing/lib/python3.10/site-packages/sklearn/metrics/_ranking.py:1046: UserWarning: No positive class found in y_true, recall is set to one for all thresholds.
  warnings.warn(
/workspace/miniforge3/envs/ehrsequencing/lib/python3.10/site-packages/sklearn/metrics/_ranking.py:1046: UserWarning: No positive class found in y_true, recall is set to one for all thresholds.
  warnings.warn(
/workspace/miniforge3/envs/ehrsequencing/lib/python3.10/site-packages/sklearn/metrics/_ranking.py:1046: UserWarning: No positive class found in y_true, recall is set to one for all thresholds.
  warnings.warn(
/workspace/miniforge3/envs/ehrsequencing/lib/python3.10/site-packages/sklearn/metrics/_ranking.py:1046: UserWarning: No positive class found in y_true, recall is set to one for all thresholds.
  warnings.warn(
/workspace/miniforge3/envs/ehrsequencing/lib/python3.10/site-packages/sklearn/metrics/_ranking.py:1046: UserWarning: No positive class found in y_true, recall is set to one for all thresholds.
  warnings.warn(
/workspace/miniforge3/envs/ehrsequencing/lib/python3.10/site-packages/sklearn/metrics/_ranking.py:1046: UserWarning: No positive class found in y_true, recall is set to one for all thresholds.
  warnings.warn(
/workspace/miniforge3/envs/ehrsequencing/lib/python3.10/site-packages/sklearn/metrics/_ranking.py:1046: UserWarning: No positive class found in y_true, recall is set to one for all thresholds.
  warnings.warn(
/workspace/miniforge3/envs/ehrsequencing/lib/python3.10/site-packages/sklearn/metrics/_ranking.py:1046: UserWarning: No positive class found in y_true, recall is set to one for all thresholds.
  warnings.warn(
/workspace/miniforge3/envs/ehrsequencing/lib/python3.10/site-packages/sklearn/metrics/_ranking.py:1046: UserWarning: No positive class found in y_true, recall is set to one for all thresholds.
  warnings.warn(
/workspace/miniforge3/envs/ehrsequencing/lib/python3.10/site-packages/sklearn/metrics/_ranking.py:1046: UserWarning: No positive class found in y_true, recall is set to one for all thresholds.
  warnings.warn(
/workspace/miniforge3/envs/ehrsequencing/lib/python3.10/site-packages/sklearn/metrics/_ranking.py:1046: UserWarning: No positive class found in y_true, recall is set to one for all thresholds.
  warnings.warn(
/workspace/miniforge3/envs/ehrsequencing/lib/python3.10/site-packages/sklearn/metrics/_ranking.py:1046: UserWarning: No positive class found in y_true, recall is set to one for all thresholds.
  warnings.warn(
/workspace/miniforge3/envs/ehrsequencing/lib/python3.10/site-packages/sklearn/metrics/_ranking.py:1046: UserWarning: No positive class found in y_true, recall is set to one for all thresholds.
  warnings.warn(
/workspace/miniforge3/envs/ehrsequencing/lib/python3.10/site-packages/sklearn/metrics/_ranking.py:1046: UserWarning: No positive class found in y_true, recall is set to one for all thresholds.
  warnings.warn(
/workspace/miniforge3/envs/ehrsequencing/lib/python3.10/site-packages/sklearn/metrics/_ranking.py:1046: UserWarning: No positive class found in y_true, recall is set to one for all thresholds.
  warnings.warn(
/workspace/miniforge3/envs/ehrsequencing/lib/python3.10/site-packages/sklearn/metrics/_ranking.py:1046: UserWarning: No positive class found in y_true, recall is set to one for all thresholds.
  warnings.warn(
/workspace/miniforge3/envs/ehrsequencing/lib/python3.10/site-packages/sklearn/metrics/_ranking.py:1046: UserWarning: No positive class found in y_true, recall is set to one for all thresholds.
  warnings.warn(
/workspace/miniforge3/envs/ehrsequencing/lib/python3.10/site-packages/sklearn/metrics/_ranking.py:1046: UserWarning: No positive class found in y_true, recall is set to one for all thresholds.
  warnings.warn(
/workspace/miniforge3/envs/ehrsequencing/lib/python3.10/site-packages/sklearn/metrics/_ranking.py:1046: UserWarning: No positive class found in y_true, recall is set to one for all thresholds.
  warnings.warn(
/workspace/miniforge3/envs/ehrsequencing/lib/python3.10/site-packages/sklearn/metrics/_ranking.py:1046: UserWarning: No positive class found in y_true, recall is set to one for all thresholds.
  warnings.warn(
/workspace/miniforge3/envs/ehrsequencing/lib/python3.10/site-packages/sklearn/metrics/_ranking.py:1046: UserWarning: No positive class found in y_true, recall is set to one for all thresholds.
  warnings.warn(
/workspace/miniforge3/envs/ehrsequencing/lib/python3.10/site-packages/sklearn/metrics/_ranking.py:1046: UserWarning: No positive class found in y_true, recall is set to one for all thresholds.
  warnings.warn(
/workspace/miniforge3/envs/ehrsequencing/lib/python3.10/site-packages/sklearn/metrics/_ranking.py:1046: UserWarning: No positive class found in y_true, recall is set to one for all thresholds.
  warnings.warn(
/workspace/miniforge3/envs/ehrsequencing/lib/python3.10/site-packages/sklearn/metrics/_ranking.py:1046: UserWarning: No positive class found in y_true, recall is set to one for all thresholds.
  warnings.warn(
/workspace/miniforge3/envs/ehrsequencing/lib/python3.10/site-packages/sklearn/metrics/_ranking.py:1046: UserWarning: No positive class found in y_true, recall is set to one for all thresholds.
  warnings.warn(
/workspace/miniforge3/envs/ehrsequencing/lib/python3.10/site-packages/sklearn/metrics/_ranking.py:1046: UserWarning: No positive class found in y_true, recall is set to one for all thresholds.
  warnings.warn(
/workspace/miniforge3/envs/ehrsequencing/lib/python3.10/site-packages/sklearn/metrics/_ranking.py:1046: UserWarning: No positive class found in y_true, recall is set to one for all thresholds.
  warnings.warn(
/workspace/miniforge3/envs/ehrsequencing/lib/python3.10/site-packages/sklearn/metrics/_ranking.py:1046: UserWarning: No positive class found in y_true, recall is set to one for all thresholds.
  warnings.warn(
/workspace/miniforge3/envs/ehrsequencing/lib/python3.10/site-packages/sklearn/metrics/_ranking.py:1046: UserWarning: No positive class found in y_true, recall is set to one for all thresholds.
  warnings.warn(
/workspace/miniforge3/envs/ehrsequencing/lib/python3.10/site-packages/sklearn/metrics/_ranking.py:1046: UserWarning: No positive class found in y_true, recall is set to one for all thresholds.
  warnings.warn(
/workspace/miniforge3/envs/ehrsequencing/lib/python3.10/site-packages/sklearn/metrics/_ranking.py:1046: UserWarning: No positive class found in y_true, recall is set to one for all thresholds.
  warnings.warn(
/workspace/miniforge3/envs/ehrsequencing/lib/python3.10/site-packages/sklearn/metrics/_ranking.py:1046: UserWarning: No positive class found in y_true, recall is set to one for all thresholds.
  warnings.warn(
/workspace/miniforge3/envs/ehrsequencing/lib/python3.10/site-packages/sklearn/metrics/_ranking.py:1046: UserWarning: No positive class found in y_true, recall is set to one for all thresholds.
  warnings.warn(
/workspace/miniforge3/envs/ehrsequencing/lib/python3.10/site-packages/sklearn/metrics/_ranking.py:1046: UserWarning: No positive class found in y_true, recall is set to one for all thresholds.
  warnings.warn(
/workspace/miniforge3/envs/ehrsequencing/lib/python3.10/site-packages/sklearn/metrics/_ranking.py:1046: UserWarning: No positive class found in y_true, recall is set to one for all thresholds.
  warnings.warn(
/workspace/miniforge3/envs/ehrsequencing/lib/python3.10/site-packages/sklearn/metrics/_ranking.py:1046: UserWarning: No positive class found in y_true, recall is set to one for all thresholds.
  warnings.warn(
/workspace/miniforge3/envs/ehrsequencing/lib/python3.10/site-packages/sklearn/metrics/_ranking.py:1046: UserWarning: No positive class found in y_true, recall is set to one for all thresholds.
  warnings.warn(
/workspace/miniforge3/envs/ehrsequencing/lib/python3.10/site-packages/sklearn/metrics/_ranking.py:1046: UserWarning: No positive class found in y_true, recall is set to one for all thresholds.
  warnings.warn(
/workspace/miniforge3/envs/ehrsequencing/lib/python3.10/site-packages/sklearn/metrics/_ranking.py:1046: UserWarning: No positive class found in y_true, recall is set to one for all thresholds.
  warnings.warn(
/workspace/miniforge3/envs/ehrsequencing/lib/python3.10/site-packages/sklearn/metrics/_ranking.py:1046: UserWarning: No positive class found in y_true, recall is set to one for all thresholds.
  warnings.warn(
/workspace/miniforge3/envs/ehrsequencing/lib/python3.10/site-packages/sklearn/metrics/_ranking.py:1046: UserWarning: No positive class found in y_true, recall is set to one for all thresholds.
  warnings.warn(
/workspace/miniforge3/envs/ehrsequencing/lib/python3.10/site-packages/sklearn/metrics/_ranking.py:1046: UserWarning: No positive class found in y_true, recall is set to one for all thresholds.
  warnings.warn(
/workspace/miniforge3/envs/ehrsequencing/lib/python3.10/site-packages/sklearn/metrics/_ranking.py:1046: UserWarning: No positive class found in y_true, recall is set to one for all thresholds.
  warnings.warn(
/workspace/miniforge3/envs/ehrsequencing/lib/python3.10/site-packages/sklearn/metrics/_ranking.py:1046: UserWarning: No positive class found in y_true, recall is set to one for all thresholds.
  warnings.warn(
/workspace/miniforge3/envs/ehrsequencing/lib/python3.10/site-packages/sklearn/metrics/_ranking.py:1046: UserWarning: No positive class found in y_true, recall is set to one for all thresholds.
  warnings.warn(
/workspace/miniforge3/envs/ehrsequencing/lib/python3.10/site-packages/sklearn/metrics/_ranking.py:1046: UserWarning: No positive class found in y_true, recall is set to one for all thresholds.
  warnings.warn(
/workspace/miniforge3/envs/ehrsequencing/lib/python3.10/site-packages/sklearn/metrics/_ranking.py:1046: UserWarning: No positive class found in y_true, recall is set to one for all thresholds.
  warnings.warn(
/workspace/miniforge3/envs/ehrsequencing/lib/python3.10/site-packages/sklearn/metrics/_ranking.py:1046: UserWarning: No positive class found in y_true, recall is set to one for all thresholds.
  warnings.warn(
/workspace/miniforge3/envs/ehrsequencing/lib/python3.10/site-packages/sklearn/metrics/_ranking.py:1046: UserWarning: No positive class found in y_true, recall is set to one for all thresholds.
  warnings.warn(
/workspace/miniforge3/envs/ehrsequencing/lib/python3.10/site-packages/sklearn/metrics/_ranking.py:1046: UserWarning: No positive class found in y_true, recall is set to one for all thresholds.
  warnings.warn(
/workspace/miniforge3/envs/ehrsequencing/lib/python3.10/site-packages/sklearn/metrics/_ranking.py:1046: UserWarning: No positive class found in y_true, recall is set to one for all thresholds.
  warnings.warn(
/workspace/miniforge3/envs/ehrsequencing/lib/python3.10/site-packages/sklearn/metrics/_ranking.py:1046: UserWarning: No positive class found in y_true, recall is set to one for all thresholds.
  warnings.warn(
/workspace/miniforge3/envs/ehrsequencing/lib/python3.10/site-packages/sklearn/metrics/_ranking.py:1046: UserWarning: No positive class found in y_true, recall is set to one for all thresholds.
  warnings.warn(
/workspace/miniforge3/envs/ehrsequencing/lib/python3.10/site-packages/sklearn/metrics/_ranking.py:1046: UserWarning: No positive class found in y_true, recall is set to one for all thresholds.
  warnings.warn(
/workspace/miniforge3/envs/ehrsequencing/lib/python3.10/site-packages/sklearn/metrics/_ranking.py:1046: UserWarning: No positive class found in y_true, recall is set to one for all thresholds.
  warnings.warn(
/workspace/miniforge3/envs/ehrsequencing/lib/python3.10/site-packages/sklearn/metrics/_ranking.py:1046: UserWarning: No positive class found in y_true, recall is set to one for all thresholds.
  warnings.warn(
/workspace/miniforge3/envs/ehrsequencing/lib/python3.10/site-packages/sklearn/metrics/_ranking.py:1046: UserWarning: No positive class found in y_true, recall is set to one for all thresholds.
  warnings.warn(
/workspace/miniforge3/envs/ehrsequencing/lib/python3.10/site-packages/sklearn/metrics/_ranking.py:1046: UserWarning: No positive class found in y_true, recall is set to one for all thresholds.
  warnings.warn(
/workspace/miniforge3/envs/ehrsequencing/lib/python3.10/site-packages/sklearn/metrics/_ranking.py:1046: UserWarning: No positive class found in y_true, recall is set to one for all thresholds.
  warnings.warn(
/workspace/miniforge3/envs/ehrsequencing/lib/python3.10/site-packages/sklearn/metrics/_ranking.py:1046: UserWarning: No positive class found in y_true, recall is set to one for all thresholds.
  warnings.warn(
/workspace/miniforge3/envs/ehrsequencing/lib/python3.10/site-packages/sklearn/metrics/_ranking.py:1046: UserWarning: No positive class found in y_true, recall is set to one for all thresholds.
  warnings.warn(
/workspace/miniforge3/envs/ehrsequencing/lib/python3.10/site-packages/sklearn/metrics/_ranking.py:1046: UserWarning: No positive class found in y_true, recall is set to one for all thresholds.
  warnings.warn(
/workspace/miniforge3/envs/ehrsequencing/lib/python3.10/site-packages/sklearn/metrics/_ranking.py:1046: UserWarning: No positive class found in y_true, recall is set to one for all thresholds.
  warnings.warn(
/workspace/miniforge3/envs/ehrsequencing/lib/python3.10/site-packages/sklearn/metrics/_ranking.py:1046: UserWarning: No positive class found in y_true, recall is set to one for all thresholds.
  warnings.warn(
/workspace/miniforge3/envs/ehrsequencing/lib/python3.10/site-packages/sklearn/metrics/_ranking.py:1046: UserWarning: No positive class found in y_true, recall is set to one for all thresholds.
  warnings.warn(
/workspace/miniforge3/envs/ehrsequencing/lib/python3.10/site-packages/sklearn/metrics/_ranking.py:1046: UserWarning: No positive class found in y_true, recall is set to one for all thresholds.
  warnings.warn(
/workspace/miniforge3/envs/ehrsequencing/lib/python3.10/site-packages/sklearn/metrics/_ranking.py:1046: UserWarning: No positive class found in y_true, recall is set to one for all thresholds.
  warnings.warn(
/workspace/miniforge3/envs/ehrsequencing/lib/python3.10/site-packages/sklearn/metrics/_ranking.py:1046: UserWarning: No positive class found in y_true, recall is set to one for all thresholds.
  warnings.warn(
/workspace/miniforge3/envs/ehrsequencing/lib/python3.10/site-packages/sklearn/metrics/_ranking.py:1046: UserWarning: No positive class found in y_true, recall is set to one for all thresholds.
  warnings.warn(
/workspace/miniforge3/envs/ehrsequencing/lib/python3.10/site-packages/sklearn/metrics/_ranking.py:1046: UserWarning: No positive class found in y_true, recall is set to one for all thresholds.
  warnings.warn(
/workspace/miniforge3/envs/ehrsequencing/lib/python3.10/site-packages/sklearn/metrics/_ranking.py:1046: UserWarning: No positive class found in y_true, recall is set to one for all thresholds.
  warnings.warn(
/workspace/miniforge3/envs/ehrsequencing/lib/python3.10/site-packages/sklearn/metrics/_ranking.py:1046: UserWarning: No positive class found in y_true, recall is set to one for all thresholds.
  warnings.warn(
/workspace/miniforge3/envs/ehrsequencing/lib/python3.10/site-packages/sklearn/metrics/_ranking.py:1046: UserWarning: No positive class found in y_true, recall is set to one for all thresholds.
  warnings.warn(
/workspace/miniforge3/envs/ehrsequencing/lib/python3.10/site-packages/sklearn/metrics/_ranking.py:1046: UserWarning: No positive class found in y_true, recall is set to one for all thresholds.
  warnings.warn(
/workspace/miniforge3/envs/ehrsequencing/lib/python3.10/site-packages/sklearn/metrics/_ranking.py:1046: UserWarning: No positive class found in y_true, recall is set to one for all thresholds.
  warnings.warn(
/workspace/miniforge3/envs/ehrsequencing/lib/python3.10/site-packages/sklearn/metrics/_ranking.py:1046: UserWarning: No positive class found in y_true, recall is set to one for all thresholds.
  warnings.warn(
/workspace/miniforge3/envs/ehrsequencing/lib/python3.10/site-packages/sklearn/metrics/_ranking.py:1046: UserWarning: No positive class found in y_true, recall is set to one for all thresholds.
  warnings.warn(
/workspace/miniforge3/envs/ehrsequencing/lib/python3.10/site-packages/sklearn/metrics/_ranking.py:1046: UserWarning: No positive class found in y_true, recall is set to one for all thresholds.
  warnings.warn(
/workspace/miniforge3/envs/ehrsequencing/lib/python3.10/site-packages/sklearn/metrics/_ranking.py:1046: UserWarning: No positive class found in y_true, recall is set to one for all thresholds.
  warnings.warn(
/workspace/miniforge3/envs/ehrsequencing/lib/python3.10/site-packages/sklearn/metrics/_ranking.py:1046: UserWarning: No positive class found in y_true, recall is set to one for all thresholds.
  warnings.warn(
/workspace/miniforge3/envs/ehrsequencing/lib/python3.10/site-packages/sklearn/metrics/_ranking.py:1046: UserWarning: No positive class found in y_true, recall is set to one for all thresholds.
  warnings.warn(
/workspace/miniforge3/envs/ehrsequencing/lib/python3.10/site-packages/sklearn/metrics/_ranking.py:1046: UserWarning: No positive class found in y_true, recall is set to one for all thresholds.
  warnings.warn(
/workspace/miniforge3/envs/ehrsequencing/lib/python3.10/site-packages/sklearn/metrics/_ranking.py:1046: UserWarning: No positive class found in y_true, recall is set to one for all thresholds.
  warnings.warn(
/workspace/miniforge3/envs/ehrsequencing/lib/python3.10/site-packages/sklearn/metrics/_ranking.py:1046: UserWarning: No positive class found in y_true, recall is set to one for all thresholds.
  warnings.warn(
/workspace/miniforge3/envs/ehrsequencing/lib/python3.10/site-packages/sklearn/metrics/_ranking.py:1046: UserWarning: No positive class found in y_true, recall is set to one for all thresholds.
  warnings.warn(
/workspace/miniforge3/envs/ehrsequencing/lib/python3.10/site-packages/sklearn/metrics/_ranking.py:1046: UserWarning: No positive class found in y_true, recall is set to one for all thresholds.
  warnings.warn(
/workspace/miniforge3/envs/ehrsequencing/lib/python3.10/site-packages/sklearn/metrics/_ranking.py:1046: UserWarning: No positive class found in y_true, recall is set to one for all thresholds.
  warnings.warn(
/workspace/miniforge3/envs/ehrsequencing/lib/python3.10/site-packages/sklearn/metrics/_ranking.py:1046: UserWarning: No positive class found in y_true, recall is set to one for all thresholds.
  warnings.warn(
/workspace/miniforge3/envs/ehrsequencing/lib/python3.10/site-packages/sklearn/metrics/_ranking.py:1046: UserWarning: No positive class found in y_true, recall is set to one for all thresholds.
  warnings.warn(
/workspace/miniforge3/envs/ehrsequencing/lib/python3.10/site-packages/sklearn/metrics/_ranking.py:1046: UserWarning: No positive class found in y_true, recall is set to one for all thresholds.
  warnings.warn(
/workspace/miniforge3/envs/ehrsequencing/lib/python3.10/site-packages/sklearn/metrics/_ranking.py:1046: UserWarning: No positive class found in y_true, recall is set to one for all thresholds.
  warnings.warn(
/workspace/miniforge3/envs/ehrsequencing/lib/python3.10/site-packages/sklearn/metrics/_ranking.py:1046: UserWarning: No positive class found in y_true, recall is set to one for all thresholds.
  warnings.warn(
/workspace/miniforge3/envs/ehrsequencing/lib/python3.10/site-packages/sklearn/metrics/_ranking.py:1046: UserWarning: No positive class found in y_true, recall is set to one for all thresholds.
  warnings.warn(
/workspace/miniforge3/envs/ehrsequencing/lib/python3.10/site-packages/sklearn/metrics/_ranking.py:1046: UserWarning: No positive class found in y_true, recall is set to one for all thresholds.
  warnings.warn(
/workspace/miniforge3/envs/ehrsequencing/lib/python3.10/site-packages/sklearn/metrics/_ranking.py:1046: UserWarning: No positive class found in y_true, recall is set to one for all thresholds.
  warnings.warn(
/workspace/miniforge3/envs/ehrsequencing/lib/python3.10/site-packages/sklearn/metrics/_ranking.py:1046: UserWarning: No positive class found in y_true, recall is set to one for all thresholds.
  warnings.warn(
/workspace/miniforge3/envs/ehrsequencing/lib/python3.10/site-packages/sklearn/metrics/_ranking.py:1046: UserWarning: No positive class found in y_true, recall is set to one for all thresholds.
  warnings.warn(
/workspace/miniforge3/envs/ehrsequencing/lib/python3.10/site-packages/sklearn/metrics/_ranking.py:1046: UserWarning: No positive class found in y_true, recall is set to one for all thresholds.
  warnings.warn(
/workspace/miniforge3/envs/ehrsequencing/lib/python3.10/site-packages/sklearn/metrics/_ranking.py:1046: UserWarning: No positive class found in y_true, recall is set to one for all thresholds.
  warnings.warn(
/workspace/miniforge3/envs/ehrsequencing/lib/python3.10/site-packages/sklearn/metrics/_ranking.py:1046: UserWarning: No positive class found in y_true, recall is set to one for all thresholds.
  warnings.warn(
/workspace/miniforge3/envs/ehrsequencing/lib/python3.10/site-packages/sklearn/metrics/_ranking.py:1046: UserWarning: No positive class found in y_true, recall is set to one for all thresholds.
  warnings.warn(
/workspace/miniforge3/envs/ehrsequencing/lib/python3.10/site-packages/sklearn/metrics/_ranking.py:1046: UserWarning: No positive class found in y_true, recall is set to one for all thresholds.
  warnings.warn(
/workspace/miniforge3/envs/ehrsequencing/lib/python3.10/site-packages/sklearn/metrics/_ranking.py:1046: UserWarning: No positive class found in y_true, recall is set to one for all thresholds.
  warnings.warn(
/workspace/miniforge3/envs/ehrsequencing/lib/python3.10/site-packages/sklearn/metrics/_ranking.py:1046: UserWarning: No positive class found in y_true, recall is set to one for all thresholds.
  warnings.warn(
/workspace/miniforge3/envs/ehrsequencing/lib/python3.10/site-packages/sklearn/metrics/_ranking.py:1046: UserWarning: No positive class found in y_true, recall is set to one for all thresholds.
  warnings.warn(
/workspace/miniforge3/envs/ehrsequencing/lib/python3.10/site-packages/sklearn/metrics/_ranking.py:1046: UserWarning: No positive class found in y_true, recall is set to one for all thresholds.
  warnings.warn(
/workspace/miniforge3/envs/ehrsequencing/lib/python3.10/site-packages/sklearn/metrics/_ranking.py:1046: UserWarning: No positive class found in y_true, recall is set to one for all thresholds.
  warnings.warn(
/workspace/miniforge3/envs/ehrsequencing/lib/python3.10/site-packages/sklearn/metrics/_ranking.py:1046: UserWarning: No positive class found in y_true, recall is set to one for all thresholds.
  warnings.warn(
/workspace/miniforge3/envs/ehrsequencing/lib/python3.10/site-packages/sklearn/metrics/_ranking.py:1046: UserWarning: No positive class found in y_true, recall is set to one for all thresholds.
  warnings.warn(
/workspace/miniforge3/envs/ehrsequencing/lib/python3.10/site-packages/sklearn/metrics/_ranking.py:1046: UserWarning: No positive class found in y_true, recall is set to one for all thresholds.
  warnings.warn(
/workspace/miniforge3/envs/ehrsequencing/lib/python3.10/site-packages/sklearn/metrics/_ranking.py:1046: UserWarning: No positive class found in y_true, recall is set to one for all thresholds.
  warnings.warn(
/workspace/miniforge3/envs/ehrsequencing/lib/python3.10/site-packages/sklearn/metrics/_ranking.py:1046: UserWarning: No positive class found in y_true, recall is set to one for all thresholds.
  warnings.warn(
/workspace/miniforge3/envs/ehrsequencing/lib/python3.10/site-packages/sklearn/metrics/_ranking.py:1046: UserWarning: No positive class found in y_true, recall is set to one for all thresholds.
  warnings.warn(
/workspace/miniforge3/envs/ehrsequencing/lib/python3.10/site-packages/sklearn/metrics/_ranking.py:1046: UserWarning: No positive class found in y_true, recall is set to one for all thresholds.
  warnings.warn(
/workspace/miniforge3/envs/ehrsequencing/lib/python3.10/site-packages/sklearn/metrics/_ranking.py:1046: UserWarning: No positive class found in y_true, recall is set to one for all thresholds.
  warnings.warn(
/workspace/miniforge3/envs/ehrsequencing/lib/python3.10/site-packages/sklearn/metrics/_ranking.py:1046: UserWarning: No positive class found in y_true, recall is set to one for all thresholds.
  warnings.warn(
/workspace/miniforge3/envs/ehrsequencing/lib/python3.10/site-packages/sklearn/metrics/_ranking.py:1046: UserWarning: No positive class found in y_true, recall is set to one for all thresholds.
  warnings.warn(
/workspace/miniforge3/envs/ehrsequencing/lib/python3.10/site-packages/sklearn/metrics/_ranking.py:1046: UserWarning: No positive class found in y_true, recall is set to one for all thresholds.
  warnings.warn(
/workspace/miniforge3/envs/ehrsequencing/lib/python3.10/site-packages/sklearn/metrics/_ranking.py:1046: UserWarning: No positive class found in y_true, recall is set to one for all thresholds.
  warnings.warn(
/workspace/miniforge3/envs/ehrsequencing/lib/python3.10/site-packages/sklearn/metrics/_ranking.py:1046: UserWarning: No positive class found in y_true, recall is set to one for all thresholds.
  warnings.warn(
/workspace/miniforge3/envs/ehrsequencing/lib/python3.10/site-packages/sklearn/metrics/_ranking.py:1046: UserWarning: No positive class found in y_true, recall is set to one for all thresholds.
  warnings.warn(
/workspace/miniforge3/envs/ehrsequencing/lib/python3.10/site-packages/sklearn/metrics/_ranking.py:1046: UserWarning: No positive class found in y_true, recall is set to one for all thresholds.
  warnings.warn(
/workspace/miniforge3/envs/ehrsequencing/lib/python3.10/site-packages/sklearn/metrics/_ranking.py:1046: UserWarning: No positive class found in y_true, recall is set to one for all thresholds.
  warnings.warn(
/workspace/miniforge3/envs/ehrsequencing/lib/python3.10/site-packages/sklearn/metrics/_ranking.py:1046: UserWarning: No positive class found in y_true, recall is set to one for all thresholds.
  warnings.warn(
/workspace/miniforge3/envs/ehrsequencing/lib/python3.10/site-packages/sklearn/metrics/_ranking.py:1046: UserWarning: No positive class found in y_true, recall is set to one for all thresholds.
  warnings.warn(
/workspace/miniforge3/envs/ehrsequencing/lib/python3.10/site-packages/sklearn/metrics/_ranking.py:1046: UserWarning: No positive class found in y_true, recall is set to one for all thresholds.
  warnings.warn(
/workspace/miniforge3/envs/ehrsequencing/lib/python3.10/site-packages/sklearn/metrics/_ranking.py:1046: UserWarning: No positive class found in y_true, recall is set to one for all thresholds.
  warnings.warn(
/workspace/miniforge3/envs/ehrsequencing/lib/python3.10/site-packages/sklearn/metrics/_ranking.py:1046: UserWarning: No positive class found in y_true, recall is set to one for all thresholds.
  warnings.warn(
/workspace/miniforge3/envs/ehrsequencing/lib/python3.10/site-packages/sklearn/metrics/_ranking.py:1046: UserWarning: No positive class found in y_true, recall is set to one for all thresholds.
  warnings.warn(
/workspace/miniforge3/envs/ehrsequencing/lib/python3.10/site-packages/sklearn/metrics/_ranking.py:1046: UserWarning: No positive class found in y_true, recall is set to one for all thresholds.
  warnings.warn(
/workspace/miniforge3/envs/ehrsequencing/lib/python3.10/site-packages/sklearn/metrics/_ranking.py:1046: UserWarning: No positive class found in y_true, recall is set to one for all thresholds.
  warnings.warn(
/workspace/miniforge3/envs/ehrsequencing/lib/python3.10/site-packages/sklearn/metrics/_ranking.py:1046: UserWarning: No positive class found in y_true, recall is set to one for all thresholds.
  warnings.warn(
/workspace/miniforge3/envs/ehrsequencing/lib/python3.10/site-packages/sklearn/metrics/_ranking.py:1046: UserWarning: No positive class found in y_true, recall is set to one for all thresholds.
  warnings.warn(
/workspace/miniforge3/envs/ehrsequencing/lib/python3.10/site-packages/sklearn/metrics/_ranking.py:1046: UserWarning: No positive class found in y_true, recall is set to one for all thresholds.
  warnings.warn(
/workspace/miniforge3/envs/ehrsequencing/lib/python3.10/site-packages/sklearn/metrics/_ranking.py:1046: UserWarning: No positive class found in y_true, recall is set to one for all thresholds.
  warnings.warn(
/workspace/miniforge3/envs/ehrsequencing/lib/python3.10/site-packages/sklearn/metrics/_ranking.py:1046: UserWarning: No positive class found in y_true, recall is set to one for all thresholds.
  warnings.warn(
/workspace/miniforge3/envs/ehrsequencing/lib/python3.10/site-packages/sklearn/metrics/_ranking.py:1046: UserWarning: No positive class found in y_true, recall is set to one for all thresholds.
  warnings.warn(
/workspace/miniforge3/envs/ehrsequencing/lib/python3.10/site-packages/sklearn/metrics/_ranking.py:1046: UserWarning: No positive class found in y_true, recall is set to one for all thresholds.
  warnings.warn(
/workspace/miniforge3/envs/ehrsequencing/lib/python3.10/site-packages/sklearn/metrics/_ranking.py:1046: UserWarning: No positive class found in y_true, recall is set to one for all thresholds.
  warnings.warn(
/workspace/miniforge3/envs/ehrsequencing/lib/python3.10/site-packages/sklearn/metrics/_ranking.py:1046: UserWarning: No positive class found in y_true, recall is set to one for all thresholds.
  warnings.warn(
/workspace/miniforge3/envs/ehrsequencing/lib/python3.10/site-packages/sklearn/metrics/_ranking.py:1046: UserWarning: No positive class found in y_true, recall is set to one for all thresholds.
  warnings.warn(
/workspace/miniforge3/envs/ehrsequencing/lib/python3.10/site-packages/sklearn/metrics/_ranking.py:1046: UserWarning: No positive class found in y_true, recall is set to one for all thresholds.
  warnings.warn(
/workspace/miniforge3/envs/ehrsequencing/lib/python3.10/site-packages/sklearn/metrics/_ranking.py:1046: UserWarning: No positive class found in y_true, recall is set to one for all thresholds.
  warnings.warn(
/workspace/miniforge3/envs/ehrsequencing/lib/python3.10/site-packages/sklearn/metrics/_ranking.py:1046: UserWarning: No positive class found in y_true, recall is set to one for all thresholds.
  warnings.warn(
/workspace/miniforge3/envs/ehrsequencing/lib/python3.10/site-packages/sklearn/metrics/_ranking.py:1046: UserWarning: No positive class found in y_true, recall is set to one for all thresholds.
  warnings.warn(
/workspace/miniforge3/envs/ehrsequencing/lib/python3.10/site-packages/sklearn/metrics/_ranking.py:1046: UserWarning: No positive class found in y_true, recall is set to one for all thresholds.
  warnings.warn(
/workspace/miniforge3/envs/ehrsequencing/lib/python3.10/site-packages/sklearn/metrics/_ranking.py:1046: UserWarning: No positive class found in y_true, recall is set to one for all thresholds.
  warnings.warn(
/workspace/miniforge3/envs/ehrsequencing/lib/python3.10/site-packages/sklearn/metrics/_ranking.py:1046: UserWarning: No positive class found in y_true, recall is set to one for all thresholds.
  warnings.warn(
/workspace/miniforge3/envs/ehrsequencing/lib/python3.10/site-packages/sklearn/metrics/_ranking.py:1046: UserWarning: No positive class found in y_true, recall is set to one for all thresholds.
  warnings.warn(
/workspace/miniforge3/envs/ehrsequencing/lib/python3.10/site-packages/sklearn/metrics/_ranking.py:1046: UserWarning: No positive class found in y_true, recall is set to one for all thresholds.
  warnings.warn(
/workspace/miniforge3/envs/ehrsequencing/lib/python3.10/site-packages/sklearn/metrics/_ranking.py:1046: UserWarning: No positive class found in y_true, recall is set to one for all thresholds.
  warnings.warn(
/workspace/miniforge3/envs/ehrsequencing/lib/python3.10/site-packages/sklearn/metrics/_ranking.py:1046: UserWarning: No positive class found in y_true, recall is set to one for all thresholds.
  warnings.warn(
/workspace/miniforge3/envs/ehrsequencing/lib/python3.10/site-packages/sklearn/metrics/_ranking.py:1046: UserWarning: No positive class found in y_true, recall is set to one for all thresholds.
  warnings.warn(
/workspace/miniforge3/envs/ehrsequencing/lib/python3.10/site-packages/sklearn/metrics/_ranking.py:1046: UserWarning: No positive class found in y_true, recall is set to one for all thresholds.
  warnings.warn(
/workspace/miniforge3/envs/ehrsequencing/lib/python3.10/site-packages/sklearn/metrics/_ranking.py:1046: UserWarning: No positive class found in y_true, recall is set to one for all thresholds.
  warnings.warn(
/workspace/miniforge3/envs/ehrsequencing/lib/python3.10/site-packages/sklearn/metrics/_ranking.py:1046: UserWarning: No positive class found in y_true, recall is set to one for all thresholds.
  warnings.warn(
/workspace/miniforge3/envs/ehrsequencing/lib/python3.10/site-packages/sklearn/metrics/_ranking.py:1046: UserWarning: No positive class found in y_true, recall is set to one for all thresholds.
  warnings.warn(
/workspace/miniforge3/envs/ehrsequencing/lib/python3.10/site-packages/sklearn/metrics/_ranking.py:1046: UserWarning: No positive class found in y_true, recall is set to one for all thresholds.
  warnings.warn(
/workspace/miniforge3/envs/ehrsequencing/lib/python3.10/site-packages/sklearn/metrics/_ranking.py:1046: UserWarning: No positive class found in y_true, recall is set to one for all thresholds.
  warnings.warn(
/workspace/miniforge3/envs/ehrsequencing/lib/python3.10/site-packages/sklearn/metrics/_ranking.py:1046: UserWarning: No positive class found in y_true, recall is set to one for all thresholds.
  warnings.warn(
/workspace/miniforge3/envs/ehrsequencing/lib/python3.10/site-packages/sklearn/metrics/_ranking.py:1046: UserWarning: No positive class found in y_true, recall is set to one for all thresholds.
  warnings.warn(
/workspace/miniforge3/envs/ehrsequencing/lib/python3.10/site-packages/sklearn/metrics/_ranking.py:1046: UserWarning: No positive class found in y_true, recall is set to one for all thresholds.
  warnings.warn(
/workspace/miniforge3/envs/ehrsequencing/lib/python3.10/site-packages/sklearn/metrics/_ranking.py:1046: UserWarning: No positive class found in y_true, recall is set to one for all thresholds.
  warnings.warn(
/workspace/miniforge3/envs/ehrsequencing/lib/python3.10/site-packages/sklearn/metrics/_ranking.py:1046: UserWarning: No positive class found in y_true, recall is set to one for all thresholds.
  warnings.warn(
/workspace/miniforge3/envs/ehrsequencing/lib/python3.10/site-packages/sklearn/metrics/_ranking.py:1046: UserWarning: No positive class found in y_true, recall is set to one for all thresholds.
  warnings.warn(
/workspace/miniforge3/envs/ehrsequencing/lib/python3.10/site-packages/sklearn/metrics/_ranking.py:1046: UserWarning: No positive class found in y_true, recall is set to one for all thresholds.
  warnings.warn(
/workspace/miniforge3/envs/ehrsequencing/lib/python3.10/site-packages/sklearn/metrics/_ranking.py:1046: UserWarning: No positive class found in y_true, recall is set to one for all thresholds.
  warnings.warn(
/workspace/miniforge3/envs/ehrsequencing/lib/python3.10/site-packages/sklearn/metrics/_ranking.py:1046: UserWarning: No positive class found in y_true, recall is set to one for all thresholds.
  warnings.warn(
/workspace/miniforge3/envs/ehrsequencing/lib/python3.10/site-packages/sklearn/metrics/_ranking.py:1046: UserWarning: No positive class found in y_true, recall is set to one for all thresholds.
  warnings.warn(
/workspace/miniforge3/envs/ehrsequencing/lib/python3.10/site-packages/sklearn/metrics/_ranking.py:1046: UserWarning: No positive class found in y_true, recall is set to one for all thresholds.
  warnings.warn(
/workspace/miniforge3/envs/ehrsequencing/lib/python3.10/site-packages/sklearn/metrics/_ranking.py:1046: UserWarning: No positive class found in y_true, recall is set to one for all thresholds.
  warnings.warn(
/workspace/miniforge3/envs/ehrsequencing/lib/python3.10/site-packages/sklearn/metrics/_ranking.py:1046: UserWarning: No positive class found in y_true, recall is set to one for all thresholds.
  warnings.warn(
/workspace/miniforge3/envs/ehrsequencing/lib/python3.10/site-packages/sklearn/metrics/_ranking.py:1046: UserWarning: No positive class found in y_true, recall is set to one for all thresholds.
  warnings.warn(
/workspace/miniforge3/envs/ehrsequencing/lib/python3.10/site-packages/sklearn/metrics/_ranking.py:1046: UserWarning: No positive class found in y_true, recall is set to one for all thresholds.
  warnings.warn(
/workspace/miniforge3/envs/ehrsequencing/lib/python3.10/site-packages/sklearn/metrics/_ranking.py:1046: UserWarning: No positive class found in y_true, recall is set to one for all thresholds.
  warnings.warn(
/workspace/miniforge3/envs/ehrsequencing/lib/python3.10/site-packages/sklearn/metrics/_ranking.py:1046: UserWarning: No positive class found in y_true, recall is set to one for all thresholds.
  warnings.warn(
/workspace/miniforge3/envs/ehrsequencing/lib/python3.10/site-packages/sklearn/metrics/_ranking.py:1046: UserWarning: No positive class found in y_true, recall is set to one for all thresholds.
  warnings.warn(
/workspace/miniforge3/envs/ehrsequencing/lib/python3.10/site-packages/sklearn/metrics/_ranking.py:1046: UserWarning: No positive class found in y_true, recall is set to one for all thresholds.
  warnings.warn(
/workspace/miniforge3/envs/ehrsequencing/lib/python3.10/site-packages/sklearn/metrics/_ranking.py:1046: UserWarning: No positive class found in y_true, recall is set to one for all thresholds.
  warnings.warn(
/workspace/miniforge3/envs/ehrsequencing/lib/python3.10/site-packages/sklearn/metrics/_ranking.py:1046: UserWarning: No positive class found in y_true, recall is set to one for all thresholds.
  warnings.warn(
/workspace/miniforge3/envs/ehrsequencing/lib/python3.10/site-packages/sklearn/metrics/_ranking.py:1046: UserWarning: No positive class found in y_true, recall is set to one for all thresholds.
  warnings.warn(
/workspace/miniforge3/envs/ehrsequencing/lib/python3.10/site-packages/sklearn/metrics/_ranking.py:1046: UserWarning: No positive class found in y_true, recall is set to one for all thresholds.
  warnings.warn(
/workspace/miniforge3/envs/ehrsequencing/lib/python3.10/site-packages/sklearn/metrics/_ranking.py:1046: UserWarning: No positive class found in y_true, recall is set to one for all thresholds.
  warnings.warn(
/workspace/miniforge3/envs/ehrsequencing/lib/python3.10/site-packages/sklearn/metrics/_ranking.py:1046: UserWarning: No positive class found in y_true, recall is set to one for all thresholds.
  warnings.warn(
/workspace/miniforge3/envs/ehrsequencing/lib/python3.10/site-packages/sklearn/metrics/_ranking.py:1046: UserWarning: No positive class found in y_true, recall is set to one for all thresholds.
  warnings.warn(
/workspace/miniforge3/envs/ehrsequencing/lib/python3.10/site-packages/sklearn/metrics/_ranking.py:1046: UserWarning: No positive class found in y_true, recall is set to one for all thresholds.
  warnings.warn(
/workspace/miniforge3/envs/ehrsequencing/lib/python3.10/site-packages/sklearn/metrics/_ranking.py:1046: UserWarning: No positive class found in y_true, recall is set to one for all thresholds.
  warnings.warn(
/workspace/miniforge3/envs/ehrsequencing/lib/python3.10/site-packages/sklearn/metrics/_ranking.py:1046: UserWarning: No positive class found in y_true, recall is set to one for all thresholds.
  warnings.warn(
/workspace/miniforge3/envs/ehrsequencing/lib/python3.10/site-packages/sklearn/metrics/_ranking.py:1046: UserWarning: No positive class found in y_true, recall is set to one for all thresholds.
  warnings.warn(
/workspace/miniforge3/envs/ehrsequencing/lib/python3.10/site-packages/sklearn/metrics/_ranking.py:1046: UserWarning: No positive class found in y_true, recall is set to one for all thresholds.
  warnings.warn(
/workspace/miniforge3/envs/ehrsequencing/lib/python3.10/site-packages/sklearn/metrics/_ranking.py:1046: UserWarning: No positive class found in y_true, recall is set to one for all thresholds.
  warnings.warn(
/workspace/miniforge3/envs/ehrsequencing/lib/python3.10/site-packages/sklearn/metrics/_ranking.py:1046: UserWarning: No positive class found in y_true, recall is set to one for all thresholds.
  warnings.warn(
/workspace/miniforge3/envs/ehrsequencing/lib/python3.10/site-packages/sklearn/metrics/_ranking.py:1046: UserWarning: No positive class found in y_true, recall is set to one for all thresholds.
  warnings.warn(
/workspace/miniforge3/envs/ehrsequencing/lib/python3.10/site-packages/sklearn/metrics/_ranking.py:1046: UserWarning: No positive class found in y_true, recall is set to one for all thresholds.
  warnings.warn(
/workspace/miniforge3/envs/ehrsequencing/lib/python3.10/site-packages/sklearn/metrics/_ranking.py:1046: UserWarning: No positive class found in y_true, recall is set to one for all thresholds.
  warnings.warn(
/workspace/miniforge3/envs/ehrsequencing/lib/python3.10/site-packages/sklearn/metrics/_ranking.py:1046: UserWarning: No positive class found in y_true, recall is set to one for all thresholds.
  warnings.warn(
/workspace/miniforge3/envs/ehrsequencing/lib/python3.10/site-packages/sklearn/metrics/_ranking.py:1046: UserWarning: No positive class found in y_true, recall is set to one for all thresholds.
  warnings.warn(
/workspace/miniforge3/envs/ehrsequencing/lib/python3.10/site-packages/sklearn/metrics/_ranking.py:1046: UserWarning: No positive class found in y_true, recall is set to one for all thresholds.
  warnings.warn(
/workspace/miniforge3/envs/ehrsequencing/lib/python3.10/site-packages/sklearn/metrics/_ranking.py:1046: UserWarning: No positive class found in y_true, recall is set to one for all thresholds.
  warnings.warn(
/workspace/miniforge3/envs/ehrsequencing/lib/python3.10/site-packages/sklearn/metrics/_ranking.py:1046: UserWarning: No positive class found in y_true, recall is set to one for all thresholds.
  warnings.warn(
/workspace/miniforge3/envs/ehrsequencing/lib/python3.10/site-packages/sklearn/metrics/_ranking.py:1046: UserWarning: No positive class found in y_true, recall is set to one for all thresholds.
  warnings.warn(
/workspace/miniforge3/envs/ehrsequencing/lib/python3.10/site-packages/sklearn/metrics/_ranking.py:1046: UserWarning: No positive class found in y_true, recall is set to one for all thresholds.
  warnings.warn(
/workspace/miniforge3/envs/ehrsequencing/lib/python3.10/site-packages/sklearn/metrics/_ranking.py:1046: UserWarning: No positive class found in y_true, recall is set to one for all thresholds.
  warnings.warn(
/workspace/miniforge3/envs/ehrsequencing/lib/python3.10/site-packages/sklearn/metrics/_ranking.py:1046: UserWarning: No positive class found in y_true, recall is set to one for all thresholds.
  warnings.warn(
/workspace/miniforge3/envs/ehrsequencing/lib/python3.10/site-packages/sklearn/metrics/_ranking.py:1046: UserWarning: No positive class found in y_true, recall is set to one for all thresholds.
  warnings.warn(
/workspace/miniforge3/envs/ehrsequencing/lib/python3.10/site-packages/sklearn/metrics/_ranking.py:1046: UserWarning: No positive class found in y_true, recall is set to one for all thresholds.
  warnings.warn(
/workspace/miniforge3/envs/ehrsequencing/lib/python3.10/site-packages/sklearn/metrics/_ranking.py:1046: UserWarning: No positive class found in y_true, recall is set to one for all thresholds.
  warnings.warn(
/workspace/miniforge3/envs/ehrsequencing/lib/python3.10/site-packages/sklearn/metrics/_ranking.py:1046: UserWarning: No positive class found in y_true, recall is set to one for all thresholds.
  warnings.warn(
/workspace/miniforge3/envs/ehrsequencing/lib/python3.10/site-packages/sklearn/metrics/_ranking.py:1046: UserWarning: No positive class found in y_true, recall is set to one for all thresholds.
  warnings.warn(
/workspace/miniforge3/envs/ehrsequencing/lib/python3.10/site-packages/sklearn/metrics/_ranking.py:1046: UserWarning: No positive class found in y_true, recall is set to one for all thresholds.
  warnings.warn(
/workspace/miniforge3/envs/ehrsequencing/lib/python3.10/site-packages/sklearn/metrics/_ranking.py:1046: UserWarning: No positive class found in y_true, recall is set to one for all thresholds.
  warnings.warn(
/workspace/miniforge3/envs/ehrsequencing/lib/python3.10/site-packages/sklearn/metrics/_ranking.py:1046: UserWarning: No positive class found in y_true, recall is set to one for all thresholds.
  warnings.warn(
/workspace/miniforge3/envs/ehrsequencing/lib/python3.10/site-packages/sklearn/metrics/_ranking.py:1046: UserWarning: No positive class found in y_true, recall is set to one for all thresholds.
  warnings.warn(
/workspace/miniforge3/envs/ehrsequencing/lib/python3.10/site-packages/sklearn/metrics/_ranking.py:1046: UserWarning: No positive class found in y_true, recall is set to one for all thresholds.
  warnings.warn(
/workspace/miniforge3/envs/ehrsequencing/lib/python3.10/site-packages/sklearn/metrics/_ranking.py:1046: UserWarning: No positive class found in y_true, recall is set to one for all thresholds.
  warnings.warn(
/workspace/miniforge3/envs/ehrsequencing/lib/python3.10/site-packages/sklearn/metrics/_ranking.py:1046: UserWarning: No positive class found in y_true, recall is set to one for all thresholds.
  warnings.warn(
/workspace/miniforge3/envs/ehrsequencing/lib/python3.10/site-packages/sklearn/metrics/_ranking.py:1046: UserWarning: No positive class found in y_true, recall is set to one for all thresholds.
  warnings.warn(
/workspace/miniforge3/envs/ehrsequencing/lib/python3.10/site-packages/sklearn/metrics/_ranking.py:1046: UserWarning: No positive class found in y_true, recall is set to one for all thresholds.
  warnings.warn(
/workspace/miniforge3/envs/ehrsequencing/lib/python3.10/site-packages/sklearn/metrics/_ranking.py:1046: UserWarning: No positive class found in y_true, recall is set to one for all thresholds.
  warnings.warn(
/workspace/miniforge3/envs/ehrsequencing/lib/python3.10/site-packages/sklearn/metrics/_ranking.py:1046: UserWarning: No positive class found in y_true, recall is set to one for all thresholds.
  warnings.warn(
/workspace/miniforge3/envs/ehrsequencing/lib/python3.10/site-packages/sklearn/metrics/_ranking.py:1046: UserWarning: No positive class found in y_true, recall is set to one for all thresholds.
  warnings.warn(
/workspace/miniforge3/envs/ehrsequencing/lib/python3.10/site-packages/sklearn/metrics/_ranking.py:1046: UserWarning: No positive class found in y_true, recall is set to one for all thresholds.
  warnings.warn(
/workspace/miniforge3/envs/ehrsequencing/lib/python3.10/site-packages/sklearn/metrics/_ranking.py:1046: UserWarning: No positive class found in y_true, recall is set to one for all thresholds.
  warnings.warn(
/workspace/miniforge3/envs/ehrsequencing/lib/python3.10/site-packages/sklearn/metrics/_ranking.py:1046: UserWarning: No positive class found in y_true, recall is set to one for all thresholds.
  warnings.warn(
/workspace/miniforge3/envs/ehrsequencing/lib/python3.10/site-packages/sklearn/metrics/_ranking.py:1046: UserWarning: No positive class found in y_true, recall is set to one for all thresholds.
  warnings.warn(
/workspace/miniforge3/envs/ehrsequencing/lib/python3.10/site-packages/sklearn/metrics/_ranking.py:1046: UserWarning: No positive class found in y_true, recall is set to one for all thresholds.
  warnings.warn(
/workspace/miniforge3/envs/ehrsequencing/lib/python3.10/site-packages/sklearn/metrics/_ranking.py:1046: UserWarning: No positive class found in y_true, recall is set to one for all thresholds.
  warnings.warn(
/workspace/miniforge3/envs/ehrsequencing/lib/python3.10/site-packages/sklearn/metrics/_ranking.py:1046: UserWarning: No positive class found in y_true, recall is set to one for all thresholds.
  warnings.warn(
/workspace/miniforge3/envs/ehrsequencing/lib/python3.10/site-packages/sklearn/metrics/_ranking.py:1046: UserWarning: No positive class found in y_true, recall is set to one for all thresholds.
  warnings.warn(
/workspace/miniforge3/envs/ehrsequencing/lib/python3.10/site-packages/sklearn/metrics/_ranking.py:1046: UserWarning: No positive class found in y_true, recall is set to one for all thresholds.
  warnings.warn(
/workspace/miniforge3/envs/ehrsequencing/lib/python3.10/site-packages/sklearn/metrics/_ranking.py:1046: UserWarning: No positive class found in y_true, recall is set to one for all thresholds.
  warnings.warn(
/workspace/miniforge3/envs/ehrsequencing/lib/python3.10/site-packages/sklearn/metrics/_ranking.py:1046: UserWarning: No positive class found in y_true, recall is set to one for all thresholds.
  warnings.warn(
/workspace/miniforge3/envs/ehrsequencing/lib/python3.10/site-packages/sklearn/metrics/_ranking.py:1046: UserWarning: No positive class found in y_true, recall is set to one for all thresholds.
  warnings.warn(
/workspace/miniforge3/envs/ehrsequencing/lib/python3.10/site-packages/sklearn/metrics/_ranking.py:1046: UserWarning: No positive class found in y_true, recall is set to one for all thresholds.
  warnings.warn(
/workspace/miniforge3/envs/ehrsequencing/lib/python3.10/site-packages/sklearn/metrics/_ranking.py:1046: UserWarning: No positive class found in y_true, recall is set to one for all thresholds.
  warnings.warn(
/workspace/miniforge3/envs/ehrsequencing/lib/python3.10/site-packages/sklearn/metrics/_ranking.py:1046: UserWarning: No positive class found in y_true, recall is set to one for all thresholds.
  warnings.warn(
/workspace/miniforge3/envs/ehrsequencing/lib/python3.10/site-packages/sklearn/metrics/_ranking.py:1046: UserWarning: No positive class found in y_true, recall is set to one for all thresholds.
  warnings.warn(
/workspace/miniforge3/envs/ehrsequencing/lib/python3.10/site-packages/sklearn/metrics/_ranking.py:1046: UserWarning: No positive class found in y_true, recall is set to one for all thresholds.
  warnings.warn(
/workspace/miniforge3/envs/ehrsequencing/lib/python3.10/site-packages/sklearn/metrics/_ranking.py:1046: UserWarning: No positive class found in y_true, recall is set to one for all thresholds.
  warnings.warn(
/workspace/miniforge3/envs/ehrsequencing/lib/python3.10/site-packages/sklearn/metrics/_ranking.py:1046: UserWarning: No positive class found in y_true, recall is set to one for all thresholds.
  warnings.warn(
/workspace/miniforge3/envs/ehrsequencing/lib/python3.10/site-packages/sklearn/metrics/_ranking.py:1046: UserWarning: No positive class found in y_true, recall is set to one for all thresholds.
  warnings.warn(
/workspace/miniforge3/envs/ehrsequencing/lib/python3.10/site-packages/sklearn/metrics/_ranking.py:1046: UserWarning: No positive class found in y_true, recall is set to one for all thresholds.
  warnings.warn(
/workspace/miniforge3/envs/ehrsequencing/lib/python3.10/site-packages/sklearn/metrics/_ranking.py:1046: UserWarning: No positive class found in y_true, recall is set to one for all thresholds.
  warnings.warn(
/workspace/miniforge3/envs/ehrsequencing/lib/python3.10/site-packages/sklearn/metrics/_ranking.py:1046: UserWarning: No positive class found in y_true, recall is set to one for all thresholds.
  warnings.warn(
/workspace/miniforge3/envs/ehrsequencing/lib/python3.10/site-packages/sklearn/metrics/_ranking.py:1046: UserWarning: No positive class found in y_true, recall is set to one for all thresholds.
  warnings.warn(
/workspace/miniforge3/envs/ehrsequencing/lib/python3.10/site-packages/sklearn/metrics/_ranking.py:1046: UserWarning: No positive class found in y_true, recall is set to one for all thresholds.
  warnings.warn(
/workspace/miniforge3/envs/ehrsequencing/lib/python3.10/site-packages/sklearn/metrics/_ranking.py:1046: UserWarning: No positive class found in y_true, recall is set to one for all thresholds.
  warnings.warn(
/workspace/miniforge3/envs/ehrsequencing/lib/python3.10/site-packages/sklearn/metrics/_ranking.py:1046: UserWarning: No positive class found in y_true, recall is set to one for all thresholds.
  warnings.warn(
/workspace/miniforge3/envs/ehrsequencing/lib/python3.10/site-packages/sklearn/metrics/_ranking.py:1046: UserWarning: No positive class found in y_true, recall is set to one for all thresholds.
  warnings.warn(
/workspace/miniforge3/envs/ehrsequencing/lib/python3.10/site-packages/sklearn/metrics/_ranking.py:1046: UserWarning: No positive class found in y_true, recall is set to one for all thresholds.
  warnings.warn(
/workspace/miniforge3/envs/ehrsequencing/lib/python3.10/site-packages/sklearn/metrics/_ranking.py:1046: UserWarning: No positive class found in y_true, recall is set to one for all thresholds.
  warnings.warn(
/workspace/miniforge3/envs/ehrsequencing/lib/python3.10/site-packages/sklearn/metrics/_ranking.py:1046: UserWarning: No positive class found in y_true, recall is set to one for all thresholds.
  warnings.warn(
/workspace/miniforge3/envs/ehrsequencing/lib/python3.10/site-packages/sklearn/metrics/_ranking.py:1046: UserWarning: No positive class found in y_true, recall is set to one for all thresholds.
  warnings.warn(
/workspace/miniforge3/envs/ehrsequencing/lib/python3.10/site-packages/sklearn/metrics/_ranking.py:1046: UserWarning: No positive class found in y_true, recall is set to one for all thresholds.
  warnings.warn(
/workspace/miniforge3/envs/ehrsequencing/lib/python3.10/site-packages/sklearn/metrics/_ranking.py:1046: UserWarning: No positive class found in y_true, recall is set to one for all thresholds.
  warnings.warn(
/workspace/miniforge3/envs/ehrsequencing/lib/python3.10/site-packages/sklearn/metrics/_ranking.py:1046: UserWarning: No positive class found in y_true, recall is set to one for all thresholds.
  warnings.warn(
/workspace/miniforge3/envs/ehrsequencing/lib/python3.10/site-packages/sklearn/metrics/_ranking.py:1046: UserWarning: No positive class found in y_true, recall is set to one for all thresholds.
  warnings.warn(
/workspace/miniforge3/envs/ehrsequencing/lib/python3.10/site-packages/sklearn/metrics/_ranking.py:1046: UserWarning: No positive class found in y_true, recall is set to one for all thresholds.
  warnings.warn(
/workspace/miniforge3/envs/ehrsequencing/lib/python3.10/site-packages/sklearn/metrics/_ranking.py:1046: UserWarning: No positive class found in y_true, recall is set to one for all thresholds.
  warnings.warn(
/workspace/miniforge3/envs/ehrsequencing/lib/python3.10/site-packages/sklearn/metrics/_ranking.py:1046: UserWarning: No positive class found in y_true, recall is set to one for all thresholds.
  warnings.warn(
/workspace/miniforge3/envs/ehrsequencing/lib/python3.10/site-packages/sklearn/metrics/_ranking.py:1046: UserWarning: No positive class found in y_true, recall is set to one for all thresholds.
  warnings.warn(
/workspace/miniforge3/envs/ehrsequencing/lib/python3.10/site-packages/sklearn/metrics/_ranking.py:1046: UserWarning: No positive class found in y_true, recall is set to one for all thresholds.
  warnings.warn(
/workspace/miniforge3/envs/ehrsequencing/lib/python3.10/site-packages/sklearn/metrics/_ranking.py:1046: UserWarning: No positive class found in y_true, recall is set to one for all thresholds.
  warnings.warn(
/workspace/miniforge3/envs/ehrsequencing/lib/python3.10/site-packages/sklearn/metrics/_ranking.py:1046: UserWarning: No positive class found in y_true, recall is set to one for all thresholds.
  warnings.warn(
/workspace/miniforge3/envs/ehrsequencing/lib/python3.10/site-packages/sklearn/metrics/_ranking.py:1046: UserWarning: No positive class found in y_true, recall is set to one for all thresholds.
  warnings.warn(
/workspace/miniforge3/envs/ehrsequencing/lib/python3.10/site-packages/sklearn/metrics/_ranking.py:1046: UserWarning: No positive class found in y_true, recall is set to one for all thresholds.
  warnings.warn(
/workspace/miniforge3/envs/ehrsequencing/lib/python3.10/site-packages/sklearn/metrics/_ranking.py:1046: UserWarning: No positive class found in y_true, recall is set to one for all thresholds.
  warnings.warn(
/workspace/miniforge3/envs/ehrsequencing/lib/python3.10/site-packages/sklearn/metrics/_ranking.py:1046: UserWarning: No positive class found in y_true, recall is set to one for all thresholds.
  warnings.warn(
/workspace/miniforge3/envs/ehrsequencing/lib/python3.10/site-packages/sklearn/metrics/_ranking.py:1046: UserWarning: No positive class found in y_true, recall is set to one for all thresholds.
  warnings.warn(
/workspace/miniforge3/envs/ehrsequencing/lib/python3.10/site-packages/sklearn/metrics/_ranking.py:1046: UserWarning: No positive class found in y_true, recall is set to one for all thresholds.
  warnings.warn(
/workspace/miniforge3/envs/ehrsequencing/lib/python3.10/site-packages/sklearn/metrics/_ranking.py:1046: UserWarning: No positive class found in y_true, recall is set to one for all thresholds.
  warnings.warn(
/workspace/miniforge3/envs/ehrsequencing/lib/python3.10/site-packages/sklearn/metrics/_ranking.py:1046: UserWarning: No positive class found in y_true, recall is set to one for all thresholds.
  warnings.warn(
/workspace/miniforge3/envs/ehrsequencing/lib/python3.10/site-packages/sklearn/metrics/_ranking.py:1046: UserWarning: No positive class found in y_true, recall is set to one for all thresholds.
  warnings.warn(
/workspace/miniforge3/envs/ehrsequencing/lib/python3.10/site-packages/sklearn/metrics/_ranking.py:1046: UserWarning: No positive class found in y_true, recall is set to one for all thresholds.
  warnings.warn(
/workspace/miniforge3/envs/ehrsequencing/lib/python3.10/site-packages/sklearn/metrics/_ranking.py:1046: UserWarning: No positive class found in y_true, recall is set to one for all thresholds.
  warnings.warn(
/workspace/miniforge3/envs/ehrsequencing/lib/python3.10/site-packages/sklearn/metrics/_ranking.py:1046: UserWarning: No positive class found in y_true, recall is set to one for all thresholds.
  warnings.warn(
/workspace/miniforge3/envs/ehrsequencing/lib/python3.10/site-packages/sklearn/metrics/_ranking.py:1046: UserWarning: No positive class found in y_true, recall is set to one for all thresholds.
  warnings.warn(
/workspace/miniforge3/envs/ehrsequencing/lib/python3.10/site-packages/sklearn/metrics/_ranking.py:1046: UserWarning: No positive class found in y_true, recall is set to one for all thresholds.
  warnings.warn(
/workspace/miniforge3/envs/ehrsequencing/lib/python3.10/site-packages/sklearn/metrics/_ranking.py:1046: UserWarning: No positive class found in y_true, recall is set to one for all thresholds.
  warnings.warn(
/workspace/miniforge3/envs/ehrsequencing/lib/python3.10/site-packages/sklearn/metrics/_ranking.py:1046: UserWarning: No positive class found in y_true, recall is set to one for all thresholds.
  warnings.warn(
/workspace/miniforge3/envs/ehrsequencing/lib/python3.10/site-packages/sklearn/metrics/_ranking.py:1046: UserWarning: No positive class found in y_true, recall is set to one for all thresholds.
  warnings.warn(
/workspace/miniforge3/envs/ehrsequencing/lib/python3.10/site-packages/sklearn/metrics/_ranking.py:1046: UserWarning: No positive class found in y_true, recall is set to one for all thresholds.
  warnings.warn(
/workspace/miniforge3/envs/ehrsequencing/lib/python3.10/site-packages/sklearn/metrics/_ranking.py:1046: UserWarning: No positive class found in y_true, recall is set to one for all thresholds.
  warnings.warn(
/workspace/miniforge3/envs/ehrsequencing/lib/python3.10/site-packages/sklearn/metrics/_ranking.py:1046: UserWarning: No positive class found in y_true, recall is set to one for all thresholds.
  warnings.warn(
/workspace/miniforge3/envs/ehrsequencing/lib/python3.10/site-packages/sklearn/metrics/_ranking.py:1046: UserWarning: No positive class found in y_true, recall is set to one for all thresholds.
  warnings.warn(
/workspace/miniforge3/envs/ehrsequencing/lib/python3.10/site-packages/sklearn/metrics/_ranking.py:1046: UserWarning: No positive class found in y_true, recall is set to one for all thresholds.
  warnings.warn(
/workspace/miniforge3/envs/ehrsequencing/lib/python3.10/site-packages/sklearn/metrics/_ranking.py:1046: UserWarning: No positive class found in y_true, recall is set to one for all thresholds.
  warnings.warn(
/workspace/miniforge3/envs/ehrsequencing/lib/python3.10/site-packages/sklearn/metrics/_ranking.py:1046: UserWarning: No positive class found in y_true, recall is set to one for all thresholds.
  warnings.warn(
/workspace/miniforge3/envs/ehrsequencing/lib/python3.10/site-packages/sklearn/metrics/_ranking.py:1046: UserWarning: No positive class found in y_true, recall is set to one for all thresholds.
  warnings.warn(
/workspace/miniforge3/envs/ehrsequencing/lib/python3.10/site-packages/sklearn/metrics/_ranking.py:1046: UserWarning: No positive class found in y_true, recall is set to one for all thresholds.
  warnings.warn(
/workspace/miniforge3/envs/ehrsequencing/lib/python3.10/site-packages/sklearn/metrics/_ranking.py:1046: UserWarning: No positive class found in y_true, recall is set to one for all thresholds.
  warnings.warn(
/workspace/miniforge3/envs/ehrsequencing/lib/python3.10/site-packages/sklearn/metrics/_ranking.py:1046: UserWarning: No positive class found in y_true, recall is set to one for all thresholds.
  warnings.warn(
/workspace/miniforge3/envs/ehrsequencing/lib/python3.10/site-packages/sklearn/metrics/_ranking.py:1046: UserWarning: No positive class found in y_true, recall is set to one for all thresholds.
  warnings.warn(
/workspace/miniforge3/envs/ehrsequencing/lib/python3.10/site-packages/sklearn/metrics/_ranking.py:1046: UserWarning: No positive class found in y_true, recall is set to one for all thresholds.
  warnings.warn(
/workspace/miniforge3/envs/ehrsequencing/lib/python3.10/site-packages/sklearn/metrics/_ranking.py:1046: UserWarning: No positive class found in y_true, recall is set to one for all thresholds.
  warnings.warn(
/workspace/miniforge3/envs/ehrsequencing/lib/python3.10/site-packages/sklearn/metrics/_ranking.py:1046: UserWarning: No positive class found in y_true, recall is set to one for all thresholds.
  warnings.warn(
/workspace/miniforge3/envs/ehrsequencing/lib/python3.10/site-packages/sklearn/metrics/_ranking.py:1046: UserWarning: No positive class found in y_true, recall is set to one for all thresholds.
  warnings.warn(
/workspace/miniforge3/envs/ehrsequencing/lib/python3.10/site-packages/sklearn/metrics/_ranking.py:1046: UserWarning: No positive class found in y_true, recall is set to one for all thresholds.
  warnings.warn(
/workspace/miniforge3/envs/ehrsequencing/lib/python3.10/site-packages/sklearn/metrics/_ranking.py:1046: UserWarning: No positive class found in y_true, recall is set to one for all thresholds.
  warnings.warn(
/workspace/miniforge3/envs/ehrsequencing/lib/python3.10/site-packages/sklearn/metrics/_ranking.py:1046: UserWarning: No positive class found in y_true, recall is set to one for all thresholds.
  warnings.warn(
/workspace/miniforge3/envs/ehrsequencing/lib/python3.10/site-packages/sklearn/metrics/_ranking.py:1046: UserWarning: No positive class found in y_true, recall is set to one for all thresholds.
  warnings.warn(
/workspace/miniforge3/envs/ehrsequencing/lib/python3.10/site-packages/sklearn/metrics/_ranking.py:1046: UserWarning: No positive class found in y_true, recall is set to one for all thresholds.
  warnings.warn(
/workspace/miniforge3/envs/ehrsequencing/lib/python3.10/site-packages/sklearn/metrics/_ranking.py:1046: UserWarning: No positive class found in y_true, recall is set to one for all thresholds.
  warnings.warn(
/workspace/miniforge3/envs/ehrsequencing/lib/python3.10/site-packages/sklearn/metrics/_ranking.py:1046: UserWarning: No positive class found in y_true, recall is set to one for all thresholds.
  warnings.warn(
/workspace/miniforge3/envs/ehrsequencing/lib/python3.10/site-packages/sklearn/metrics/_ranking.py:1046: UserWarning: No positive class found in y_true, recall is set to one for all thresholds.
  warnings.warn(
/workspace/miniforge3/envs/ehrsequencing/lib/python3.10/site-packages/sklearn/metrics/_ranking.py:1046: UserWarning: No positive class found in y_true, recall is set to one for all thresholds.
  warnings.warn(
/workspace/miniforge3/envs/ehrsequencing/lib/python3.10/site-packages/sklearn/metrics/_ranking.py:1046: UserWarning: No positive class found in y_true, recall is set to one for all thresholds.
  warnings.warn(
/workspace/miniforge3/envs/ehrsequencing/lib/python3.10/site-packages/sklearn/metrics/_ranking.py:1046: UserWarning: No positive class found in y_true, recall is set to one for all thresholds.
  warnings.warn(
/workspace/miniforge3/envs/ehrsequencing/lib/python3.10/site-packages/sklearn/metrics/_ranking.py:1046: UserWarning: No positive class found in y_true, recall is set to one for all thresholds.
  warnings.warn(
/workspace/miniforge3/envs/ehrsequencing/lib/python3.10/site-packages/sklearn/metrics/_ranking.py:1046: UserWarning: No positive class found in y_true, recall is set to one for all thresholds.
  warnings.warn(
/workspace/miniforge3/envs/ehrsequencing/lib/python3.10/site-packages/sklearn/metrics/_ranking.py:1046: UserWarning: No positive class found in y_true, recall is set to one for all thresholds.
  warnings.warn(
/workspace/miniforge3/envs/ehrsequencing/lib/python3.10/site-packages/sklearn/metrics/_ranking.py:1046: UserWarning: No positive class found in y_true, recall is set to one for all thresholds.
  warnings.warn(
/workspace/miniforge3/envs/ehrsequencing/lib/python3.10/site-packages/sklearn/metrics/_ranking.py:1046: UserWarning: No positive class found in y_true, recall is set to one for all thresholds.
  warnings.warn(
/workspace/miniforge3/envs/ehrsequencing/lib/python3.10/site-packages/sklearn/metrics/_ranking.py:1046: UserWarning: No positive class found in y_true, recall is set to one for all thresholds.
  warnings.warn(
/workspace/miniforge3/envs/ehrsequencing/lib/python3.10/site-packages/sklearn/metrics/_ranking.py:1046: UserWarning: No positive class found in y_true, recall is set to one for all thresholds.
  warnings.warn(
/workspace/miniforge3/envs/ehrsequencing/lib/python3.10/site-packages/sklearn/metrics/_ranking.py:1046: UserWarning: No positive class found in y_true, recall is set to one for all thresholds.
  warnings.warn(
/workspace/miniforge3/envs/ehrsequencing/lib/python3.10/site-packages/sklearn/metrics/_ranking.py:1046: UserWarning: No positive class found in y_true, recall is set to one for all thresholds.
  warnings.warn(
/workspace/miniforge3/envs/ehrsequencing/lib/python3.10/site-packages/sklearn/metrics/_ranking.py:1046: UserWarning: No positive class found in y_true, recall is set to one for all thresholds.
  warnings.warn(
/workspace/miniforge3/envs/ehrsequencing/lib/python3.10/site-packages/sklearn/metrics/_ranking.py:1046: UserWarning: No positive class found in y_true, recall is set to one for all thresholds.
  warnings.warn(
/workspace/miniforge3/envs/ehrsequencing/lib/python3.10/site-packages/sklearn/metrics/_ranking.py:1046: UserWarning: No positive class found in y_true, recall is set to one for all thresholds.
  warnings.warn(
/workspace/miniforge3/envs/ehrsequencing/lib/python3.10/site-packages/sklearn/metrics/_ranking.py:1046: UserWarning: No positive class found in y_true, recall is set to one for all thresholds.
  warnings.warn(
/workspace/miniforge3/envs/ehrsequencing/lib/python3.10/site-packages/sklearn/metrics/_ranking.py:1046: UserWarning: No positive class found in y_true, recall is set to one for all thresholds.
  warnings.warn(
/workspace/miniforge3/envs/ehrsequencing/lib/python3.10/site-packages/sklearn/metrics/_ranking.py:1046: UserWarning: No positive class found in y_true, recall is set to one for all thresholds.
  warnings.warn(
/workspace/miniforge3/envs/ehrsequencing/lib/python3.10/site-packages/sklearn/metrics/_ranking.py:1046: UserWarning: No positive class found in y_true, recall is set to one for all thresholds.
  warnings.warn(
/workspace/miniforge3/envs/ehrsequencing/lib/python3.10/site-packages/sklearn/metrics/_ranking.py:1046: UserWarning: No positive class found in y_true, recall is set to one for all thresholds.
  warnings.warn(
/workspace/miniforge3/envs/ehrsequencing/lib/python3.10/site-packages/sklearn/metrics/_ranking.py:1046: UserWarning: No positive class found in y_true, recall is set to one for all thresholds.
  warnings.warn(
/workspace/miniforge3/envs/ehrsequencing/lib/python3.10/site-packages/sklearn/metrics/_ranking.py:1046: UserWarning: No positive class found in y_true, recall is set to one for all thresholds.
  warnings.warn(
/workspace/miniforge3/envs/ehrsequencing/lib/python3.10/site-packages/sklearn/metrics/_ranking.py:1046: UserWarning: No positive class found in y_true, recall is set to one for all thresholds.
  warnings.warn(
/workspace/miniforge3/envs/ehrsequencing/lib/python3.10/site-packages/sklearn/metrics/_ranking.py:1046: UserWarning: No positive class found in y_true, recall is set to one for all thresholds.
  warnings.warn(
/workspace/miniforge3/envs/ehrsequencing/lib/python3.10/site-packages/sklearn/metrics/_ranking.py:1046: UserWarning: No positive class found in y_true, recall is set to one for all thresholds.
  warnings.warn(
/workspace/miniforge3/envs/ehrsequencing/lib/python3.10/site-packages/sklearn/metrics/_ranking.py:1046: UserWarning: No positive class found in y_true, recall is set to one for all thresholds.
  warnings.warn(
/workspace/miniforge3/envs/ehrsequencing/lib/python3.10/site-packages/sklearn/metrics/_ranking.py:1046: UserWarning: No positive class found in y_true, recall is set to one for all thresholds.
  warnings.warn(
/workspace/miniforge3/envs/ehrsequencing/lib/python3.10/site-packages/sklearn/metrics/_ranking.py:1046: UserWarning: No positive class found in y_true, recall is set to one for all thresholds.
  warnings.warn(
/workspace/miniforge3/envs/ehrsequencing/lib/python3.10/site-packages/sklearn/metrics/_ranking.py:1046: UserWarning: No positive class found in y_true, recall is set to one for all thresholds.
  warnings.warn(
/workspace/miniforge3/envs/ehrsequencing/lib/python3.10/site-packages/sklearn/metrics/_ranking.py:1046: UserWarning: No positive class found in y_true, recall is set to one for all thresholds.
  warnings.warn(
/workspace/miniforge3/envs/ehrsequencing/lib/python3.10/site-packages/sklearn/metrics/_ranking.py:1046: UserWarning: No positive class found in y_true, recall is set to one for all thresholds.
  warnings.warn(
/workspace/miniforge3/envs/ehrsequencing/lib/python3.10/site-packages/sklearn/metrics/_ranking.py:1046: UserWarning: No positive class found in y_true, recall is set to one for all thresholds.
  warnings.warn(
/workspace/miniforge3/envs/ehrsequencing/lib/python3.10/site-packages/sklearn/metrics/_ranking.py:1046: UserWarning: No positive class found in y_true, recall is set to one for all thresholds.
  warnings.warn(
/workspace/miniforge3/envs/ehrsequencing/lib/python3.10/site-packages/sklearn/metrics/_ranking.py:1046: UserWarning: No positive class found in y_true, recall is set to one for all thresholds.
  warnings.warn(
/workspace/miniforge3/envs/ehrsequencing/lib/python3.10/site-packages/sklearn/metrics/_ranking.py:1046: UserWarning: No positive class found in y_true, recall is set to one for all thresholds.
  warnings.warn(
/workspace/miniforge3/envs/ehrsequencing/lib/python3.10/site-packages/sklearn/metrics/_ranking.py:1046: UserWarning: No positive class found in y_true, recall is set to one for all thresholds.
  warnings.warn(
/workspace/miniforge3/envs/ehrsequencing/lib/python3.10/site-packages/sklearn/metrics/_ranking.py:1046: UserWarning: No positive class found in y_true, recall is set to one for all thresholds.
  warnings.warn(
/workspace/miniforge3/envs/ehrsequencing/lib/python3.10/site-packages/sklearn/metrics/_ranking.py:1046: UserWarning: No positive class found in y_true, recall is set to one for all thresholds.
  warnings.warn(
/workspace/miniforge3/envs/ehrsequencing/lib/python3.10/site-packages/sklearn/metrics/_ranking.py:1046: UserWarning: No positive class found in y_true, recall is set to one for all thresholds.
  warnings.warn(
/workspace/miniforge3/envs/ehrsequencing/lib/python3.10/site-packages/sklearn/metrics/_ranking.py:1046: UserWarning: No positive class found in y_true, recall is set to one for all thresholds.
  warnings.warn(
/workspace/miniforge3/envs/ehrsequencing/lib/python3.10/site-packages/sklearn/metrics/_ranking.py:1046: UserWarning: No positive class found in y_true, recall is set to one for all thresholds.
  warnings.warn(
/workspace/miniforge3/envs/ehrsequencing/lib/python3.10/site-packages/sklearn/metrics/_ranking.py:1046: UserWarning: No positive class found in y_true, recall is set to one for all thresholds.
  warnings.warn(
/workspace/miniforge3/envs/ehrsequencing/lib/python3.10/site-packages/sklearn/metrics/_ranking.py:1046: UserWarning: No positive class found in y_true, recall is set to one for all thresholds.
  warnings.warn(
/workspace/miniforge3/envs/ehrsequencing/lib/python3.10/site-packages/sklearn/metrics/_ranking.py:1046: UserWarning: No positive class found in y_true, recall is set to one for all thresholds.
  warnings.warn(
/workspace/miniforge3/envs/ehrsequencing/lib/python3.10/site-packages/sklearn/metrics/_ranking.py:1046: UserWarning: No positive class found in y_true, recall is set to one for all thresholds.
  warnings.warn(
/workspace/miniforge3/envs/ehrsequencing/lib/python3.10/site-packages/sklearn/metrics/_ranking.py:1046: UserWarning: No positive class found in y_true, recall is set to one for all thresholds.
  warnings.warn(
/workspace/miniforge3/envs/ehrsequencing/lib/python3.10/site-packages/sklearn/metrics/_ranking.py:1046: UserWarning: No positive class found in y_true, recall is set to one for all thresholds.
  warnings.warn(
/workspace/miniforge3/envs/ehrsequencing/lib/python3.10/site-packages/sklearn/metrics/_ranking.py:1046: UserWarning: No positive class found in y_true, recall is set to one for all thresholds.
  warnings.warn(
/workspace/miniforge3/envs/ehrsequencing/lib/python3.10/site-packages/sklearn/metrics/_ranking.py:1046: UserWarning: No positive class found in y_true, recall is set to one for all thresholds.
  warnings.warn(
/workspace/miniforge3/envs/ehrsequencing/lib/python3.10/site-packages/sklearn/metrics/_ranking.py:1046: UserWarning: No positive class found in y_true, recall is set to one for all thresholds.
  warnings.warn(
/workspace/miniforge3/envs/ehrsequencing/lib/python3.10/site-packages/sklearn/metrics/_ranking.py:1046: UserWarning: No positive class found in y_true, recall is set to one for all thresholds.
  warnings.warn(
/workspace/miniforge3/envs/ehrsequencing/lib/python3.10/site-packages/sklearn/metrics/_ranking.py:1046: UserWarning: No positive class found in y_true, recall is set to one for all thresholds.
  warnings.warn(
/workspace/miniforge3/envs/ehrsequencing/lib/python3.10/site-packages/sklearn/metrics/_ranking.py:1046: UserWarning: No positive class found in y_true, recall is set to one for all thresholds.
  warnings.warn(
/workspace/miniforge3/envs/ehrsequencing/lib/python3.10/site-packages/sklearn/metrics/_ranking.py:1046: UserWarning: No positive class found in y_true, recall is set to one for all thresholds.
  warnings.warn(
/workspace/miniforge3/envs/ehrsequencing/lib/python3.10/site-packages/sklearn/metrics/_ranking.py:1046: UserWarning: No positive class found in y_true, recall is set to one for all thresholds.
  warnings.warn(
/workspace/miniforge3/envs/ehrsequencing/lib/python3.10/site-packages/sklearn/metrics/_ranking.py:1046: UserWarning: No positive class found in y_true, recall is set to one for all thresholds.
  warnings.warn(
/workspace/miniforge3/envs/ehrsequencing/lib/python3.10/site-packages/sklearn/metrics/_ranking.py:1046: UserWarning: No positive class found in y_true, recall is set to one for all thresholds.
  warnings.warn(
/workspace/miniforge3/envs/ehrsequencing/lib/python3.10/site-packages/sklearn/metrics/_ranking.py:1046: UserWarning: No positive class found in y_true, recall is set to one for all thresholds.
  warnings.warn(
/workspace/miniforge3/envs/ehrsequencing/lib/python3.10/site-packages/sklearn/metrics/_ranking.py:1046: UserWarning: No positive class found in y_true, recall is set to one for all thresholds.
  warnings.warn(
/workspace/miniforge3/envs/ehrsequencing/lib/python3.10/site-packages/sklearn/metrics/_ranking.py:1046: UserWarning: No positive class found in y_true, recall is set to one for all thresholds.
  warnings.warn(
/workspace/miniforge3/envs/ehrsequencing/lib/python3.10/site-packages/sklearn/metrics/_ranking.py:1046: UserWarning: No positive class found in y_true, recall is set to one for all thresholds.
  warnings.warn(
/workspace/miniforge3/envs/ehrsequencing/lib/python3.10/site-packages/sklearn/metrics/_ranking.py:1046: UserWarning: No positive class found in y_true, recall is set to one for all thresholds.
  warnings.warn(
/workspace/miniforge3/envs/ehrsequencing/lib/python3.10/site-packages/sklearn/metrics/_ranking.py:1046: UserWarning: No positive class found in y_true, recall is set to one for all thresholds.
  warnings.warn(
/workspace/miniforge3/envs/ehrsequencing/lib/python3.10/site-packages/sklearn/metrics/_ranking.py:1046: UserWarning: No positive class found in y_true, recall is set to one for all thresholds.
  warnings.warn(
/workspace/miniforge3/envs/ehrsequencing/lib/python3.10/site-packages/sklearn/metrics/_ranking.py:1046: UserWarning: No positive class found in y_true, recall is set to one for all thresholds.
  warnings.warn(
/workspace/miniforge3/envs/ehrsequencing/lib/python3.10/site-packages/sklearn/metrics/_ranking.py:1046: UserWarning: No positive class found in y_true, recall is set to one for all thresholds.
  warnings.warn(
/workspace/miniforge3/envs/ehrsequencing/lib/python3.10/site-packages/sklearn/metrics/_ranking.py:1046: UserWarning: No positive class found in y_true, recall is set to one for all thresholds.
  warnings.warn(
/workspace/miniforge3/envs/ehrsequencing/lib/python3.10/site-packages/sklearn/metrics/_ranking.py:1046: UserWarning: No positive class found in y_true, recall is set to one for all thresholds.
  warnings.warn(
/workspace/miniforge3/envs/ehrsequencing/lib/python3.10/site-packages/sklearn/metrics/_ranking.py:1046: UserWarning: No positive class found in y_true, recall is set to one for all thresholds.
  warnings.warn(
/workspace/miniforge3/envs/ehrsequencing/lib/python3.10/site-packages/sklearn/metrics/_ranking.py:1046: UserWarning: No positive class found in y_true, recall is set to one for all thresholds.
  warnings.warn(
/workspace/miniforge3/envs/ehrsequencing/lib/python3.10/site-packages/sklearn/metrics/_ranking.py:1046: UserWarning: No positive class found in y_true, recall is set to one for all thresholds.
  warnings.warn(
/workspace/miniforge3/envs/ehrsequencing/lib/python3.10/site-packages/sklearn/metrics/_ranking.py:1046: UserWarning: No positive class found in y_true, recall is set to one for all thresholds.
  warnings.warn(
/workspace/miniforge3/envs/ehrsequencing/lib/python3.10/site-packages/sklearn/metrics/_ranking.py:1046: UserWarning: No positive class found in y_true, recall is set to one for all thresholds.
  warnings.warn(
/workspace/miniforge3/envs/ehrsequencing/lib/python3.10/site-packages/sklearn/metrics/_ranking.py:1046: UserWarning: No positive class found in y_true, recall is set to one for all thresholds.
  warnings.warn(
/workspace/miniforge3/envs/ehrsequencing/lib/python3.10/site-packages/sklearn/metrics/_ranking.py:1046: UserWarning: No positive class found in y_true, recall is set to one for all thresholds.
  warnings.warn(
/workspace/miniforge3/envs/ehrsequencing/lib/python3.10/site-packages/sklearn/metrics/_ranking.py:1046: UserWarning: No positive class found in y_true, recall is set to one for all thresholds.
  warnings.warn(
/workspace/miniforge3/envs/ehrsequencing/lib/python3.10/site-packages/sklearn/metrics/_ranking.py:1046: UserWarning: No positive class found in y_true, recall is set to one for all thresholds.
  warnings.warn(
/workspace/miniforge3/envs/ehrsequencing/lib/python3.10/site-packages/sklearn/metrics/_ranking.py:1046: UserWarning: No positive class found in y_true, recall is set to one for all thresholds.
  warnings.warn(
/workspace/miniforge3/envs/ehrsequencing/lib/python3.10/site-packages/sklearn/metrics/_ranking.py:1046: UserWarning: No positive class found in y_true, recall is set to one for all thresholds.
  warnings.warn(
/workspace/miniforge3/envs/ehrsequencing/lib/python3.10/site-packages/sklearn/metrics/_ranking.py:1046: UserWarning: No positive class found in y_true, recall is set to one for all thresholds.
  warnings.warn(
/workspace/miniforge3/envs/ehrsequencing/lib/python3.10/site-packages/sklearn/metrics/_ranking.py:1046: UserWarning: No positive class found in y_true, recall is set to one for all thresholds.
  warnings.warn(
/workspace/miniforge3/envs/ehrsequencing/lib/python3.10/site-packages/sklearn/metrics/_ranking.py:1046: UserWarning: No positive class found in y_true, recall is set to one for all thresholds.
  warnings.warn(
/workspace/miniforge3/envs/ehrsequencing/lib/python3.10/site-packages/sklearn/metrics/_ranking.py:1046: UserWarning: No positive class found in y_true, recall is set to one for all thresholds.
  warnings.warn(
/workspace/miniforge3/envs/ehrsequencing/lib/python3.10/site-packages/sklearn/metrics/_ranking.py:1046: UserWarning: No positive class found in y_true, recall is set to one for all thresholds.
  warnings.warn(
/workspace/miniforge3/envs/ehrsequencing/lib/python3.10/site-packages/sklearn/metrics/_ranking.py:1046: UserWarning: No positive class found in y_true, recall is set to one for all thresholds.
  warnings.warn(
/workspace/miniforge3/envs/ehrsequencing/lib/python3.10/site-packages/sklearn/metrics/_ranking.py:1046: UserWarning: No positive class found in y_true, recall is set to one for all thresholds.
  warnings.warn(
/workspace/miniforge3/envs/ehrsequencing/lib/python3.10/site-packages/sklearn/metrics/_ranking.py:1046: UserWarning: No positive class found in y_true, recall is set to one for all thresholds.
  warnings.warn(
/workspace/miniforge3/envs/ehrsequencing/lib/python3.10/site-packages/sklearn/metrics/_ranking.py:1046: UserWarning: No positive class found in y_true, recall is set to one for all thresholds.
  warnings.warn(
/workspace/miniforge3/envs/ehrsequencing/lib/python3.10/site-packages/sklearn/metrics/_ranking.py:1046: UserWarning: No positive class found in y_true, recall is set to one for all thresholds.
  warnings.warn(
/workspace/miniforge3/envs/ehrsequencing/lib/python3.10/site-packages/sklearn/metrics/_ranking.py:1046: UserWarning: No positive class found in y_true, recall is set to one for all thresholds.
  warnings.warn(
/workspace/miniforge3/envs/ehrsequencing/lib/python3.10/site-packages/sklearn/metrics/_ranking.py:1046: UserWarning: No positive class found in y_true, recall is set to one for all thresholds.
  warnings.warn(
/workspace/miniforge3/envs/ehrsequencing/lib/python3.10/site-packages/sklearn/metrics/_ranking.py:1046: UserWarning: No positive class found in y_true, recall is set to one for all thresholds.
  warnings.warn(
/workspace/miniforge3/envs/ehrsequencing/lib/python3.10/site-packages/sklearn/metrics/_ranking.py:1046: UserWarning: No positive class found in y_true, recall is set to one for all thresholds.
  warnings.warn(
/workspace/miniforge3/envs/ehrsequencing/lib/python3.10/site-packages/sklearn/metrics/_ranking.py:1046: UserWarning: No positive class found in y_true, recall is set to one for all thresholds.
  warnings.warn(
/workspace/miniforge3/envs/ehrsequencing/lib/python3.10/site-packages/sklearn/metrics/_ranking.py:1046: UserWarning: No positive class found in y_true, recall is set to one for all thresholds.
  warnings.warn(
/workspace/miniforge3/envs/ehrsequencing/lib/python3.10/site-packages/sklearn/metrics/_ranking.py:1046: UserWarning: No positive class found in y_true, recall is set to one for all thresholds.
  warnings.warn(
/workspace/miniforge3/envs/ehrsequencing/lib/python3.10/site-packages/sklearn/metrics/_ranking.py:1046: UserWarning: No positive class found in y_true, recall is set to one for all thresholds.
  warnings.warn(
/workspace/miniforge3/envs/ehrsequencing/lib/python3.10/site-packages/sklearn/metrics/_ranking.py:1046: UserWarning: No positive class found in y_true, recall is set to one for all thresholds.
  warnings.warn(
/workspace/miniforge3/envs/ehrsequencing/lib/python3.10/site-packages/sklearn/metrics/_ranking.py:1046: UserWarning: No positive class found in y_true, recall is set to one for all thresholds.
  warnings.warn(
/workspace/miniforge3/envs/ehrsequencing/lib/python3.10/site-packages/sklearn/metrics/_ranking.py:1046: UserWarning: No positive class found in y_true, recall is set to one for all thresholds.
  warnings.warn(
/workspace/miniforge3/envs/ehrsequencing/lib/python3.10/site-packages/sklearn/metrics/_ranking.py:1046: UserWarning: No positive class found in y_true, recall is set to one for all thresholds.
  warnings.warn(
/workspace/miniforge3/envs/ehrsequencing/lib/python3.10/site-packages/sklearn/metrics/_ranking.py:1046: UserWarning: No positive class found in y_true, recall is set to one for all thresholds.
  warnings.warn(
/workspace/miniforge3/envs/ehrsequencing/lib/python3.10/site-packages/sklearn/metrics/_ranking.py:1046: UserWarning: No positive class found in y_true, recall is set to one for all thresholds.
  warnings.warn(
/workspace/miniforge3/envs/ehrsequencing/lib/python3.10/site-packages/sklearn/metrics/_ranking.py:1046: UserWarning: No positive class found in y_true, recall is set to one for all thresholds.
  warnings.warn(
/workspace/miniforge3/envs/ehrsequencing/lib/python3.10/site-packages/sklearn/metrics/_ranking.py:1046: UserWarning: No positive class found in y_true, recall is set to one for all thresholds.
  warnings.warn(
/workspace/miniforge3/envs/ehrsequencing/lib/python3.10/site-packages/sklearn/metrics/_ranking.py:1046: UserWarning: No positive class found in y_true, recall is set to one for all thresholds.
  warnings.warn(
/workspace/miniforge3/envs/ehrsequencing/lib/python3.10/site-packages/sklearn/metrics/_ranking.py:1046: UserWarning: No positive class found in y_true, recall is set to one for all thresholds.
  warnings.warn(
/workspace/miniforge3/envs/ehrsequencing/lib/python3.10/site-packages/sklearn/metrics/_ranking.py:1046: UserWarning: No positive class found in y_true, recall is set to one for all thresholds.
  warnings.warn(
/workspace/miniforge3/envs/ehrsequencing/lib/python3.10/site-packages/sklearn/metrics/_ranking.py:1046: UserWarning: No positive class found in y_true, recall is set to one for all thresholds.
  warnings.warn(
/workspace/miniforge3/envs/ehrsequencing/lib/python3.10/site-packages/sklearn/metrics/_ranking.py:1046: UserWarning: No positive class found in y_true, recall is set to one for all thresholds.
  warnings.warn(
/workspace/miniforge3/envs/ehrsequencing/lib/python3.10/site-packages/sklearn/metrics/_ranking.py:1046: UserWarning: No positive class found in y_true, recall is set to one for all thresholds.
  warnings.warn(
/workspace/miniforge3/envs/ehrsequencing/lib/python3.10/site-packages/sklearn/metrics/_ranking.py:1046: UserWarning: No positive class found in y_true, recall is set to one for all thresholds.
  warnings.warn(
/workspace/miniforge3/envs/ehrsequencing/lib/python3.10/site-packages/sklearn/metrics/_ranking.py:1046: UserWarning: No positive class found in y_true, recall is set to one for all thresholds.
  warnings.warn(
/workspace/miniforge3/envs/ehrsequencing/lib/python3.10/site-packages/sklearn/metrics/_ranking.py:1046: UserWarning: No positive class found in y_true, recall is set to one for all thresholds.
  warnings.warn(
/workspace/miniforge3/envs/ehrsequencing/lib/python3.10/site-packages/sklearn/metrics/_ranking.py:1046: UserWarning: No positive class found in y_true, recall is set to one for all thresholds.
  warnings.warn(
/workspace/miniforge3/envs/ehrsequencing/lib/python3.10/site-packages/sklearn/metrics/_ranking.py:1046: UserWarning: No positive class found in y_true, recall is set to one for all thresholds.
  warnings.warn(
/workspace/miniforge3/envs/ehrsequencing/lib/python3.10/site-packages/sklearn/metrics/_ranking.py:1046: UserWarning: No positive class found in y_true, recall is set to one for all thresholds.
  warnings.warn(
/workspace/miniforge3/envs/ehrsequencing/lib/python3.10/site-packages/sklearn/metrics/_ranking.py:1046: UserWarning: No positive class found in y_true, recall is set to one for all thresholds.
  warnings.warn(
/workspace/miniforge3/envs/ehrsequencing/lib/python3.10/site-packages/sklearn/metrics/_ranking.py:1046: UserWarning: No positive class found in y_true, recall is set to one for all thresholds.
  warnings.warn(
/workspace/miniforge3/envs/ehrsequencing/lib/python3.10/site-packages/sklearn/metrics/_ranking.py:1046: UserWarning: No positive class found in y_true, recall is set to one for all thresholds.
  warnings.warn(
/workspace/miniforge3/envs/ehrsequencing/lib/python3.10/site-packages/sklearn/metrics/_ranking.py:1046: UserWarning: No positive class found in y_true, recall is set to one for all thresholds.
  warnings.warn(
/workspace/miniforge3/envs/ehrsequencing/lib/python3.10/site-packages/sklearn/metrics/_ranking.py:1046: UserWarning: No positive class found in y_true, recall is set to one for all thresholds.
  warnings.warn(
/workspace/miniforge3/envs/ehrsequencing/lib/python3.10/site-packages/sklearn/metrics/_ranking.py:1046: UserWarning: No positive class found in y_true, recall is set to one for all thresholds.
  warnings.warn(
/workspace/miniforge3/envs/ehrsequencing/lib/python3.10/site-packages/sklearn/metrics/_ranking.py:1046: UserWarning: No positive class found in y_true, recall is set to one for all thresholds.
  warnings.warn(
/workspace/miniforge3/envs/ehrsequencing/lib/python3.10/site-packages/sklearn/metrics/_ranking.py:1046: UserWarning: No positive class found in y_true, recall is set to one for all thresholds.
  warnings.warn(
/workspace/miniforge3/envs/ehrsequencing/lib/python3.10/site-packages/sklearn/metrics/_ranking.py:1046: UserWarning: No positive class found in y_true, recall is set to one for all thresholds.
  warnings.warn(
/workspace/miniforge3/envs/ehrsequencing/lib/python3.10/site-packages/sklearn/metrics/_ranking.py:1046: UserWarning: No positive class found in y_true, recall is set to one for all thresholds.
  warnings.warn(
/workspace/miniforge3/envs/ehrsequencing/lib/python3.10/site-packages/sklearn/metrics/_ranking.py:1046: UserWarning: No positive class found in y_true, recall is set to one for all thresholds.
  warnings.warn(
/workspace/miniforge3/envs/ehrsequencing/lib/python3.10/site-packages/sklearn/metrics/_ranking.py:1046: UserWarning: No positive class found in y_true, recall is set to one for all thresholds.
  warnings.warn(
/workspace/miniforge3/envs/ehrsequencing/lib/python3.10/site-packages/sklearn/metrics/_ranking.py:1046: UserWarning: No positive class found in y_true, recall is set to one for all thresholds.
  warnings.warn(
/workspace/miniforge3/envs/ehrsequencing/lib/python3.10/site-packages/sklearn/metrics/_ranking.py:1046: UserWarning: No positive class found in y_true, recall is set to one for all thresholds.
  warnings.warn(
/workspace/miniforge3/envs/ehrsequencing/lib/python3.10/site-packages/sklearn/metrics/_ranking.py:1046: UserWarning: No positive class found in y_true, recall is set to one for all thresholds.
  warnings.warn(
/workspace/miniforge3/envs/ehrsequencing/lib/python3.10/site-packages/sklearn/metrics/_ranking.py:1046: UserWarning: No positive class found in y_true, recall is set to one for all thresholds.
  warnings.warn(
/workspace/miniforge3/envs/ehrsequencing/lib/python3.10/site-packages/sklearn/metrics/_ranking.py:1046: UserWarning: No positive class found in y_true, recall is set to one for all thresholds.
  warnings.warn(
/workspace/miniforge3/envs/ehrsequencing/lib/python3.10/site-packages/sklearn/metrics/_ranking.py:1046: UserWarning: No positive class found in y_true, recall is set to one for all thresholds.
  warnings.warn(
/workspace/miniforge3/envs/ehrsequencing/lib/python3.10/site-packages/sklearn/metrics/_ranking.py:1046: UserWarning: No positive class found in y_true, recall is set to one for all thresholds.
  warnings.warn(
/workspace/miniforge3/envs/ehrsequencing/lib/python3.10/site-packages/sklearn/metrics/_ranking.py:1046: UserWarning: No positive class found in y_true, recall is set to one for all thresholds.
  warnings.warn(
/workspace/miniforge3/envs/ehrsequencing/lib/python3.10/site-packages/sklearn/metrics/_ranking.py:1046: UserWarning: No positive class found in y_true, recall is set to one for all thresholds.
  warnings.warn(
/workspace/miniforge3/envs/ehrsequencing/lib/python3.10/site-packages/sklearn/metrics/_ranking.py:1046: UserWarning: No positive class found in y_true, recall is set to one for all thresholds.
  warnings.warn(
/workspace/miniforge3/envs/ehrsequencing/lib/python3.10/site-packages/sklearn/metrics/_ranking.py:1046: UserWarning: No positive class found in y_true, recall is set to one for all thresholds.
  warnings.warn(
/workspace/miniforge3/envs/ehrsequencing/lib/python3.10/site-packages/sklearn/metrics/_ranking.py:1046: UserWarning: No positive class found in y_true, recall is set to one for all thresholds.
  warnings.warn(
/workspace/miniforge3/envs/ehrsequencing/lib/python3.10/site-packages/sklearn/metrics/_ranking.py:1046: UserWarning: No positive class found in y_true, recall is set to one for all thresholds.
  warnings.warn(
/workspace/miniforge3/envs/ehrsequencing/lib/python3.10/site-packages/sklearn/metrics/_ranking.py:1046: UserWarning: No positive class found in y_true, recall is set to one for all thresholds.
  warnings.warn(
/workspace/miniforge3/envs/ehrsequencing/lib/python3.10/site-packages/sklearn/metrics/_ranking.py:1046: UserWarning: No positive class found in y_true, recall is set to one for all thresholds.
  warnings.warn(
/workspace/miniforge3/envs/ehrsequencing/lib/python3.10/site-packages/sklearn/metrics/_ranking.py:1046: UserWarning: No positive class found in y_true, recall is set to one for all thresholds.
  warnings.warn(
/workspace/miniforge3/envs/ehrsequencing/lib/python3.10/site-packages/sklearn/metrics/_ranking.py:1046: UserWarning: No positive class found in y_true, recall is set to one for all thresholds.
  warnings.warn(
/workspace/miniforge3/envs/ehrsequencing/lib/python3.10/site-packages/sklearn/metrics/_ranking.py:1046: UserWarning: No positive class found in y_true, recall is set to one for all thresholds.
  warnings.warn(
/workspace/miniforge3/envs/ehrsequencing/lib/python3.10/site-packages/sklearn/metrics/_ranking.py:1046: UserWarning: No positive class found in y_true, recall is set to one for all thresholds.
  warnings.warn(
/workspace/miniforge3/envs/ehrsequencing/lib/python3.10/site-packages/sklearn/metrics/_ranking.py:1046: UserWarning: No positive class found in y_true, recall is set to one for all thresholds.
  warnings.warn(
/workspace/miniforge3/envs/ehrsequencing/lib/python3.10/site-packages/sklearn/metrics/_ranking.py:1046: UserWarning: No positive class found in y_true, recall is set to one for all thresholds.
  warnings.warn(
/workspace/miniforge3/envs/ehrsequencing/lib/python3.10/site-packages/sklearn/metrics/_ranking.py:1046: UserWarning: No positive class found in y_true, recall is set to one for all thresholds.
  warnings.warn(
/workspace/miniforge3/envs/ehrsequencing/lib/python3.10/site-packages/sklearn/metrics/_ranking.py:1046: UserWarning: No positive class found in y_true, recall is set to one for all thresholds.
  warnings.warn(
/workspace/miniforge3/envs/ehrsequencing/lib/python3.10/site-packages/sklearn/metrics/_ranking.py:1046: UserWarning: No positive class found in y_true, recall is set to one for all thresholds.
  warnings.warn(
/workspace/miniforge3/envs/ehrsequencing/lib/python3.10/site-packages/sklearn/metrics/_ranking.py:1046: UserWarning: No positive class found in y_true, recall is set to one for all thresholds.
  warnings.warn(
/workspace/miniforge3/envs/ehrsequencing/lib/python3.10/site-packages/sklearn/metrics/_ranking.py:1046: UserWarning: No positive class found in y_true, recall is set to one for all thresholds.
  warnings.warn(
/workspace/miniforge3/envs/ehrsequencing/lib/python3.10/site-packages/sklearn/metrics/_ranking.py:1046: UserWarning: No positive class found in y_true, recall is set to one for all thresholds.
  warnings.warn(
/workspace/miniforge3/envs/ehrsequencing/lib/python3.10/site-packages/sklearn/metrics/_ranking.py:1046: UserWarning: No positive class found in y_true, recall is set to one for all thresholds.
  warnings.warn(
/workspace/miniforge3/envs/ehrsequencing/lib/python3.10/site-packages/sklearn/metrics/_ranking.py:1046: UserWarning: No positive class found in y_true, recall is set to one for all thresholds.
  warnings.warn(
/workspace/miniforge3/envs/ehrsequencing/lib/python3.10/site-packages/sklearn/metrics/_ranking.py:1046: UserWarning: No positive class found in y_true, recall is set to one for all thresholds.
  warnings.warn(
/workspace/miniforge3/envs/ehrsequencing/lib/python3.10/site-packages/sklearn/metrics/_ranking.py:1046: UserWarning: No positive class found in y_true, recall is set to one for all thresholds.
  warnings.warn(
/workspace/miniforge3/envs/ehrsequencing/lib/python3.10/site-packages/sklearn/metrics/_ranking.py:1046: UserWarning: No positive class found in y_true, recall is set to one for all thresholds.
  warnings.warn(
/workspace/miniforge3/envs/ehrsequencing/lib/python3.10/site-packages/sklearn/metrics/_ranking.py:1046: UserWarning: No positive class found in y_true, recall is set to one for all thresholds.
  warnings.warn(
/workspace/miniforge3/envs/ehrsequencing/lib/python3.10/site-packages/sklearn/metrics/_ranking.py:1046: UserWarning: No positive class found in y_true, recall is set to one for all thresholds.
  warnings.warn(
/workspace/miniforge3/envs/ehrsequencing/lib/python3.10/site-packages/sklearn/metrics/_ranking.py:1046: UserWarning: No positive class found in y_true, recall is set to one for all thresholds.
  warnings.warn(
/workspace/miniforge3/envs/ehrsequencing/lib/python3.10/site-packages/sklearn/metrics/_ranking.py:1046: UserWarning: No positive class found in y_true, recall is set to one for all thresholds.
  warnings.warn(
/workspace/miniforge3/envs/ehrsequencing/lib/python3.10/site-packages/sklearn/metrics/_ranking.py:1046: UserWarning: No positive class found in y_true, recall is set to one for all thresholds.
  warnings.warn(
/workspace/miniforge3/envs/ehrsequencing/lib/python3.10/site-packages/sklearn/metrics/_ranking.py:1046: UserWarning: No positive class found in y_true, recall is set to one for all thresholds.
  warnings.warn(
/workspace/miniforge3/envs/ehrsequencing/lib/python3.10/site-packages/sklearn/metrics/_ranking.py:1046: UserWarning: No positive class found in y_true, recall is set to one for all thresholds.
  warnings.warn(
/workspace/miniforge3/envs/ehrsequencing/lib/python3.10/site-packages/sklearn/metrics/_ranking.py:1046: UserWarning: No positive class found in y_true, recall is set to one for all thresholds.
  warnings.warn(
/workspace/miniforge3/envs/ehrsequencing/lib/python3.10/site-packages/sklearn/metrics/_ranking.py:1046: UserWarning: No positive class found in y_true, recall is set to one for all thresholds.
  warnings.warn(
/workspace/miniforge3/envs/ehrsequencing/lib/python3.10/site-packages/sklearn/metrics/_ranking.py:1046: UserWarning: No positive class found in y_true, recall is set to one for all thresholds.
  warnings.warn(
/workspace/miniforge3/envs/ehrsequencing/lib/python3.10/site-packages/sklearn/metrics/_ranking.py:1046: UserWarning: No positive class found in y_true, recall is set to one for all thresholds.
  warnings.warn(
/workspace/miniforge3/envs/ehrsequencing/lib/python3.10/site-packages/sklearn/metrics/_ranking.py:1046: UserWarning: No positive class found in y_true, recall is set to one for all thresholds.
  warnings.warn(
/workspace/miniforge3/envs/ehrsequencing/lib/python3.10/site-packages/sklearn/metrics/_ranking.py:1046: UserWarning: No positive class found in y_true, recall is set to one for all thresholds.
  warnings.warn(
/workspace/miniforge3/envs/ehrsequencing/lib/python3.10/site-packages/sklearn/metrics/_ranking.py:1046: UserWarning: No positive class found in y_true, recall is set to one for all thresholds.
  warnings.warn(
/workspace/miniforge3/envs/ehrsequencing/lib/python3.10/site-packages/sklearn/metrics/_ranking.py:1046: UserWarning: No positive class found in y_true, recall is set to one for all thresholds.
  warnings.warn(
/workspace/miniforge3/envs/ehrsequencing/lib/python3.10/site-packages/sklearn/metrics/_ranking.py:1046: UserWarning: No positive class found in y_true, recall is set to one for all thresholds.
  warnings.warn(
/workspace/miniforge3/envs/ehrsequencing/lib/python3.10/site-packages/sklearn/metrics/_ranking.py:1046: UserWarning: No positive class found in y_true, recall is set to one for all thresholds.
  warnings.warn(
/workspace/miniforge3/envs/ehrsequencing/lib/python3.10/site-packages/sklearn/metrics/_ranking.py:1046: UserWarning: No positive class found in y_true, recall is set to one for all thresholds.
  warnings.warn(
/workspace/miniforge3/envs/ehrsequencing/lib/python3.10/site-packages/sklearn/metrics/_ranking.py:1046: UserWarning: No positive class found in y_true, recall is set to one for all thresholds.
  warnings.warn(
/workspace/miniforge3/envs/ehrsequencing/lib/python3.10/site-packages/sklearn/metrics/_ranking.py:1046: UserWarning: No positive class found in y_true, recall is set to one for all thresholds.
  warnings.warn(
/workspace/miniforge3/envs/ehrsequencing/lib/python3.10/site-packages/sklearn/metrics/_ranking.py:1046: UserWarning: No positive class found in y_true, recall is set to one for all thresholds.
  warnings.warn(
/workspace/miniforge3/envs/ehrsequencing/lib/python3.10/site-packages/sklearn/metrics/_ranking.py:1046: UserWarning: No positive class found in y_true, recall is set to one for all thresholds.
  warnings.warn(
/workspace/miniforge3/envs/ehrsequencing/lib/python3.10/site-packages/sklearn/metrics/_ranking.py:1046: UserWarning: No positive class found in y_true, recall is set to one for all thresholds.
  warnings.warn(
/workspace/miniforge3/envs/ehrsequencing/lib/python3.10/site-packages/sklearn/metrics/_ranking.py:1046: UserWarning: No positive class found in y_true, recall is set to one for all thresholds.
  warnings.warn(
/workspace/miniforge3/envs/ehrsequencing/lib/python3.10/site-packages/sklearn/metrics/_ranking.py:1046: UserWarning: No positive class found in y_true, recall is set to one for all thresholds.
  warnings.warn(
/workspace/miniforge3/envs/ehrsequencing/lib/python3.10/site-packages/sklearn/metrics/_ranking.py:1046: UserWarning: No positive class found in y_true, recall is set to one for all thresholds.
  warnings.warn(
/workspace/miniforge3/envs/ehrsequencing/lib/python3.10/site-packages/sklearn/metrics/_ranking.py:1046: UserWarning: No positive class found in y_true, recall is set to one for all thresholds.
  warnings.warn(
/workspace/miniforge3/envs/ehrsequencing/lib/python3.10/site-packages/sklearn/metrics/_ranking.py:1046: UserWarning: No positive class found in y_true, recall is set to one for all thresholds.
  warnings.warn(
/workspace/miniforge3/envs/ehrsequencing/lib/python3.10/site-packages/sklearn/metrics/_ranking.py:1046: UserWarning: No positive class found in y_true, recall is set to one for all thresholds.
  warnings.warn(
/workspace/miniforge3/envs/ehrsequencing/lib/python3.10/site-packages/sklearn/metrics/_ranking.py:1046: UserWarning: No positive class found in y_true, recall is set to one for all thresholds.
  warnings.warn(
/workspace/miniforge3/envs/ehrsequencing/lib/python3.10/site-packages/sklearn/metrics/_ranking.py:1046: UserWarning: No positive class found in y_true, recall is set to one for all thresholds.
  warnings.warn(
/workspace/miniforge3/envs/ehrsequencing/lib/python3.10/site-packages/sklearn/metrics/_ranking.py:1046: UserWarning: No positive class found in y_true, recall is set to one for all thresholds.
  warnings.warn(
/workspace/miniforge3/envs/ehrsequencing/lib/python3.10/site-packages/sklearn/metrics/_ranking.py:1046: UserWarning: No positive class found in y_true, recall is set to one for all thresholds.
  warnings.warn(
/workspace/miniforge3/envs/ehrsequencing/lib/python3.10/site-packages/sklearn/metrics/_ranking.py:1046: UserWarning: No positive class found in y_true, recall is set to one for all thresholds.
  warnings.warn(
/workspace/miniforge3/envs/ehrsequencing/lib/python3.10/site-packages/sklearn/metrics/_ranking.py:1046: UserWarning: No positive class found in y_true, recall is set to one for all thresholds.
  warnings.warn(
/workspace/miniforge3/envs/ehrsequencing/lib/python3.10/site-packages/sklearn/metrics/_ranking.py:1046: UserWarning: No positive class found in y_true, recall is set to one for all thresholds.
  warnings.warn(
/workspace/miniforge3/envs/ehrsequencing/lib/python3.10/site-packages/sklearn/metrics/_ranking.py:1046: UserWarning: No positive class found in y_true, recall is set to one for all thresholds.
  warnings.warn(
/workspace/miniforge3/envs/ehrsequencing/lib/python3.10/site-packages/sklearn/metrics/_ranking.py:1046: UserWarning: No positive class found in y_true, recall is set to one for all thresholds.
  warnings.warn(
/workspace/miniforge3/envs/ehrsequencing/lib/python3.10/site-packages/sklearn/metrics/_ranking.py:1046: UserWarning: No positive class found in y_true, recall is set to one for all thresholds.
  warnings.warn(
/workspace/miniforge3/envs/ehrsequencing/lib/python3.10/site-packages/sklearn/metrics/_ranking.py:1046: UserWarning: No positive class found in y_true, recall is set to one for all thresholds.
  warnings.warn(
/workspace/miniforge3/envs/ehrsequencing/lib/python3.10/site-packages/sklearn/metrics/_ranking.py:1046: UserWarning: No positive class found in y_true, recall is set to one for all thresholds.
  warnings.warn(
/workspace/miniforge3/envs/ehrsequencing/lib/python3.10/site-packages/sklearn/metrics/_ranking.py:1046: UserWarning: No positive class found in y_true, recall is set to one for all thresholds.
  warnings.warn(
/workspace/miniforge3/envs/ehrsequencing/lib/python3.10/site-packages/sklearn/metrics/_ranking.py:1046: UserWarning: No positive class found in y_true, recall is set to one for all thresholds.
  warnings.warn(
/workspace/miniforge3/envs/ehrsequencing/lib/python3.10/site-packages/sklearn/metrics/_ranking.py:1046: UserWarning: No positive class found in y_true, recall is set to one for all thresholds.
  warnings.warn(
/workspace/miniforge3/envs/ehrsequencing/lib/python3.10/site-packages/sklearn/metrics/_ranking.py:1046: UserWarning: No positive class found in y_true, recall is set to one for all thresholds.
  warnings.warn(
/workspace/miniforge3/envs/ehrsequencing/lib/python3.10/site-packages/sklearn/metrics/_ranking.py:1046: UserWarning: No positive class found in y_true, recall is set to one for all thresholds.
  warnings.warn(
/workspace/miniforge3/envs/ehrsequencing/lib/python3.10/site-packages/sklearn/metrics/_ranking.py:1046: UserWarning: No positive class found in y_true, recall is set to one for all thresholds.
  warnings.warn(
/workspace/miniforge3/envs/ehrsequencing/lib/python3.10/site-packages/sklearn/metrics/_ranking.py:1046: UserWarning: No positive class found in y_true, recall is set to one for all thresholds.
  warnings.warn(
/workspace/miniforge3/envs/ehrsequencing/lib/python3.10/site-packages/sklearn/metrics/_ranking.py:1046: UserWarning: No positive class found in y_true, recall is set to one for all thresholds.
  warnings.warn(
/workspace/miniforge3/envs/ehrsequencing/lib/python3.10/site-packages/sklearn/metrics/_ranking.py:1046: UserWarning: No positive class found in y_true, recall is set to one for all thresholds.
  warnings.warn(
/workspace/miniforge3/envs/ehrsequencing/lib/python3.10/site-packages/sklearn/metrics/_ranking.py:1046: UserWarning: No positive class found in y_true, recall is set to one for all thresholds.
  warnings.warn(
/workspace/miniforge3/envs/ehrsequencing/lib/python3.10/site-packages/sklearn/metrics/_ranking.py:1046: UserWarning: No positive class found in y_true, recall is set to one for all thresholds.
  warnings.warn(
/workspace/miniforge3/envs/ehrsequencing/lib/python3.10/site-packages/sklearn/metrics/_ranking.py:1046: UserWarning: No positive class found in y_true, recall is set to one for all thresholds.
  warnings.warn(
/workspace/miniforge3/envs/ehrsequencing/lib/python3.10/site-packages/sklearn/metrics/_ranking.py:1046: UserWarning: No positive class found in y_true, recall is set to one for all thresholds.
  warnings.warn(
/workspace/miniforge3/envs/ehrsequencing/lib/python3.10/site-packages/sklearn/metrics/_ranking.py:1046: UserWarning: No positive class found in y_true, recall is set to one for all thresholds.
  warnings.warn(
/workspace/miniforge3/envs/ehrsequencing/lib/python3.10/site-packages/sklearn/metrics/_ranking.py:1046: UserWarning: No positive class found in y_true, recall is set to one for all thresholds.
  warnings.warn(
/workspace/miniforge3/envs/ehrsequencing/lib/python3.10/site-packages/sklearn/metrics/_ranking.py:1046: UserWarning: No positive class found in y_true, recall is set to one for all thresholds.
  warnings.warn(
/workspace/miniforge3/envs/ehrsequencing/lib/python3.10/site-packages/sklearn/metrics/_ranking.py:1046: UserWarning: No positive class found in y_true, recall is set to one for all thresholds.
  warnings.warn(
/workspace/miniforge3/envs/ehrsequencing/lib/python3.10/site-packages/sklearn/metrics/_ranking.py:1046: UserWarning: No positive class found in y_true, recall is set to one for all thresholds.
  warnings.warn(
/workspace/miniforge3/envs/ehrsequencing/lib/python3.10/site-packages/sklearn/metrics/_ranking.py:1046: UserWarning: No positive class found in y_true, recall is set to one for all thresholds.
  warnings.warn(
/workspace/miniforge3/envs/ehrsequencing/lib/python3.10/site-packages/sklearn/metrics/_ranking.py:1046: UserWarning: No positive class found in y_true, recall is set to one for all thresholds.
  warnings.warn(
/workspace/miniforge3/envs/ehrsequencing/lib/python3.10/site-packages/sklearn/metrics/_ranking.py:1046: UserWarning: No positive class found in y_true, recall is set to one for all thresholds.
  warnings.warn(
/workspace/miniforge3/envs/ehrsequencing/lib/python3.10/site-packages/sklearn/metrics/_ranking.py:1046: UserWarning: No positive class found in y_true, recall is set to one for all thresholds.
  warnings.warn(
/workspace/miniforge3/envs/ehrsequencing/lib/python3.10/site-packages/sklearn/metrics/_ranking.py:1046: UserWarning: No positive class found in y_true, recall is set to one for all thresholds.
  warnings.warn(
/workspace/miniforge3/envs/ehrsequencing/lib/python3.10/site-packages/sklearn/metrics/_ranking.py:1046: UserWarning: No positive class found in y_true, recall is set to one for all thresholds.
  warnings.warn(
/workspace/miniforge3/envs/ehrsequencing/lib/python3.10/site-packages/sklearn/metrics/_ranking.py:1046: UserWarning: No positive class found in y_true, recall is set to one for all thresholds.
  warnings.warn(
/workspace/miniforge3/envs/ehrsequencing/lib/python3.10/site-packages/sklearn/metrics/_ranking.py:1046: UserWarning: No positive class found in y_true, recall is set to one for all thresholds.
  warnings.warn(
/workspace/miniforge3/envs/ehrsequencing/lib/python3.10/site-packages/sklearn/metrics/_ranking.py:1046: UserWarning: No positive class found in y_true, recall is set to one for all thresholds.
  warnings.warn(
/workspace/miniforge3/envs/ehrsequencing/lib/python3.10/site-packages/sklearn/metrics/_ranking.py:1046: UserWarning: No positive class found in y_true, recall is set to one for all thresholds.
  warnings.warn(
/workspace/miniforge3/envs/ehrsequencing/lib/python3.10/site-packages/sklearn/metrics/_ranking.py:1046: UserWarning: No positive class found in y_true, recall is set to one for all thresholds.
  warnings.warn(
/workspace/miniforge3/envs/ehrsequencing/lib/python3.10/site-packages/sklearn/metrics/_ranking.py:1046: UserWarning: No positive class found in y_true, recall is set to one for all thresholds.
  warnings.warn(
/workspace/miniforge3/envs/ehrsequencing/lib/python3.10/site-packages/sklearn/metrics/_ranking.py:1046: UserWarning: No positive class found in y_true, recall is set to one for all thresholds.
  warnings.warn(
/workspace/miniforge3/envs/ehrsequencing/lib/python3.10/site-packages/sklearn/metrics/_ranking.py:1046: UserWarning: No positive class found in y_true, recall is set to one for all thresholds.
  warnings.warn(
/workspace/miniforge3/envs/ehrsequencing/lib/python3.10/site-packages/sklearn/metrics/_ranking.py:1046: UserWarning: No positive class found in y_true, recall is set to one for all thresholds.
  warnings.warn(
/workspace/miniforge3/envs/ehrsequencing/lib/python3.10/site-packages/sklearn/metrics/_ranking.py:1046: UserWarning: No positive class found in y_true, recall is set to one for all thresholds.
  warnings.warn(
/workspace/miniforge3/envs/ehrsequencing/lib/python3.10/site-packages/sklearn/metrics/_ranking.py:1046: UserWarning: No positive class found in y_true, recall is set to one for all thresholds.
  warnings.warn(
/workspace/miniforge3/envs/ehrsequencing/lib/python3.10/site-packages/sklearn/metrics/_ranking.py:1046: UserWarning: No positive class found in y_true, recall is set to one for all thresholds.
  warnings.warn(
/workspace/miniforge3/envs/ehrsequencing/lib/python3.10/site-packages/sklearn/metrics/_ranking.py:1046: UserWarning: No positive class found in y_true, recall is set to one for all thresholds.
  warnings.warn(
/workspace/miniforge3/envs/ehrsequencing/lib/python3.10/site-packages/sklearn/metrics/_ranking.py:1046: UserWarning: No positive class found in y_true, recall is set to one for all thresholds.
  warnings.warn(
/workspace/miniforge3/envs/ehrsequencing/lib/python3.10/site-packages/sklearn/metrics/_ranking.py:1046: UserWarning: No positive class found in y_true, recall is set to one for all thresholds.
  warnings.warn(
/workspace/miniforge3/envs/ehrsequencing/lib/python3.10/site-packages/sklearn/metrics/_ranking.py:1046: UserWarning: No positive class found in y_true, recall is set to one for all thresholds.
  warnings.warn(
/workspace/miniforge3/envs/ehrsequencing/lib/python3.10/site-packages/sklearn/metrics/_ranking.py:1046: UserWarning: No positive class found in y_true, recall is set to one for all thresholds.
  warnings.warn(
/workspace/miniforge3/envs/ehrsequencing/lib/python3.10/site-packages/sklearn/metrics/_ranking.py:1046: UserWarning: No positive class found in y_true, recall is set to one for all thresholds.
  warnings.warn(
/workspace/miniforge3/envs/ehrsequencing/lib/python3.10/site-packages/sklearn/metrics/_ranking.py:1046: UserWarning: No positive class found in y_true, recall is set to one for all thresholds.
  warnings.warn(
/workspace/miniforge3/envs/ehrsequencing/lib/python3.10/site-packages/sklearn/metrics/_ranking.py:1046: UserWarning: No positive class found in y_true, recall is set to one for all thresholds.
  warnings.warn(
/workspace/miniforge3/envs/ehrsequencing/lib/python3.10/site-packages/sklearn/metrics/_ranking.py:1046: UserWarning: No positive class found in y_true, recall is set to one for all thresholds.
  warnings.warn(
/workspace/miniforge3/envs/ehrsequencing/lib/python3.10/site-packages/sklearn/metrics/_ranking.py:1046: UserWarning: No positive class found in y_true, recall is set to one for all thresholds.
  warnings.warn(
/workspace/miniforge3/envs/ehrsequencing/lib/python3.10/site-packages/sklearn/metrics/_ranking.py:1046: UserWarning: No positive class found in y_true, recall is set to one for all thresholds.
  warnings.warn(
/workspace/miniforge3/envs/ehrsequencing/lib/python3.10/site-packages/sklearn/metrics/_ranking.py:1046: UserWarning: No positive class found in y_true, recall is set to one for all thresholds.
  warnings.warn(
/workspace/miniforge3/envs/ehrsequencing/lib/python3.10/site-packages/sklearn/metrics/_ranking.py:1046: UserWarning: No positive class found in y_true, recall is set to one for all thresholds.
  warnings.warn(
/workspace/miniforge3/envs/ehrsequencing/lib/python3.10/site-packages/sklearn/metrics/_ranking.py:1046: UserWarning: No positive class found in y_true, recall is set to one for all thresholds.
  warnings.warn(
/workspace/miniforge3/envs/ehrsequencing/lib/python3.10/site-packages/sklearn/metrics/_ranking.py:1046: UserWarning: No positive class found in y_true, recall is set to one for all thresholds.
  warnings.warn(
/workspace/miniforge3/envs/ehrsequencing/lib/python3.10/site-packages/sklearn/metrics/_ranking.py:1046: UserWarning: No positive class found in y_true, recall is set to one for all thresholds.
  warnings.warn(
/workspace/miniforge3/envs/ehrsequencing/lib/python3.10/site-packages/sklearn/metrics/_ranking.py:1046: UserWarning: No positive class found in y_true, recall is set to one for all thresholds.
  warnings.warn(
/workspace/miniforge3/envs/ehrsequencing/lib/python3.10/site-packages/sklearn/metrics/_ranking.py:1046: UserWarning: No positive class found in y_true, recall is set to one for all thresholds.
  warnings.warn(
/workspace/miniforge3/envs/ehrsequencing/lib/python3.10/site-packages/sklearn/metrics/_ranking.py:1046: UserWarning: No positive class found in y_true, recall is set to one for all thresholds.
  warnings.warn(
/workspace/miniforge3/envs/ehrsequencing/lib/python3.10/site-packages/sklearn/metrics/_ranking.py:1046: UserWarning: No positive class found in y_true, recall is set to one for all thresholds.
  warnings.warn(
/workspace/miniforge3/envs/ehrsequencing/lib/python3.10/site-packages/sklearn/metrics/_ranking.py:1046: UserWarning: No positive class found in y_true, recall is set to one for all thresholds.
  warnings.warn(
/workspace/miniforge3/envs/ehrsequencing/lib/python3.10/site-packages/sklearn/metrics/_ranking.py:1046: UserWarning: No positive class found in y_true, recall is set to one for all thresholds.
  warnings.warn(
/workspace/miniforge3/envs/ehrsequencing/lib/python3.10/site-packages/sklearn/metrics/_ranking.py:1046: UserWarning: No positive class found in y_true, recall is set to one for all thresholds.
  warnings.warn(
/workspace/miniforge3/envs/ehrsequencing/lib/python3.10/site-packages/sklearn/metrics/_ranking.py:1046: UserWarning: No positive class found in y_true, recall is set to one for all thresholds.
  warnings.warn(
/workspace/miniforge3/envs/ehrsequencing/lib/python3.10/site-packages/sklearn/metrics/_ranking.py:1046: UserWarning: No positive class found in y_true, recall is set to one for all thresholds.
  warnings.warn(
/workspace/miniforge3/envs/ehrsequencing/lib/python3.10/site-packages/sklearn/metrics/_ranking.py:1046: UserWarning: No positive class found in y_true, recall is set to one for all thresholds.
  warnings.warn(
/workspace/miniforge3/envs/ehrsequencing/lib/python3.10/site-packages/sklearn/metrics/_ranking.py:1046: UserWarning: No positive class found in y_true, recall is set to one for all thresholds.
  warnings.warn(
/workspace/miniforge3/envs/ehrsequencing/lib/python3.10/site-packages/sklearn/metrics/_ranking.py:1046: UserWarning: No positive class found in y_true, recall is set to one for all thresholds.
  warnings.warn(
/workspace/miniforge3/envs/ehrsequencing/lib/python3.10/site-packages/sklearn/metrics/_ranking.py:1046: UserWarning: No positive class found in y_true, recall is set to one for all thresholds.
  warnings.warn(
/workspace/miniforge3/envs/ehrsequencing/lib/python3.10/site-packages/sklearn/metrics/_ranking.py:1046: UserWarning: No positive class found in y_true, recall is set to one for all thresholds.
  warnings.warn(
/workspace/miniforge3/envs/ehrsequencing/lib/python3.10/site-packages/sklearn/metrics/_ranking.py:1046: UserWarning: No positive class found in y_true, recall is set to one for all thresholds.
  warnings.warn(
/workspace/miniforge3/envs/ehrsequencing/lib/python3.10/site-packages/sklearn/metrics/_ranking.py:1046: UserWarning: No positive class found in y_true, recall is set to one for all thresholds.
  warnings.warn(
/workspace/miniforge3/envs/ehrsequencing/lib/python3.10/site-packages/sklearn/metrics/_ranking.py:1046: UserWarning: No positive class found in y_true, recall is set to one for all thresholds.
  warnings.warn(
/workspace/miniforge3/envs/ehrsequencing/lib/python3.10/site-packages/sklearn/metrics/_ranking.py:1046: UserWarning: No positive class found in y_true, recall is set to one for all thresholds.
  warnings.warn(
/workspace/miniforge3/envs/ehrsequencing/lib/python3.10/site-packages/sklearn/metrics/_ranking.py:1046: UserWarning: No positive class found in y_true, recall is set to one for all thresholds.
  warnings.warn(
/workspace/miniforge3/envs/ehrsequencing/lib/python3.10/site-packages/sklearn/metrics/_ranking.py:1046: UserWarning: No positive class found in y_true, recall is set to one for all thresholds.
  warnings.warn(
/workspace/miniforge3/envs/ehrsequencing/lib/python3.10/site-packages/sklearn/metrics/_ranking.py:1046: UserWarning: No positive class found in y_true, recall is set to one for all thresholds.
  warnings.warn(
/workspace/miniforge3/envs/ehrsequencing/lib/python3.10/site-packages/sklearn/metrics/_ranking.py:1046: UserWarning: No positive class found in y_true, recall is set to one for all thresholds.
  warnings.warn(
/workspace/miniforge3/envs/ehrsequencing/lib/python3.10/site-packages/sklearn/metrics/_ranking.py:1046: UserWarning: No positive class found in y_true, recall is set to one for all thresholds.
  warnings.warn(
/workspace/miniforge3/envs/ehrsequencing/lib/python3.10/site-packages/sklearn/metrics/_ranking.py:1046: UserWarning: No positive class found in y_true, recall is set to one for all thresholds.
  warnings.warn(
/workspace/miniforge3/envs/ehrsequencing/lib/python3.10/site-packages/sklearn/metrics/_ranking.py:1046: UserWarning: No positive class found in y_true, recall is set to one for all thresholds.
  warnings.warn(
/workspace/miniforge3/envs/ehrsequencing/lib/python3.10/site-packages/sklearn/metrics/_ranking.py:1046: UserWarning: No positive class found in y_true, recall is set to one for all thresholds.
  warnings.warn(
/workspace/miniforge3/envs/ehrsequencing/lib/python3.10/site-packages/sklearn/metrics/_ranking.py:1046: UserWarning: No positive class found in y_true, recall is set to one for all thresholds.
  warnings.warn(
/workspace/miniforge3/envs/ehrsequencing/lib/python3.10/site-packages/sklearn/metrics/_ranking.py:1046: UserWarning: No positive class found in y_true, recall is set to one for all thresholds.
  warnings.warn(
/workspace/miniforge3/envs/ehrsequencing/lib/python3.10/site-packages/sklearn/metrics/_ranking.py:1046: UserWarning: No positive class found in y_true, recall is set to one for all thresholds.
  warnings.warn(
/workspace/miniforge3/envs/ehrsequencing/lib/python3.10/site-packages/sklearn/metrics/_ranking.py:1046: UserWarning: No positive class found in y_true, recall is set to one for all thresholds.
  warnings.warn(
/workspace/miniforge3/envs/ehrsequencing/lib/python3.10/site-packages/sklearn/metrics/_ranking.py:1046: UserWarning: No positive class found in y_true, recall is set to one for all thresholds.
  warnings.warn(
/workspace/miniforge3/envs/ehrsequencing/lib/python3.10/site-packages/sklearn/metrics/_ranking.py:1046: UserWarning: No positive class found in y_true, recall is set to one for all thresholds.
  warnings.warn(
/workspace/miniforge3/envs/ehrsequencing/lib/python3.10/site-packages/sklearn/metrics/_ranking.py:1046: UserWarning: No positive class found in y_true, recall is set to one for all thresholds.
  warnings.warn(
/workspace/miniforge3/envs/ehrsequencing/lib/python3.10/site-packages/sklearn/metrics/_ranking.py:1046: UserWarning: No positive class found in y_true, recall is set to one for all thresholds.
  warnings.warn(
/workspace/miniforge3/envs/ehrsequencing/lib/python3.10/site-packages/sklearn/metrics/_ranking.py:1046: UserWarning: No positive class found in y_true, recall is set to one for all thresholds.
  warnings.warn(
/workspace/miniforge3/envs/ehrsequencing/lib/python3.10/site-packages/sklearn/metrics/_ranking.py:1046: UserWarning: No positive class found in y_true, recall is set to one for all thresholds.
  warnings.warn(
/workspace/miniforge3/envs/ehrsequencing/lib/python3.10/site-packages/sklearn/metrics/_ranking.py:1046: UserWarning: No positive class found in y_true, recall is set to one for all thresholds.
  warnings.warn(
/workspace/miniforge3/envs/ehrsequencing/lib/python3.10/site-packages/sklearn/metrics/_ranking.py:1046: UserWarning: No positive class found in y_true, recall is set to one for all thresholds.
  warnings.warn(
/workspace/miniforge3/envs/ehrsequencing/lib/python3.10/site-packages/sklearn/metrics/_ranking.py:1046: UserWarning: No positive class found in y_true, recall is set to one for all thresholds.
  warnings.warn(
/workspace/miniforge3/envs/ehrsequencing/lib/python3.10/site-packages/sklearn/metrics/_ranking.py:1046: UserWarning: No positive class found in y_true, recall is set to one for all thresholds.
  warnings.warn(
/workspace/miniforge3/envs/ehrsequencing/lib/python3.10/site-packages/sklearn/metrics/_ranking.py:1046: UserWarning: No positive class found in y_true, recall is set to one for all thresholds.
  warnings.warn(
/workspace/miniforge3/envs/ehrsequencing/lib/python3.10/site-packages/sklearn/metrics/_ranking.py:1046: UserWarning: No positive class found in y_true, recall is set to one for all thresholds.
  warnings.warn(
/workspace/miniforge3/envs/ehrsequencing/lib/python3.10/site-packages/sklearn/metrics/_ranking.py:1046: UserWarning: No positive class found in y_true, recall is set to one for all thresholds.
  warnings.warn(
/workspace/miniforge3/envs/ehrsequencing/lib/python3.10/site-packages/sklearn/metrics/_ranking.py:1046: UserWarning: No positive class found in y_true, recall is set to one for all thresholds.
  warnings.warn(
/workspace/miniforge3/envs/ehrsequencing/lib/python3.10/site-packages/sklearn/metrics/_ranking.py:1046: UserWarning: No positive class found in y_true, recall is set to one for all thresholds.
  warnings.warn(
/workspace/miniforge3/envs/ehrsequencing/lib/python3.10/site-packages/sklearn/metrics/_ranking.py:1046: UserWarning: No positive class found in y_true, recall is set to one for all thresholds.
  warnings.warn(
/workspace/miniforge3/envs/ehrsequencing/lib/python3.10/site-packages/sklearn/metrics/_ranking.py:1046: UserWarning: No positive class found in y_true, recall is set to one for all thresholds.
  warnings.warn(
/workspace/miniforge3/envs/ehrsequencing/lib/python3.10/site-packages/sklearn/metrics/_ranking.py:1046: UserWarning: No positive class found in y_true, recall is set to one for all thresholds.
  warnings.warn(
/workspace/miniforge3/envs/ehrsequencing/lib/python3.10/site-packages/sklearn/metrics/_ranking.py:1046: UserWarning: No positive class found in y_true, recall is set to one for all thresholds.
  warnings.warn(
/workspace/miniforge3/envs/ehrsequencing/lib/python3.10/site-packages/sklearn/metrics/_ranking.py:1046: UserWarning: No positive class found in y_true, recall is set to one for all thresholds.
  warnings.warn(
/workspace/miniforge3/envs/ehrsequencing/lib/python3.10/site-packages/sklearn/metrics/_ranking.py:1046: UserWarning: No positive class found in y_true, recall is set to one for all thresholds.
  warnings.warn(
/workspace/miniforge3/envs/ehrsequencing/lib/python3.10/site-packages/sklearn/metrics/_ranking.py:1046: UserWarning: No positive class found in y_true, recall is set to one for all thresholds.
  warnings.warn(
/workspace/miniforge3/envs/ehrsequencing/lib/python3.10/site-packages/sklearn/metrics/_ranking.py:1046: UserWarning: No positive class found in y_true, recall is set to one for all thresholds.
  warnings.warn(
   ROC-AUC: nan
   PR-AUC: 0.2929
   Average Precision: 0.0189
💾 Saved embeddings to /workspace/ehr-sequencing/experiments/benchmark_embeddings/pretrained_embeddings.pt
   Shape: torch.Size([1000, 256])
   Metadata: {'vocab_size': 1000, 'embedding_dim': 256}

================================================================================
RUN 2: Fine-tuning with Pre-trained Embeddings (frozen embeddings)
================================================================================
/workspace/ehr-sequencing/src/ehrsequencing/models/behrt.py:140: UserWarning: enable_nested_tensor is True, but self.use_nested_tensor is False because encoder_layer.norm_first was True
  self.encoder = nn.TransformerEncoder(

📂 Loading pre-trained embeddings from Run 1...
✅ Initialized embedding layer with pre-trained weights (frozen)
Applied LoRA to behrt.encoder.layers.0.self_attn.out_proj (in=512, out=512, rank=16)
Applied LoRA to behrt.encoder.layers.1.self_attn.out_proj (in=512, out=512, rank=16)
Applied LoRA to behrt.encoder.layers.2.self_attn.out_proj (in=512, out=512, rank=16)
Applied LoRA to behrt.encoder.layers.3.self_attn.out_proj (in=512, out=512, rank=16)
Applied LoRA to behrt.encoder.layers.4.self_attn.out_proj (in=512, out=512, rank=16)
Applied LoRA to behrt.encoder.layers.5.self_attn.out_proj (in=512, out=512, rank=16)

📊 Model Parameters (Fine-tuning):
   Total: 20,366,312
   Trainable: 874,984 (4.3%)
   Embeddings: 0/576,000 trainable (frozen)

================================================================================
Training: Fine-tuning (pre-trained embeddings)
================================================================================
Epoch 1/100 | Train Loss: 4.8450 Acc: 0.1103 | Val Loss: 3.5321 Acc: 0.1442 🏆 | Patience: 0/10
Epoch 2/100 | Train Loss: 3.3193 Acc: 0.1574 | Val Loss: 3.0762 Acc: 0.1716 🏆 | Patience: 0/10
Epoch 3/100 | Train Loss: 2.9917 Acc: 0.1883 | Val Loss: 2.8371 Acc: 0.1971 🏆 | Patience: 0/10
Epoch 4/100 | Train Loss: 2.7857 Acc: 0.2148 | Val Loss: 2.6687 Acc: 0.2198 🏆 | Patience: 0/10
Epoch 5/100 | Train Loss: 2.6244 Acc: 0.2377 | Val Loss: 2.5572 Acc: 0.2319 🏆 | Patience: 0/10
Epoch 6/100 | Train Loss: 2.5213 Acc: 0.2501 | Val Loss: 2.4749 Acc: 0.2425 🏆 | Patience: 0/10
Epoch 7/100 | Train Loss: 2.4342 Acc: 0.2608 | Val Loss: 2.4245 Acc: 0.2542 🏆 | Patience: 0/10
Epoch 8/100 | Train Loss: 2.3824 Acc: 0.2718 | Val Loss: 2.3840 Acc: 0.2648 🏆 | Patience: 0/10
Epoch 9/100 | Train Loss: 2.3263 Acc: 0.2814 | Val Loss: 2.3504 Acc: 0.2652 🏆 | Patience: 0/10
Epoch 10/100 | Train Loss: 2.2847 Acc: 0.2902 | Val Loss: 2.3234 Acc: 0.2682 🏆 | Patience: 0/10
Epoch 11/100 | Train Loss: 2.2684 Acc: 0.2956 | Val Loss: 2.3026 Acc: 0.2745 🏆 | Patience: 0/10
Epoch 12/100 | Train Loss: 2.2345 Acc: 0.3000 | Val Loss: 2.2794 Acc: 0.2792 🏆 | Patience: 0/10
Epoch 13/100 | Train Loss: 2.2027 Acc: 0.3036 | Val Loss: 2.2704 Acc: 0.2794 🏆 | Patience: 0/10
Epoch 14/100 | Train Loss: 2.1763 Acc: 0.3113 | Val Loss: 2.2621 Acc: 0.2794 🏆 | Patience: 0/10
Epoch 15/100 | Train Loss: 2.1648 Acc: 0.3148 | Val Loss: 2.2505 Acc: 0.2890 🏆 | Patience: 0/10
Epoch 16/100 | Train Loss: 2.1419 Acc: 0.3228 | Val Loss: 2.2425 Acc: 0.2892 🏆 | Patience: 0/10
Epoch 17/100 | Train Loss: 2.1215 Acc: 0.3282 | Val Loss: 2.2234 Acc: 0.2939 🏆 | Patience: 0/10
Epoch 18/100 | Train Loss: 2.1089 Acc: 0.3286 | Val Loss: 2.2184 Acc: 0.2937 🏆 | Patience: 0/10
Epoch 19/100 | Train Loss: 2.0903 Acc: 0.3282 | Val Loss: 2.2084 Acc: 0.2928 🏆 | Patience: 0/10
Epoch 20/100 | Train Loss: 2.0783 Acc: 0.3362 | Val Loss: 2.1997 Acc: 0.2950 🏆 | Patience: 0/10
Epoch 21/100 | Train Loss: 2.0682 Acc: 0.3385 | Val Loss: 2.2035 Acc: 0.2911  | Patience: 1/10
Epoch 22/100 | Train Loss: 2.0516 Acc: 0.3450 | Val Loss: 2.1904 Acc: 0.2941 🏆 | Patience: 0/10
Epoch 23/100 | Train Loss: 2.0419 Acc: 0.3461 | Val Loss: 2.1763 Acc: 0.2961 🏆 | Patience: 0/10
Epoch 24/100 | Train Loss: 2.0316 Acc: 0.3481 | Val Loss: 2.1765 Acc: 0.2987  | Patience: 1/10
Epoch 25/100 | Train Loss: 2.0230 Acc: 0.3465 | Val Loss: 2.1753 Acc: 0.3015 🏆 | Patience: 0/10
Epoch 26/100 | Train Loss: 2.0075 Acc: 0.3514 | Val Loss: 2.1768 Acc: 0.3011  | Patience: 1/10
Epoch 27/100 | Train Loss: 1.9964 Acc: 0.3578 | Val Loss: 2.1702 Acc: 0.2974 🏆 | Patience: 0/10
Epoch 28/100 | Train Loss: 1.9868 Acc: 0.3610 | Val Loss: 2.1618 Acc: 0.3024 🏆 | Patience: 0/10
Epoch 29/100 | Train Loss: 1.9740 Acc: 0.3616 | Val Loss: 2.1570 Acc: 0.3004 🏆 | Patience: 0/10
Epoch 30/100 | Train Loss: 1.9552 Acc: 0.3699 | Val Loss: 2.1636 Acc: 0.2991  | Patience: 1/10
Epoch 31/100 | Train Loss: 1.9507 Acc: 0.3675 | Val Loss: 2.1494 Acc: 0.3028 🏆 | Patience: 0/10
Epoch 32/100 | Train Loss: 1.9338 Acc: 0.3740 | Val Loss: 2.1512 Acc: 0.3028  | Patience: 1/10
Epoch 33/100 | Train Loss: 1.9305 Acc: 0.3724 | Val Loss: 2.1445 Acc: 0.3008 🏆 | Patience: 0/10
Epoch 34/100 | Train Loss: 1.9119 Acc: 0.3799 | Val Loss: 2.1361 Acc: 0.3037 🏆 | Patience: 0/10
Epoch 35/100 | Train Loss: 1.8994 Acc: 0.3813 | Val Loss: 2.1390 Acc: 0.3008  | Patience: 1/10
Epoch 36/100 | Train Loss: 1.8845 Acc: 0.3849 | Val Loss: 2.1417 Acc: 0.3071  | Patience: 2/10
Epoch 37/100 | Train Loss: 1.8837 Acc: 0.3889 | Val Loss: 2.1378 Acc: 0.3039  | Patience: 3/10
Epoch 38/100 | Train Loss: 1.8615 Acc: 0.3911 | Val Loss: 2.1274 Acc: 0.3039 🏆 | Patience: 0/10
Epoch 39/100 | Train Loss: 1.8634 Acc: 0.3945 | Val Loss: 2.1285 Acc: 0.3080  | Patience: 1/10
Epoch 40/100 | Train Loss: 1.8517 Acc: 0.3966 | Val Loss: 2.1254 Acc: 0.3082 🏆 | Patience: 0/10
Epoch 41/100 | Train Loss: 1.8395 Acc: 0.4026 | Val Loss: 2.1158 Acc: 0.3099 🏆 | Patience: 0/10
Epoch 42/100 | Train Loss: 1.8327 Acc: 0.4026 | Val Loss: 2.1152 Acc: 0.3134 🏆 | Patience: 0/10
Epoch 43/100 | Train Loss: 1.8214 Acc: 0.4043 | Val Loss: 2.1134 Acc: 0.3078 🏆 | Patience: 0/10
Epoch 44/100 | Train Loss: 1.7956 Acc: 0.4100 | Val Loss: 2.1127 Acc: 0.3132 🏆 | Patience: 0/10
Epoch 45/100 | Train Loss: 1.7998 Acc: 0.4087 | Val Loss: 2.1046 Acc: 0.3121 🏆 | Patience: 0/10
Epoch 46/100 | Train Loss: 1.7781 Acc: 0.4146 | Val Loss: 2.1155 Acc: 0.3082  | Patience: 1/10
Epoch 47/100 | Train Loss: 1.7757 Acc: 0.4168 | Val Loss: 2.1022 Acc: 0.3121 🏆 | Patience: 0/10
Epoch 48/100 | Train Loss: 1.7679 Acc: 0.4188 | Val Loss: 2.0991 Acc: 0.3147 🏆 | Patience: 0/10
Epoch 49/100 | Train Loss: 1.7472 Acc: 0.4212 | Val Loss: 2.1060 Acc: 0.3136  | Patience: 1/10
Epoch 50/100 | Train Loss: 1.7403 Acc: 0.4263 | Val Loss: 2.1043 Acc: 0.3142  | Patience: 2/10
Epoch 51/100 | Train Loss: 1.7323 Acc: 0.4298 | Val Loss: 2.1002 Acc: 0.3097  | Patience: 3/10
Epoch 52/100 | Train Loss: 1.7300 Acc: 0.4239 | Val Loss: 2.0968 Acc: 0.3112 🏆 | Patience: 0/10
Epoch 53/100 | Train Loss: 1.7156 Acc: 0.4350 | Val Loss: 2.0949 Acc: 0.3091 🏆 | Patience: 0/10
Epoch 54/100 | Train Loss: 1.7019 Acc: 0.4353 | Val Loss: 2.0989 Acc: 0.3158  | Patience: 1/10
Epoch 55/100 | Train Loss: 1.6926 Acc: 0.4411 | Val Loss: 2.0981 Acc: 0.3116  | Patience: 2/10
Epoch 56/100 | Train Loss: 1.6877 Acc: 0.4406 | Val Loss: 2.0992 Acc: 0.3145  | Patience: 3/10
Epoch 57/100 | Train Loss: 1.6733 Acc: 0.4448 | Val Loss: 2.0954 Acc: 0.3145  | Patience: 4/10
Epoch 58/100 | Train Loss: 1.6749 Acc: 0.4480 | Val Loss: 2.0989 Acc: 0.3129  | Patience: 5/10
Epoch 59/100 | Train Loss: 1.6614 Acc: 0.4481 | Val Loss: 2.1014 Acc: 0.3199  | Patience: 6/10
Epoch 60/100 | Train Loss: 1.6538 Acc: 0.4521 | Val Loss: 2.0965 Acc: 0.3186  | Patience: 7/10
Epoch 61/100 | Train Loss: 1.6440 Acc: 0.4511 | Val Loss: 2.0941 Acc: 0.3155 🏆 | Patience: 0/10
Epoch 62/100 | Train Loss: 1.6329 Acc: 0.4577 | Val Loss: 2.0966 Acc: 0.3160  | Patience: 1/10
Epoch 63/100 | Train Loss: 1.6249 Acc: 0.4598 | Val Loss: 2.1024 Acc: 0.3155  | Patience: 2/10
Epoch 64/100 | Train Loss: 1.6197 Acc: 0.4595 | Val Loss: 2.0994 Acc: 0.3173  | Patience: 3/10
Epoch 65/100 | Train Loss: 1.6119 Acc: 0.4638 | Val Loss: 2.0986 Acc: 0.3181  | Patience: 4/10
Epoch 66/100 | Train Loss: 1.5959 Acc: 0.4753 | Val Loss: 2.0995 Acc: 0.3138  | Patience: 5/10
Epoch 67/100 | Train Loss: 1.5881 Acc: 0.4679 | Val Loss: 2.1095 Acc: 0.3112  | Patience: 6/10
Epoch 68/100 | Train Loss: 1.5806 Acc: 0.4739 | Val Loss: 2.1080 Acc: 0.3175  | Patience: 7/10
Epoch 69/100 | Train Loss: 1.5816 Acc: 0.4716 | Val Loss: 2.1100 Acc: 0.3149  | Patience: 8/10
Epoch 70/100 | Train Loss: 1.5717 Acc: 0.4763 | Val Loss: 2.1108 Acc: 0.3160  | Patience: 9/10
Epoch 71/100 | Train Loss: 1.5476 Acc: 0.4840 | Val Loss: 2.1136 Acc: 0.3158  | Patience: 10/10

⚠️  Early stopping at epoch 71

📊 Computing final metrics for Fine-tuning (pre-trained embeddings)...
/workspace/miniforge3/envs/ehrsequencing/lib/python3.10/site-packages/sklearn/metrics/_ranking.py:424: UndefinedMetricWarning: Only one class is present in y_true. ROC AUC score is not defined in that case.
  warnings.warn(
/workspace/miniforge3/envs/ehrsequencing/lib/python3.10/site-packages/sklearn/metrics/_ranking.py:424: UndefinedMetricWarning: Only one class is present in y_true. ROC AUC score is not defined in that case.
  warnings.warn(
/workspace/miniforge3/envs/ehrsequencing/lib/python3.10/site-packages/sklearn/metrics/_ranking.py:424: UndefinedMetricWarning: Only one class is present in y_true. ROC AUC score is not defined in that case.
  warnings.warn(
/workspace/miniforge3/envs/ehrsequencing/lib/python3.10/site-packages/sklearn/metrics/_ranking.py:424: UndefinedMetricWarning: Only one class is present in y_true. ROC AUC score is not defined in that case.
  warnings.warn(
/workspace/miniforge3/envs/ehrsequencing/lib/python3.10/site-packages/sklearn/metrics/_ranking.py:424: UndefinedMetricWarning: Only one class is present in y_true. ROC AUC score is not defined in that case.
  warnings.warn(
/workspace/miniforge3/envs/ehrsequencing/lib/python3.10/site-packages/sklearn/metrics/_ranking.py:424: UndefinedMetricWarning: Only one class is present in y_true. ROC AUC score is not defined in that case.
  warnings.warn(
/workspace/miniforge3/envs/ehrsequencing/lib/python3.10/site-packages/sklearn/metrics/_ranking.py:424: UndefinedMetricWarning: Only one class is present in y_true. ROC AUC score is not defined in that case.
  warnings.warn(
/workspace/miniforge3/envs/ehrsequencing/lib/python3.10/site-packages/sklearn/metrics/_ranking.py:424: UndefinedMetricWarning: Only one class is present in y_true. ROC AUC score is not defined in that case.
  warnings.warn(
/workspace/miniforge3/envs/ehrsequencing/lib/python3.10/site-packages/sklearn/metrics/_ranking.py:424: UndefinedMetricWarning: Only one class is present in y_true. ROC AUC score is not defined in that case.
  warnings.warn(
/workspace/miniforge3/envs/ehrsequencing/lib/python3.10/site-packages/sklearn/metrics/_ranking.py:424: UndefinedMetricWarning: Only one class is present in y_true. ROC AUC score is not defined in that case.
  warnings.warn(
/workspace/miniforge3/envs/ehrsequencing/lib/python3.10/site-packages/sklearn/metrics/_ranking.py:424: UndefinedMetricWarning: Only one class is present in y_true. ROC AUC score is not defined in that case.
  warnings.warn(
/workspace/miniforge3/envs/ehrsequencing/lib/python3.10/site-packages/sklearn/metrics/_ranking.py:424: UndefinedMetricWarning: Only one class is present in y_true. ROC AUC score is not defined in that case.
  warnings.warn(
/workspace/miniforge3/envs/ehrsequencing/lib/python3.10/site-packages/sklearn/metrics/_ranking.py:424: UndefinedMetricWarning: Only one class is present in y_true. ROC AUC score is not defined in that case.
  warnings.warn(
/workspace/miniforge3/envs/ehrsequencing/lib/python3.10/site-packages/sklearn/metrics/_ranking.py:424: UndefinedMetricWarning: Only one class is present in y_true. ROC AUC score is not defined in that case.
  warnings.warn(
/workspace/miniforge3/envs/ehrsequencing/lib/python3.10/site-packages/sklearn/metrics/_ranking.py:424: UndefinedMetricWarning: Only one class is present in y_true. ROC AUC score is not defined in that case.
  warnings.warn(
/workspace/miniforge3/envs/ehrsequencing/lib/python3.10/site-packages/sklearn/metrics/_ranking.py:424: UndefinedMetricWarning: Only one class is present in y_true. ROC AUC score is not defined in that case.
  warnings.warn(
/workspace/miniforge3/envs/ehrsequencing/lib/python3.10/site-packages/sklearn/metrics/_ranking.py:424: UndefinedMetricWarning: Only one class is present in y_true. ROC AUC score is not defined in that case.
  warnings.warn(
/workspace/miniforge3/envs/ehrsequencing/lib/python3.10/site-packages/sklearn/metrics/_ranking.py:424: UndefinedMetricWarning: Only one class is present in y_true. ROC AUC score is not defined in that case.
  warnings.warn(
/workspace/miniforge3/envs/ehrsequencing/lib/python3.10/site-packages/sklearn/metrics/_ranking.py:424: UndefinedMetricWarning: Only one class is present in y_true. ROC AUC score is not defined in that case.
  warnings.warn(
/workspace/miniforge3/envs/ehrsequencing/lib/python3.10/site-packages/sklearn/metrics/_ranking.py:424: UndefinedMetricWarning: Only one class is present in y_true. ROC AUC score is not defined in that case.
  warnings.warn(
/workspace/miniforge3/envs/ehrsequencing/lib/python3.10/site-packages/sklearn/metrics/_ranking.py:424: UndefinedMetricWarning: Only one class is present in y_true. ROC AUC score is not defined in that case.
  warnings.warn(
/workspace/miniforge3/envs/ehrsequencing/lib/python3.10/site-packages/sklearn/metrics/_ranking.py:424: UndefinedMetricWarning: Only one class is present in y_true. ROC AUC score is not defined in that case.
  warnings.warn(
/workspace/miniforge3/envs/ehrsequencing/lib/python3.10/site-packages/sklearn/metrics/_ranking.py:424: UndefinedMetricWarning: Only one class is present in y_true. ROC AUC score is not defined in that case.
  warnings.warn(
/workspace/miniforge3/envs/ehrsequencing/lib/python3.10/site-packages/sklearn/metrics/_ranking.py:424: UndefinedMetricWarning: Only one class is present in y_true. ROC AUC score is not defined in that case.
  warnings.warn(
/workspace/miniforge3/envs/ehrsequencing/lib/python3.10/site-packages/sklearn/metrics/_ranking.py:424: UndefinedMetricWarning: Only one class is present in y_true. ROC AUC score is not defined in that case.
  warnings.warn(
/workspace/miniforge3/envs/ehrsequencing/lib/python3.10/site-packages/sklearn/metrics/_ranking.py:424: UndefinedMetricWarning: Only one class is present in y_true. ROC AUC score is not defined in that case.
  warnings.warn(
/workspace/miniforge3/envs/ehrsequencing/lib/python3.10/site-packages/sklearn/metrics/_ranking.py:1046: UserWarning: No positive class found in y_true, recall is set to one for all thresholds.
  warnings.warn(
/workspace/miniforge3/envs/ehrsequencing/lib/python3.10/site-packages/sklearn/metrics/_ranking.py:1046: UserWarning: No positive class found in y_true, recall is set to one for all thresholds.
  warnings.warn(
/workspace/miniforge3/envs/ehrsequencing/lib/python3.10/site-packages/sklearn/metrics/_ranking.py:1046: UserWarning: No positive class found in y_true, recall is set to one for all thresholds.
  warnings.warn(
/workspace/miniforge3/envs/ehrsequencing/lib/python3.10/site-packages/sklearn/metrics/_ranking.py:1046: UserWarning: No positive class found in y_true, recall is set to one for all thresholds.
  warnings.warn(
/workspace/miniforge3/envs/ehrsequencing/lib/python3.10/site-packages/sklearn/metrics/_ranking.py:1046: UserWarning: No positive class found in y_true, recall is set to one for all thresholds.
  warnings.warn(
/workspace/miniforge3/envs/ehrsequencing/lib/python3.10/site-packages/sklearn/metrics/_ranking.py:1046: UserWarning: No positive class found in y_true, recall is set to one for all thresholds.
  warnings.warn(
/workspace/miniforge3/envs/ehrsequencing/lib/python3.10/site-packages/sklearn/metrics/_ranking.py:1046: UserWarning: No positive class found in y_true, recall is set to one for all thresholds.
  warnings.warn(
/workspace/miniforge3/envs/ehrsequencing/lib/python3.10/site-packages/sklearn/metrics/_ranking.py:1046: UserWarning: No positive class found in y_true, recall is set to one for all thresholds.
  warnings.warn(
/workspace/miniforge3/envs/ehrsequencing/lib/python3.10/site-packages/sklearn/metrics/_ranking.py:1046: UserWarning: No positive class found in y_true, recall is set to one for all thresholds.
  warnings.warn(
/workspace/miniforge3/envs/ehrsequencing/lib/python3.10/site-packages/sklearn/metrics/_ranking.py:1046: UserWarning: No positive class found in y_true, recall is set to one for all thresholds.
  warnings.warn(
/workspace/miniforge3/envs/ehrsequencing/lib/python3.10/site-packages/sklearn/metrics/_ranking.py:1046: UserWarning: No positive class found in y_true, recall is set to one for all thresholds.
  warnings.warn(
/workspace/miniforge3/envs/ehrsequencing/lib/python3.10/site-packages/sklearn/metrics/_ranking.py:1046: UserWarning: No positive class found in y_true, recall is set to one for all thresholds.
  warnings.warn(
/workspace/miniforge3/envs/ehrsequencing/lib/python3.10/site-packages/sklearn/metrics/_ranking.py:1046: UserWarning: No positive class found in y_true, recall is set to one for all thresholds.
  warnings.warn(
/workspace/miniforge3/envs/ehrsequencing/lib/python3.10/site-packages/sklearn/metrics/_ranking.py:1046: UserWarning: No positive class found in y_true, recall is set to one for all thresholds.
  warnings.warn(
/workspace/miniforge3/envs/ehrsequencing/lib/python3.10/site-packages/sklearn/metrics/_ranking.py:1046: UserWarning: No positive class found in y_true, recall is set to one for all thresholds.
  warnings.warn(
/workspace/miniforge3/envs/ehrsequencing/lib/python3.10/site-packages/sklearn/metrics/_ranking.py:1046: UserWarning: No positive class found in y_true, recall is set to one for all thresholds.
  warnings.warn(
/workspace/miniforge3/envs/ehrsequencing/lib/python3.10/site-packages/sklearn/metrics/_ranking.py:1046: UserWarning: No positive class found in y_true, recall is set to one for all thresholds.
  warnings.warn(
/workspace/miniforge3/envs/ehrsequencing/lib/python3.10/site-packages/sklearn/metrics/_ranking.py:1046: UserWarning: No positive class found in y_true, recall is set to one for all thresholds.
  warnings.warn(
/workspace/miniforge3/envs/ehrsequencing/lib/python3.10/site-packages/sklearn/metrics/_ranking.py:1046: UserWarning: No positive class found in y_true, recall is set to one for all thresholds.
  warnings.warn(
/workspace/miniforge3/envs/ehrsequencing/lib/python3.10/site-packages/sklearn/metrics/_ranking.py:1046: UserWarning: No positive class found in y_true, recall is set to one for all thresholds.
  warnings.warn(
/workspace/miniforge3/envs/ehrsequencing/lib/python3.10/site-packages/sklearn/metrics/_ranking.py:1046: UserWarning: No positive class found in y_true, recall is set to one for all thresholds.
  warnings.warn(
/workspace/miniforge3/envs/ehrsequencing/lib/python3.10/site-packages/sklearn/metrics/_ranking.py:1046: UserWarning: No positive class found in y_true, recall is set to one for all thresholds.
  warnings.warn(
/workspace/miniforge3/envs/ehrsequencing/lib/python3.10/site-packages/sklearn/metrics/_ranking.py:1046: UserWarning: No positive class found in y_true, recall is set to one for all thresholds.
  warnings.warn(
/workspace/miniforge3/envs/ehrsequencing/lib/python3.10/site-packages/sklearn/metrics/_ranking.py:1046: UserWarning: No positive class found in y_true, recall is set to one for all thresholds.
  warnings.warn(
/workspace/miniforge3/envs/ehrsequencing/lib/python3.10/site-packages/sklearn/metrics/_ranking.py:1046: UserWarning: No positive class found in y_true, recall is set to one for all thresholds.
  warnings.warn(
/workspace/miniforge3/envs/ehrsequencing/lib/python3.10/site-packages/sklearn/metrics/_ranking.py:1046: UserWarning: No positive class found in y_true, recall is set to one for all thresholds.
  warnings.warn(
/workspace/miniforge3/envs/ehrsequencing/lib/python3.10/site-packages/sklearn/metrics/_ranking.py:1046: UserWarning: No positive class found in y_true, recall is set to one for all thresholds.
  warnings.warn(
/workspace/miniforge3/envs/ehrsequencing/lib/python3.10/site-packages/sklearn/metrics/_ranking.py:1046: UserWarning: No positive class found in y_true, recall is set to one for all thresholds.
  warnings.warn(
/workspace/miniforge3/envs/ehrsequencing/lib/python3.10/site-packages/sklearn/metrics/_ranking.py:1046: UserWarning: No positive class found in y_true, recall is set to one for all thresholds.
  warnings.warn(
/workspace/miniforge3/envs/ehrsequencing/lib/python3.10/site-packages/sklearn/metrics/_ranking.py:1046: UserWarning: No positive class found in y_true, recall is set to one for all thresholds.
  warnings.warn(
/workspace/miniforge3/envs/ehrsequencing/lib/python3.10/site-packages/sklearn/metrics/_ranking.py:1046: UserWarning: No positive class found in y_true, recall is set to one for all thresholds.
  warnings.warn(
/workspace/miniforge3/envs/ehrsequencing/lib/python3.10/site-packages/sklearn/metrics/_ranking.py:1046: UserWarning: No positive class found in y_true, recall is set to one for all thresholds.
  warnings.warn(
/workspace/miniforge3/envs/ehrsequencing/lib/python3.10/site-packages/sklearn/metrics/_ranking.py:1046: UserWarning: No positive class found in y_true, recall is set to one for all thresholds.
  warnings.warn(
/workspace/miniforge3/envs/ehrsequencing/lib/python3.10/site-packages/sklearn/metrics/_ranking.py:1046: UserWarning: No positive class found in y_true, recall is set to one for all thresholds.
  warnings.warn(
/workspace/miniforge3/envs/ehrsequencing/lib/python3.10/site-packages/sklearn/metrics/_ranking.py:1046: UserWarning: No positive class found in y_true, recall is set to one for all thresholds.
  warnings.warn(
/workspace/miniforge3/envs/ehrsequencing/lib/python3.10/site-packages/sklearn/metrics/_ranking.py:1046: UserWarning: No positive class found in y_true, recall is set to one for all thresholds.
  warnings.warn(
/workspace/miniforge3/envs/ehrsequencing/lib/python3.10/site-packages/sklearn/metrics/_ranking.py:1046: UserWarning: No positive class found in y_true, recall is set to one for all thresholds.
  warnings.warn(
/workspace/miniforge3/envs/ehrsequencing/lib/python3.10/site-packages/sklearn/metrics/_ranking.py:1046: UserWarning: No positive class found in y_true, recall is set to one for all thresholds.
  warnings.warn(
/workspace/miniforge3/envs/ehrsequencing/lib/python3.10/site-packages/sklearn/metrics/_ranking.py:1046: UserWarning: No positive class found in y_true, recall is set to one for all thresholds.
  warnings.warn(
/workspace/miniforge3/envs/ehrsequencing/lib/python3.10/site-packages/sklearn/metrics/_ranking.py:1046: UserWarning: No positive class found in y_true, recall is set to one for all thresholds.
  warnings.warn(
/workspace/miniforge3/envs/ehrsequencing/lib/python3.10/site-packages/sklearn/metrics/_ranking.py:1046: UserWarning: No positive class found in y_true, recall is set to one for all thresholds.
  warnings.warn(
/workspace/miniforge3/envs/ehrsequencing/lib/python3.10/site-packages/sklearn/metrics/_ranking.py:1046: UserWarning: No positive class found in y_true, recall is set to one for all thresholds.
  warnings.warn(
/workspace/miniforge3/envs/ehrsequencing/lib/python3.10/site-packages/sklearn/metrics/_ranking.py:1046: UserWarning: No positive class found in y_true, recall is set to one for all thresholds.
  warnings.warn(
/workspace/miniforge3/envs/ehrsequencing/lib/python3.10/site-packages/sklearn/metrics/_ranking.py:1046: UserWarning: No positive class found in y_true, recall is set to one for all thresholds.
  warnings.warn(
/workspace/miniforge3/envs/ehrsequencing/lib/python3.10/site-packages/sklearn/metrics/_ranking.py:1046: UserWarning: No positive class found in y_true, recall is set to one for all thresholds.
  warnings.warn(
/workspace/miniforge3/envs/ehrsequencing/lib/python3.10/site-packages/sklearn/metrics/_ranking.py:1046: UserWarning: No positive class found in y_true, recall is set to one for all thresholds.
  warnings.warn(
/workspace/miniforge3/envs/ehrsequencing/lib/python3.10/site-packages/sklearn/metrics/_ranking.py:1046: UserWarning: No positive class found in y_true, recall is set to one for all thresholds.
  warnings.warn(
/workspace/miniforge3/envs/ehrsequencing/lib/python3.10/site-packages/sklearn/metrics/_ranking.py:1046: UserWarning: No positive class found in y_true, recall is set to one for all thresholds.
  warnings.warn(
/workspace/miniforge3/envs/ehrsequencing/lib/python3.10/site-packages/sklearn/metrics/_ranking.py:1046: UserWarning: No positive class found in y_true, recall is set to one for all thresholds.
  warnings.warn(
/workspace/miniforge3/envs/ehrsequencing/lib/python3.10/site-packages/sklearn/metrics/_ranking.py:1046: UserWarning: No positive class found in y_true, recall is set to one for all thresholds.
  warnings.warn(
/workspace/miniforge3/envs/ehrsequencing/lib/python3.10/site-packages/sklearn/metrics/_ranking.py:1046: UserWarning: No positive class found in y_true, recall is set to one for all thresholds.
  warnings.warn(
/workspace/miniforge3/envs/ehrsequencing/lib/python3.10/site-packages/sklearn/metrics/_ranking.py:1046: UserWarning: No positive class found in y_true, recall is set to one for all thresholds.
  warnings.warn(
/workspace/miniforge3/envs/ehrsequencing/lib/python3.10/site-packages/sklearn/metrics/_ranking.py:1046: UserWarning: No positive class found in y_true, recall is set to one for all thresholds.
  warnings.warn(
/workspace/miniforge3/envs/ehrsequencing/lib/python3.10/site-packages/sklearn/metrics/_ranking.py:1046: UserWarning: No positive class found in y_true, recall is set to one for all thresholds.
  warnings.warn(
/workspace/miniforge3/envs/ehrsequencing/lib/python3.10/site-packages/sklearn/metrics/_ranking.py:1046: UserWarning: No positive class found in y_true, recall is set to one for all thresholds.
  warnings.warn(
/workspace/miniforge3/envs/ehrsequencing/lib/python3.10/site-packages/sklearn/metrics/_ranking.py:1046: UserWarning: No positive class found in y_true, recall is set to one for all thresholds.
  warnings.warn(
/workspace/miniforge3/envs/ehrsequencing/lib/python3.10/site-packages/sklearn/metrics/_ranking.py:1046: UserWarning: No positive class found in y_true, recall is set to one for all thresholds.
  warnings.warn(
/workspace/miniforge3/envs/ehrsequencing/lib/python3.10/site-packages/sklearn/metrics/_ranking.py:1046: UserWarning: No positive class found in y_true, recall is set to one for all thresholds.
  warnings.warn(
/workspace/miniforge3/envs/ehrsequencing/lib/python3.10/site-packages/sklearn/metrics/_ranking.py:1046: UserWarning: No positive class found in y_true, recall is set to one for all thresholds.
  warnings.warn(
/workspace/miniforge3/envs/ehrsequencing/lib/python3.10/site-packages/sklearn/metrics/_ranking.py:1046: UserWarning: No positive class found in y_true, recall is set to one for all thresholds.
  warnings.warn(
/workspace/miniforge3/envs/ehrsequencing/lib/python3.10/site-packages/sklearn/metrics/_ranking.py:1046: UserWarning: No positive class found in y_true, recall is set to one for all thresholds.
  warnings.warn(
/workspace/miniforge3/envs/ehrsequencing/lib/python3.10/site-packages/sklearn/metrics/_ranking.py:1046: UserWarning: No positive class found in y_true, recall is set to one for all thresholds.
  warnings.warn(
/workspace/miniforge3/envs/ehrsequencing/lib/python3.10/site-packages/sklearn/metrics/_ranking.py:1046: UserWarning: No positive class found in y_true, recall is set to one for all thresholds.
  warnings.warn(
/workspace/miniforge3/envs/ehrsequencing/lib/python3.10/site-packages/sklearn/metrics/_ranking.py:1046: UserWarning: No positive class found in y_true, recall is set to one for all thresholds.
  warnings.warn(
/workspace/miniforge3/envs/ehrsequencing/lib/python3.10/site-packages/sklearn/metrics/_ranking.py:1046: UserWarning: No positive class found in y_true, recall is set to one for all thresholds.
  warnings.warn(
/workspace/miniforge3/envs/ehrsequencing/lib/python3.10/site-packages/sklearn/metrics/_ranking.py:1046: UserWarning: No positive class found in y_true, recall is set to one for all thresholds.
  warnings.warn(
/workspace/miniforge3/envs/ehrsequencing/lib/python3.10/site-packages/sklearn/metrics/_ranking.py:1046: UserWarning: No positive class found in y_true, recall is set to one for all thresholds.
  warnings.warn(
/workspace/miniforge3/envs/ehrsequencing/lib/python3.10/site-packages/sklearn/metrics/_ranking.py:1046: UserWarning: No positive class found in y_true, recall is set to one for all thresholds.
  warnings.warn(
/workspace/miniforge3/envs/ehrsequencing/lib/python3.10/site-packages/sklearn/metrics/_ranking.py:1046: UserWarning: No positive class found in y_true, recall is set to one for all thresholds.
  warnings.warn(
/workspace/miniforge3/envs/ehrsequencing/lib/python3.10/site-packages/sklearn/metrics/_ranking.py:1046: UserWarning: No positive class found in y_true, recall is set to one for all thresholds.
  warnings.warn(
/workspace/miniforge3/envs/ehrsequencing/lib/python3.10/site-packages/sklearn/metrics/_ranking.py:1046: UserWarning: No positive class found in y_true, recall is set to one for all thresholds.
  warnings.warn(
/workspace/miniforge3/envs/ehrsequencing/lib/python3.10/site-packages/sklearn/metrics/_ranking.py:1046: UserWarning: No positive class found in y_true, recall is set to one for all thresholds.
  warnings.warn(
/workspace/miniforge3/envs/ehrsequencing/lib/python3.10/site-packages/sklearn/metrics/_ranking.py:1046: UserWarning: No positive class found in y_true, recall is set to one for all thresholds.
  warnings.warn(
/workspace/miniforge3/envs/ehrsequencing/lib/python3.10/site-packages/sklearn/metrics/_ranking.py:1046: UserWarning: No positive class found in y_true, recall is set to one for all thresholds.
  warnings.warn(
/workspace/miniforge3/envs/ehrsequencing/lib/python3.10/site-packages/sklearn/metrics/_ranking.py:1046: UserWarning: No positive class found in y_true, recall is set to one for all thresholds.
  warnings.warn(
/workspace/miniforge3/envs/ehrsequencing/lib/python3.10/site-packages/sklearn/metrics/_ranking.py:1046: UserWarning: No positive class found in y_true, recall is set to one for all thresholds.
  warnings.warn(
/workspace/miniforge3/envs/ehrsequencing/lib/python3.10/site-packages/sklearn/metrics/_ranking.py:1046: UserWarning: No positive class found in y_true, recall is set to one for all thresholds.
  warnings.warn(
/workspace/miniforge3/envs/ehrsequencing/lib/python3.10/site-packages/sklearn/metrics/_ranking.py:1046: UserWarning: No positive class found in y_true, recall is set to one for all thresholds.
  warnings.warn(
/workspace/miniforge3/envs/ehrsequencing/lib/python3.10/site-packages/sklearn/metrics/_ranking.py:1046: UserWarning: No positive class found in y_true, recall is set to one for all thresholds.
  warnings.warn(
/workspace/miniforge3/envs/ehrsequencing/lib/python3.10/site-packages/sklearn/metrics/_ranking.py:1046: UserWarning: No positive class found in y_true, recall is set to one for all thresholds.
  warnings.warn(
/workspace/miniforge3/envs/ehrsequencing/lib/python3.10/site-packages/sklearn/metrics/_ranking.py:1046: UserWarning: No positive class found in y_true, recall is set to one for all thresholds.
  warnings.warn(
/workspace/miniforge3/envs/ehrsequencing/lib/python3.10/site-packages/sklearn/metrics/_ranking.py:1046: UserWarning: No positive class found in y_true, recall is set to one for all thresholds.
  warnings.warn(
/workspace/miniforge3/envs/ehrsequencing/lib/python3.10/site-packages/sklearn/metrics/_ranking.py:1046: UserWarning: No positive class found in y_true, recall is set to one for all thresholds.
  warnings.warn(
/workspace/miniforge3/envs/ehrsequencing/lib/python3.10/site-packages/sklearn/metrics/_ranking.py:1046: UserWarning: No positive class found in y_true, recall is set to one for all thresholds.
  warnings.warn(
/workspace/miniforge3/envs/ehrsequencing/lib/python3.10/site-packages/sklearn/metrics/_ranking.py:1046: UserWarning: No positive class found in y_true, recall is set to one for all thresholds.
  warnings.warn(
/workspace/miniforge3/envs/ehrsequencing/lib/python3.10/site-packages/sklearn/metrics/_ranking.py:1046: UserWarning: No positive class found in y_true, recall is set to one for all thresholds.
  warnings.warn(
/workspace/miniforge3/envs/ehrsequencing/lib/python3.10/site-packages/sklearn/metrics/_ranking.py:1046: UserWarning: No positive class found in y_true, recall is set to one for all thresholds.
  warnings.warn(
/workspace/miniforge3/envs/ehrsequencing/lib/python3.10/site-packages/sklearn/metrics/_ranking.py:1046: UserWarning: No positive class found in y_true, recall is set to one for all thresholds.
  warnings.warn(
/workspace/miniforge3/envs/ehrsequencing/lib/python3.10/site-packages/sklearn/metrics/_ranking.py:1046: UserWarning: No positive class found in y_true, recall is set to one for all thresholds.
  warnings.warn(
/workspace/miniforge3/envs/ehrsequencing/lib/python3.10/site-packages/sklearn/metrics/_ranking.py:1046: UserWarning: No positive class found in y_true, recall is set to one for all thresholds.
  warnings.warn(
/workspace/miniforge3/envs/ehrsequencing/lib/python3.10/site-packages/sklearn/metrics/_ranking.py:1046: UserWarning: No positive class found in y_true, recall is set to one for all thresholds.
  warnings.warn(
/workspace/miniforge3/envs/ehrsequencing/lib/python3.10/site-packages/sklearn/metrics/_ranking.py:1046: UserWarning: No positive class found in y_true, recall is set to one for all thresholds.
  warnings.warn(
/workspace/miniforge3/envs/ehrsequencing/lib/python3.10/site-packages/sklearn/metrics/_ranking.py:1046: UserWarning: No positive class found in y_true, recall is set to one for all thresholds.
  warnings.warn(
/workspace/miniforge3/envs/ehrsequencing/lib/python3.10/site-packages/sklearn/metrics/_ranking.py:1046: UserWarning: No positive class found in y_true, recall is set to one for all thresholds.
  warnings.warn(
/workspace/miniforge3/envs/ehrsequencing/lib/python3.10/site-packages/sklearn/metrics/_ranking.py:1046: UserWarning: No positive class found in y_true, recall is set to one for all thresholds.
  warnings.warn(
/workspace/miniforge3/envs/ehrsequencing/lib/python3.10/site-packages/sklearn/metrics/_ranking.py:1046: UserWarning: No positive class found in y_true, recall is set to one for all thresholds.
  warnings.warn(
/workspace/miniforge3/envs/ehrsequencing/lib/python3.10/site-packages/sklearn/metrics/_ranking.py:1046: UserWarning: No positive class found in y_true, recall is set to one for all thresholds.
  warnings.warn(
/workspace/miniforge3/envs/ehrsequencing/lib/python3.10/site-packages/sklearn/metrics/_ranking.py:1046: UserWarning: No positive class found in y_true, recall is set to one for all thresholds.
  warnings.warn(
/workspace/miniforge3/envs/ehrsequencing/lib/python3.10/site-packages/sklearn/metrics/_ranking.py:1046: UserWarning: No positive class found in y_true, recall is set to one for all thresholds.
  warnings.warn(
/workspace/miniforge3/envs/ehrsequencing/lib/python3.10/site-packages/sklearn/metrics/_ranking.py:1046: UserWarning: No positive class found in y_true, recall is set to one for all thresholds.
  warnings.warn(
/workspace/miniforge3/envs/ehrsequencing/lib/python3.10/site-packages/sklearn/metrics/_ranking.py:1046: UserWarning: No positive class found in y_true, recall is set to one for all thresholds.
  warnings.warn(
/workspace/miniforge3/envs/ehrsequencing/lib/python3.10/site-packages/sklearn/metrics/_ranking.py:1046: UserWarning: No positive class found in y_true, recall is set to one for all thresholds.
  warnings.warn(
/workspace/miniforge3/envs/ehrsequencing/lib/python3.10/site-packages/sklearn/metrics/_ranking.py:1046: UserWarning: No positive class found in y_true, recall is set to one for all thresholds.
  warnings.warn(
/workspace/miniforge3/envs/ehrsequencing/lib/python3.10/site-packages/sklearn/metrics/_ranking.py:1046: UserWarning: No positive class found in y_true, recall is set to one for all thresholds.
  warnings.warn(
/workspace/miniforge3/envs/ehrsequencing/lib/python3.10/site-packages/sklearn/metrics/_ranking.py:1046: UserWarning: No positive class found in y_true, recall is set to one for all thresholds.
  warnings.warn(
/workspace/miniforge3/envs/ehrsequencing/lib/python3.10/site-packages/sklearn/metrics/_ranking.py:1046: UserWarning: No positive class found in y_true, recall is set to one for all thresholds.
  warnings.warn(
/workspace/miniforge3/envs/ehrsequencing/lib/python3.10/site-packages/sklearn/metrics/_ranking.py:1046: UserWarning: No positive class found in y_true, recall is set to one for all thresholds.
  warnings.warn(
/workspace/miniforge3/envs/ehrsequencing/lib/python3.10/site-packages/sklearn/metrics/_ranking.py:1046: UserWarning: No positive class found in y_true, recall is set to one for all thresholds.
  warnings.warn(
/workspace/miniforge3/envs/ehrsequencing/lib/python3.10/site-packages/sklearn/metrics/_ranking.py:1046: UserWarning: No positive class found in y_true, recall is set to one for all thresholds.
  warnings.warn(
/workspace/miniforge3/envs/ehrsequencing/lib/python3.10/site-packages/sklearn/metrics/_ranking.py:1046: UserWarning: No positive class found in y_true, recall is set to one for all thresholds.
  warnings.warn(
/workspace/miniforge3/envs/ehrsequencing/lib/python3.10/site-packages/sklearn/metrics/_ranking.py:1046: UserWarning: No positive class found in y_true, recall is set to one for all thresholds.
  warnings.warn(
/workspace/miniforge3/envs/ehrsequencing/lib/python3.10/site-packages/sklearn/metrics/_ranking.py:1046: UserWarning: No positive class found in y_true, recall is set to one for all thresholds.
  warnings.warn(
/workspace/miniforge3/envs/ehrsequencing/lib/python3.10/site-packages/sklearn/metrics/_ranking.py:1046: UserWarning: No positive class found in y_true, recall is set to one for all thresholds.
  warnings.warn(
/workspace/miniforge3/envs/ehrsequencing/lib/python3.10/site-packages/sklearn/metrics/_ranking.py:1046: UserWarning: No positive class found in y_true, recall is set to one for all thresholds.
  warnings.warn(
/workspace/miniforge3/envs/ehrsequencing/lib/python3.10/site-packages/sklearn/metrics/_ranking.py:1046: UserWarning: No positive class found in y_true, recall is set to one for all thresholds.
  warnings.warn(
/workspace/miniforge3/envs/ehrsequencing/lib/python3.10/site-packages/sklearn/metrics/_ranking.py:1046: UserWarning: No positive class found in y_true, recall is set to one for all thresholds.
  warnings.warn(
/workspace/miniforge3/envs/ehrsequencing/lib/python3.10/site-packages/sklearn/metrics/_ranking.py:1046: UserWarning: No positive class found in y_true, recall is set to one for all thresholds.
  warnings.warn(
/workspace/miniforge3/envs/ehrsequencing/lib/python3.10/site-packages/sklearn/metrics/_ranking.py:1046: UserWarning: No positive class found in y_true, recall is set to one for all thresholds.
  warnings.warn(
/workspace/miniforge3/envs/ehrsequencing/lib/python3.10/site-packages/sklearn/metrics/_ranking.py:1046: UserWarning: No positive class found in y_true, recall is set to one for all thresholds.
  warnings.warn(
/workspace/miniforge3/envs/ehrsequencing/lib/python3.10/site-packages/sklearn/metrics/_ranking.py:1046: UserWarning: No positive class found in y_true, recall is set to one for all thresholds.
  warnings.warn(
/workspace/miniforge3/envs/ehrsequencing/lib/python3.10/site-packages/sklearn/metrics/_ranking.py:1046: UserWarning: No positive class found in y_true, recall is set to one for all thresholds.
  warnings.warn(
/workspace/miniforge3/envs/ehrsequencing/lib/python3.10/site-packages/sklearn/metrics/_ranking.py:1046: UserWarning: No positive class found in y_true, recall is set to one for all thresholds.
  warnings.warn(
/workspace/miniforge3/envs/ehrsequencing/lib/python3.10/site-packages/sklearn/metrics/_ranking.py:1046: UserWarning: No positive class found in y_true, recall is set to one for all thresholds.
  warnings.warn(
/workspace/miniforge3/envs/ehrsequencing/lib/python3.10/site-packages/sklearn/metrics/_ranking.py:1046: UserWarning: No positive class found in y_true, recall is set to one for all thresholds.
  warnings.warn(
/workspace/miniforge3/envs/ehrsequencing/lib/python3.10/site-packages/sklearn/metrics/_ranking.py:1046: UserWarning: No positive class found in y_true, recall is set to one for all thresholds.
  warnings.warn(
/workspace/miniforge3/envs/ehrsequencing/lib/python3.10/site-packages/sklearn/metrics/_ranking.py:1046: UserWarning: No positive class found in y_true, recall is set to one for all thresholds.
  warnings.warn(
/workspace/miniforge3/envs/ehrsequencing/lib/python3.10/site-packages/sklearn/metrics/_ranking.py:1046: UserWarning: No positive class found in y_true, recall is set to one for all thresholds.
  warnings.warn(
/workspace/miniforge3/envs/ehrsequencing/lib/python3.10/site-packages/sklearn/metrics/_ranking.py:1046: UserWarning: No positive class found in y_true, recall is set to one for all thresholds.
  warnings.warn(
/workspace/miniforge3/envs/ehrsequencing/lib/python3.10/site-packages/sklearn/metrics/_ranking.py:1046: UserWarning: No positive class found in y_true, recall is set to one for all thresholds.
  warnings.warn(
/workspace/miniforge3/envs/ehrsequencing/lib/python3.10/site-packages/sklearn/metrics/_ranking.py:1046: UserWarning: No positive class found in y_true, recall is set to one for all thresholds.
  warnings.warn(
/workspace/miniforge3/envs/ehrsequencing/lib/python3.10/site-packages/sklearn/metrics/_ranking.py:1046: UserWarning: No positive class found in y_true, recall is set to one for all thresholds.
  warnings.warn(
/workspace/miniforge3/envs/ehrsequencing/lib/python3.10/site-packages/sklearn/metrics/_ranking.py:1046: UserWarning: No positive class found in y_true, recall is set to one for all thresholds.
  warnings.warn(
/workspace/miniforge3/envs/ehrsequencing/lib/python3.10/site-packages/sklearn/metrics/_ranking.py:1046: UserWarning: No positive class found in y_true, recall is set to one for all thresholds.
  warnings.warn(
/workspace/miniforge3/envs/ehrsequencing/lib/python3.10/site-packages/sklearn/metrics/_ranking.py:1046: UserWarning: No positive class found in y_true, recall is set to one for all thresholds.
  warnings.warn(
/workspace/miniforge3/envs/ehrsequencing/lib/python3.10/site-packages/sklearn/metrics/_ranking.py:1046: UserWarning: No positive class found in y_true, recall is set to one for all thresholds.
  warnings.warn(
/workspace/miniforge3/envs/ehrsequencing/lib/python3.10/site-packages/sklearn/metrics/_ranking.py:1046: UserWarning: No positive class found in y_true, recall is set to one for all thresholds.
  warnings.warn(
/workspace/miniforge3/envs/ehrsequencing/lib/python3.10/site-packages/sklearn/metrics/_ranking.py:1046: UserWarning: No positive class found in y_true, recall is set to one for all thresholds.
  warnings.warn(
/workspace/miniforge3/envs/ehrsequencing/lib/python3.10/site-packages/sklearn/metrics/_ranking.py:1046: UserWarning: No positive class found in y_true, recall is set to one for all thresholds.
  warnings.warn(
/workspace/miniforge3/envs/ehrsequencing/lib/python3.10/site-packages/sklearn/metrics/_ranking.py:1046: UserWarning: No positive class found in y_true, recall is set to one for all thresholds.
  warnings.warn(
/workspace/miniforge3/envs/ehrsequencing/lib/python3.10/site-packages/sklearn/metrics/_ranking.py:1046: UserWarning: No positive class found in y_true, recall is set to one for all thresholds.
  warnings.warn(
/workspace/miniforge3/envs/ehrsequencing/lib/python3.10/site-packages/sklearn/metrics/_ranking.py:1046: UserWarning: No positive class found in y_true, recall is set to one for all thresholds.
  warnings.warn(
/workspace/miniforge3/envs/ehrsequencing/lib/python3.10/site-packages/sklearn/metrics/_ranking.py:1046: UserWarning: No positive class found in y_true, recall is set to one for all thresholds.
  warnings.warn(
/workspace/miniforge3/envs/ehrsequencing/lib/python3.10/site-packages/sklearn/metrics/_ranking.py:1046: UserWarning: No positive class found in y_true, recall is set to one for all thresholds.
  warnings.warn(
/workspace/miniforge3/envs/ehrsequencing/lib/python3.10/site-packages/sklearn/metrics/_ranking.py:1046: UserWarning: No positive class found in y_true, recall is set to one for all thresholds.
  warnings.warn(
/workspace/miniforge3/envs/ehrsequencing/lib/python3.10/site-packages/sklearn/metrics/_ranking.py:1046: UserWarning: No positive class found in y_true, recall is set to one for all thresholds.
  warnings.warn(
/workspace/miniforge3/envs/ehrsequencing/lib/python3.10/site-packages/sklearn/metrics/_ranking.py:1046: UserWarning: No positive class found in y_true, recall is set to one for all thresholds.
  warnings.warn(
/workspace/miniforge3/envs/ehrsequencing/lib/python3.10/site-packages/sklearn/metrics/_ranking.py:1046: UserWarning: No positive class found in y_true, recall is set to one for all thresholds.
  warnings.warn(
/workspace/miniforge3/envs/ehrsequencing/lib/python3.10/site-packages/sklearn/metrics/_ranking.py:1046: UserWarning: No positive class found in y_true, recall is set to one for all thresholds.
  warnings.warn(
/workspace/miniforge3/envs/ehrsequencing/lib/python3.10/site-packages/sklearn/metrics/_ranking.py:1046: UserWarning: No positive class found in y_true, recall is set to one for all thresholds.
  warnings.warn(
/workspace/miniforge3/envs/ehrsequencing/lib/python3.10/site-packages/sklearn/metrics/_ranking.py:1046: UserWarning: No positive class found in y_true, recall is set to one for all thresholds.
  warnings.warn(
/workspace/miniforge3/envs/ehrsequencing/lib/python3.10/site-packages/sklearn/metrics/_ranking.py:1046: UserWarning: No positive class found in y_true, recall is set to one for all thresholds.
  warnings.warn(
/workspace/miniforge3/envs/ehrsequencing/lib/python3.10/site-packages/sklearn/metrics/_ranking.py:1046: UserWarning: No positive class found in y_true, recall is set to one for all thresholds.
  warnings.warn(
/workspace/miniforge3/envs/ehrsequencing/lib/python3.10/site-packages/sklearn/metrics/_ranking.py:1046: UserWarning: No positive class found in y_true, recall is set to one for all thresholds.
  warnings.warn(
/workspace/miniforge3/envs/ehrsequencing/lib/python3.10/site-packages/sklearn/metrics/_ranking.py:1046: UserWarning: No positive class found in y_true, recall is set to one for all thresholds.
  warnings.warn(
/workspace/miniforge3/envs/ehrsequencing/lib/python3.10/site-packages/sklearn/metrics/_ranking.py:1046: UserWarning: No positive class found in y_true, recall is set to one for all thresholds.
  warnings.warn(
/workspace/miniforge3/envs/ehrsequencing/lib/python3.10/site-packages/sklearn/metrics/_ranking.py:1046: UserWarning: No positive class found in y_true, recall is set to one for all thresholds.
  warnings.warn(
/workspace/miniforge3/envs/ehrsequencing/lib/python3.10/site-packages/sklearn/metrics/_ranking.py:1046: UserWarning: No positive class found in y_true, recall is set to one for all thresholds.
  warnings.warn(
/workspace/miniforge3/envs/ehrsequencing/lib/python3.10/site-packages/sklearn/metrics/_ranking.py:1046: UserWarning: No positive class found in y_true, recall is set to one for all thresholds.
  warnings.warn(
/workspace/miniforge3/envs/ehrsequencing/lib/python3.10/site-packages/sklearn/metrics/_ranking.py:1046: UserWarning: No positive class found in y_true, recall is set to one for all thresholds.
  warnings.warn(
/workspace/miniforge3/envs/ehrsequencing/lib/python3.10/site-packages/sklearn/metrics/_ranking.py:1046: UserWarning: No positive class found in y_true, recall is set to one for all thresholds.
  warnings.warn(
/workspace/miniforge3/envs/ehrsequencing/lib/python3.10/site-packages/sklearn/metrics/_ranking.py:1046: UserWarning: No positive class found in y_true, recall is set to one for all thresholds.
  warnings.warn(
/workspace/miniforge3/envs/ehrsequencing/lib/python3.10/site-packages/sklearn/metrics/_ranking.py:1046: UserWarning: No positive class found in y_true, recall is set to one for all thresholds.
  warnings.warn(
/workspace/miniforge3/envs/ehrsequencing/lib/python3.10/site-packages/sklearn/metrics/_ranking.py:1046: UserWarning: No positive class found in y_true, recall is set to one for all thresholds.
  warnings.warn(
/workspace/miniforge3/envs/ehrsequencing/lib/python3.10/site-packages/sklearn/metrics/_ranking.py:1046: UserWarning: No positive class found in y_true, recall is set to one for all thresholds.
  warnings.warn(
/workspace/miniforge3/envs/ehrsequencing/lib/python3.10/site-packages/sklearn/metrics/_ranking.py:1046: UserWarning: No positive class found in y_true, recall is set to one for all thresholds.
  warnings.warn(
/workspace/miniforge3/envs/ehrsequencing/lib/python3.10/site-packages/sklearn/metrics/_ranking.py:1046: UserWarning: No positive class found in y_true, recall is set to one for all thresholds.
  warnings.warn(
/workspace/miniforge3/envs/ehrsequencing/lib/python3.10/site-packages/sklearn/metrics/_ranking.py:1046: UserWarning: No positive class found in y_true, recall is set to one for all thresholds.
  warnings.warn(
/workspace/miniforge3/envs/ehrsequencing/lib/python3.10/site-packages/sklearn/metrics/_ranking.py:1046: UserWarning: No positive class found in y_true, recall is set to one for all thresholds.
  warnings.warn(
/workspace/miniforge3/envs/ehrsequencing/lib/python3.10/site-packages/sklearn/metrics/_ranking.py:1046: UserWarning: No positive class found in y_true, recall is set to one for all thresholds.
  warnings.warn(
/workspace/miniforge3/envs/ehrsequencing/lib/python3.10/site-packages/sklearn/metrics/_ranking.py:1046: UserWarning: No positive class found in y_true, recall is set to one for all thresholds.
  warnings.warn(
/workspace/miniforge3/envs/ehrsequencing/lib/python3.10/site-packages/sklearn/metrics/_ranking.py:1046: UserWarning: No positive class found in y_true, recall is set to one for all thresholds.
  warnings.warn(
/workspace/miniforge3/envs/ehrsequencing/lib/python3.10/site-packages/sklearn/metrics/_ranking.py:1046: UserWarning: No positive class found in y_true, recall is set to one for all thresholds.
  warnings.warn(
/workspace/miniforge3/envs/ehrsequencing/lib/python3.10/site-packages/sklearn/metrics/_ranking.py:1046: UserWarning: No positive class found in y_true, recall is set to one for all thresholds.
  warnings.warn(
/workspace/miniforge3/envs/ehrsequencing/lib/python3.10/site-packages/sklearn/metrics/_ranking.py:1046: UserWarning: No positive class found in y_true, recall is set to one for all thresholds.
  warnings.warn(
/workspace/miniforge3/envs/ehrsequencing/lib/python3.10/site-packages/sklearn/metrics/_ranking.py:1046: UserWarning: No positive class found in y_true, recall is set to one for all thresholds.
  warnings.warn(
/workspace/miniforge3/envs/ehrsequencing/lib/python3.10/site-packages/sklearn/metrics/_ranking.py:1046: UserWarning: No positive class found in y_true, recall is set to one for all thresholds.
  warnings.warn(
/workspace/miniforge3/envs/ehrsequencing/lib/python3.10/site-packages/sklearn/metrics/_ranking.py:1046: UserWarning: No positive class found in y_true, recall is set to one for all thresholds.
  warnings.warn(
/workspace/miniforge3/envs/ehrsequencing/lib/python3.10/site-packages/sklearn/metrics/_ranking.py:1046: UserWarning: No positive class found in y_true, recall is set to one for all thresholds.
  warnings.warn(
/workspace/miniforge3/envs/ehrsequencing/lib/python3.10/site-packages/sklearn/metrics/_ranking.py:1046: UserWarning: No positive class found in y_true, recall is set to one for all thresholds.
  warnings.warn(
/workspace/miniforge3/envs/ehrsequencing/lib/python3.10/site-packages/sklearn/metrics/_ranking.py:1046: UserWarning: No positive class found in y_true, recall is set to one for all thresholds.
  warnings.warn(
/workspace/miniforge3/envs/ehrsequencing/lib/python3.10/site-packages/sklearn/metrics/_ranking.py:1046: UserWarning: No positive class found in y_true, recall is set to one for all thresholds.
  warnings.warn(
/workspace/miniforge3/envs/ehrsequencing/lib/python3.10/site-packages/sklearn/metrics/_ranking.py:1046: UserWarning: No positive class found in y_true, recall is set to one for all thresholds.
  warnings.warn(
/workspace/miniforge3/envs/ehrsequencing/lib/python3.10/site-packages/sklearn/metrics/_ranking.py:1046: UserWarning: No positive class found in y_true, recall is set to one for all thresholds.
  warnings.warn(
/workspace/miniforge3/envs/ehrsequencing/lib/python3.10/site-packages/sklearn/metrics/_ranking.py:1046: UserWarning: No positive class found in y_true, recall is set to one for all thresholds.
  warnings.warn(
/workspace/miniforge3/envs/ehrsequencing/lib/python3.10/site-packages/sklearn/metrics/_ranking.py:1046: UserWarning: No positive class found in y_true, recall is set to one for all thresholds.
  warnings.warn(
/workspace/miniforge3/envs/ehrsequencing/lib/python3.10/site-packages/sklearn/metrics/_ranking.py:1046: UserWarning: No positive class found in y_true, recall is set to one for all thresholds.
  warnings.warn(
/workspace/miniforge3/envs/ehrsequencing/lib/python3.10/site-packages/sklearn/metrics/_ranking.py:1046: UserWarning: No positive class found in y_true, recall is set to one for all thresholds.
  warnings.warn(
/workspace/miniforge3/envs/ehrsequencing/lib/python3.10/site-packages/sklearn/metrics/_ranking.py:1046: UserWarning: No positive class found in y_true, recall is set to one for all thresholds.
  warnings.warn(
/workspace/miniforge3/envs/ehrsequencing/lib/python3.10/site-packages/sklearn/metrics/_ranking.py:1046: UserWarning: No positive class found in y_true, recall is set to one for all thresholds.
  warnings.warn(
/workspace/miniforge3/envs/ehrsequencing/lib/python3.10/site-packages/sklearn/metrics/_ranking.py:1046: UserWarning: No positive class found in y_true, recall is set to one for all thresholds.
  warnings.warn(
/workspace/miniforge3/envs/ehrsequencing/lib/python3.10/site-packages/sklearn/metrics/_ranking.py:1046: UserWarning: No positive class found in y_true, recall is set to one for all thresholds.
  warnings.warn(
/workspace/miniforge3/envs/ehrsequencing/lib/python3.10/site-packages/sklearn/metrics/_ranking.py:1046: UserWarning: No positive class found in y_true, recall is set to one for all thresholds.
  warnings.warn(
/workspace/miniforge3/envs/ehrsequencing/lib/python3.10/site-packages/sklearn/metrics/_ranking.py:1046: UserWarning: No positive class found in y_true, recall is set to one for all thresholds.
  warnings.warn(
/workspace/miniforge3/envs/ehrsequencing/lib/python3.10/site-packages/sklearn/metrics/_ranking.py:1046: UserWarning: No positive class found in y_true, recall is set to one for all thresholds.
  warnings.warn(
/workspace/miniforge3/envs/ehrsequencing/lib/python3.10/site-packages/sklearn/metrics/_ranking.py:1046: UserWarning: No positive class found in y_true, recall is set to one for all thresholds.
  warnings.warn(
/workspace/miniforge3/envs/ehrsequencing/lib/python3.10/site-packages/sklearn/metrics/_ranking.py:1046: UserWarning: No positive class found in y_true, recall is set to one for all thresholds.
  warnings.warn(
/workspace/miniforge3/envs/ehrsequencing/lib/python3.10/site-packages/sklearn/metrics/_ranking.py:1046: UserWarning: No positive class found in y_true, recall is set to one for all thresholds.
  warnings.warn(
/workspace/miniforge3/envs/ehrsequencing/lib/python3.10/site-packages/sklearn/metrics/_ranking.py:1046: UserWarning: No positive class found in y_true, recall is set to one for all thresholds.
  warnings.warn(
/workspace/miniforge3/envs/ehrsequencing/lib/python3.10/site-packages/sklearn/metrics/_ranking.py:1046: UserWarning: No positive class found in y_true, recall is set to one for all thresholds.
  warnings.warn(
/workspace/miniforge3/envs/ehrsequencing/lib/python3.10/site-packages/sklearn/metrics/_ranking.py:1046: UserWarning: No positive class found in y_true, recall is set to one for all thresholds.
  warnings.warn(
/workspace/miniforge3/envs/ehrsequencing/lib/python3.10/site-packages/sklearn/metrics/_ranking.py:1046: UserWarning: No positive class found in y_true, recall is set to one for all thresholds.
  warnings.warn(
/workspace/miniforge3/envs/ehrsequencing/lib/python3.10/site-packages/sklearn/metrics/_ranking.py:1046: UserWarning: No positive class found in y_true, recall is set to one for all thresholds.
  warnings.warn(
/workspace/miniforge3/envs/ehrsequencing/lib/python3.10/site-packages/sklearn/metrics/_ranking.py:1046: UserWarning: No positive class found in y_true, recall is set to one for all thresholds.
  warnings.warn(
/workspace/miniforge3/envs/ehrsequencing/lib/python3.10/site-packages/sklearn/metrics/_ranking.py:1046: UserWarning: No positive class found in y_true, recall is set to one for all thresholds.
  warnings.warn(
/workspace/miniforge3/envs/ehrsequencing/lib/python3.10/site-packages/sklearn/metrics/_ranking.py:1046: UserWarning: No positive class found in y_true, recall is set to one for all thresholds.
  warnings.warn(
/workspace/miniforge3/envs/ehrsequencing/lib/python3.10/site-packages/sklearn/metrics/_ranking.py:1046: UserWarning: No positive class found in y_true, recall is set to one for all thresholds.
  warnings.warn(
/workspace/miniforge3/envs/ehrsequencing/lib/python3.10/site-packages/sklearn/metrics/_ranking.py:1046: UserWarning: No positive class found in y_true, recall is set to one for all thresholds.
  warnings.warn(
/workspace/miniforge3/envs/ehrsequencing/lib/python3.10/site-packages/sklearn/metrics/_ranking.py:1046: UserWarning: No positive class found in y_true, recall is set to one for all thresholds.
  warnings.warn(
/workspace/miniforge3/envs/ehrsequencing/lib/python3.10/site-packages/sklearn/metrics/_ranking.py:1046: UserWarning: No positive class found in y_true, recall is set to one for all thresholds.
  warnings.warn(
/workspace/miniforge3/envs/ehrsequencing/lib/python3.10/site-packages/sklearn/metrics/_ranking.py:1046: UserWarning: No positive class found in y_true, recall is set to one for all thresholds.
  warnings.warn(
/workspace/miniforge3/envs/ehrsequencing/lib/python3.10/site-packages/sklearn/metrics/_ranking.py:1046: UserWarning: No positive class found in y_true, recall is set to one for all thresholds.
  warnings.warn(
/workspace/miniforge3/envs/ehrsequencing/lib/python3.10/site-packages/sklearn/metrics/_ranking.py:1046: UserWarning: No positive class found in y_true, recall is set to one for all thresholds.
  warnings.warn(
/workspace/miniforge3/envs/ehrsequencing/lib/python3.10/site-packages/sklearn/metrics/_ranking.py:1046: UserWarning: No positive class found in y_true, recall is set to one for all thresholds.
  warnings.warn(
/workspace/miniforge3/envs/ehrsequencing/lib/python3.10/site-packages/sklearn/metrics/_ranking.py:1046: UserWarning: No positive class found in y_true, recall is set to one for all thresholds.
  warnings.warn(
/workspace/miniforge3/envs/ehrsequencing/lib/python3.10/site-packages/sklearn/metrics/_ranking.py:1046: UserWarning: No positive class found in y_true, recall is set to one for all thresholds.
  warnings.warn(
/workspace/miniforge3/envs/ehrsequencing/lib/python3.10/site-packages/sklearn/metrics/_ranking.py:1046: UserWarning: No positive class found in y_true, recall is set to one for all thresholds.
  warnings.warn(
/workspace/miniforge3/envs/ehrsequencing/lib/python3.10/site-packages/sklearn/metrics/_ranking.py:1046: UserWarning: No positive class found in y_true, recall is set to one for all thresholds.
  warnings.warn(
/workspace/miniforge3/envs/ehrsequencing/lib/python3.10/site-packages/sklearn/metrics/_ranking.py:1046: UserWarning: No positive class found in y_true, recall is set to one for all thresholds.
  warnings.warn(
/workspace/miniforge3/envs/ehrsequencing/lib/python3.10/site-packages/sklearn/metrics/_ranking.py:1046: UserWarning: No positive class found in y_true, recall is set to one for all thresholds.
  warnings.warn(
/workspace/miniforge3/envs/ehrsequencing/lib/python3.10/site-packages/sklearn/metrics/_ranking.py:1046: UserWarning: No positive class found in y_true, recall is set to one for all thresholds.
  warnings.warn(
/workspace/miniforge3/envs/ehrsequencing/lib/python3.10/site-packages/sklearn/metrics/_ranking.py:1046: UserWarning: No positive class found in y_true, recall is set to one for all thresholds.
  warnings.warn(
/workspace/miniforge3/envs/ehrsequencing/lib/python3.10/site-packages/sklearn/metrics/_ranking.py:1046: UserWarning: No positive class found in y_true, recall is set to one for all thresholds.
  warnings.warn(
/workspace/miniforge3/envs/ehrsequencing/lib/python3.10/site-packages/sklearn/metrics/_ranking.py:1046: UserWarning: No positive class found in y_true, recall is set to one for all thresholds.
  warnings.warn(
/workspace/miniforge3/envs/ehrsequencing/lib/python3.10/site-packages/sklearn/metrics/_ranking.py:1046: UserWarning: No positive class found in y_true, recall is set to one for all thresholds.
  warnings.warn(
/workspace/miniforge3/envs/ehrsequencing/lib/python3.10/site-packages/sklearn/metrics/_ranking.py:1046: UserWarning: No positive class found in y_true, recall is set to one for all thresholds.
  warnings.warn(
/workspace/miniforge3/envs/ehrsequencing/lib/python3.10/site-packages/sklearn/metrics/_ranking.py:1046: UserWarning: No positive class found in y_true, recall is set to one for all thresholds.
  warnings.warn(
/workspace/miniforge3/envs/ehrsequencing/lib/python3.10/site-packages/sklearn/metrics/_ranking.py:1046: UserWarning: No positive class found in y_true, recall is set to one for all thresholds.
  warnings.warn(
/workspace/miniforge3/envs/ehrsequencing/lib/python3.10/site-packages/sklearn/metrics/_ranking.py:1046: UserWarning: No positive class found in y_true, recall is set to one for all thresholds.
  warnings.warn(
/workspace/miniforge3/envs/ehrsequencing/lib/python3.10/site-packages/sklearn/metrics/_ranking.py:1046: UserWarning: No positive class found in y_true, recall is set to one for all thresholds.
  warnings.warn(
/workspace/miniforge3/envs/ehrsequencing/lib/python3.10/site-packages/sklearn/metrics/_ranking.py:1046: UserWarning: No positive class found in y_true, recall is set to one for all thresholds.
  warnings.warn(
/workspace/miniforge3/envs/ehrsequencing/lib/python3.10/site-packages/sklearn/metrics/_ranking.py:1046: UserWarning: No positive class found in y_true, recall is set to one for all thresholds.
  warnings.warn(
/workspace/miniforge3/envs/ehrsequencing/lib/python3.10/site-packages/sklearn/metrics/_ranking.py:1046: UserWarning: No positive class found in y_true, recall is set to one for all thresholds.
  warnings.warn(
/workspace/miniforge3/envs/ehrsequencing/lib/python3.10/site-packages/sklearn/metrics/_ranking.py:1046: UserWarning: No positive class found in y_true, recall is set to one for all thresholds.
  warnings.warn(
/workspace/miniforge3/envs/ehrsequencing/lib/python3.10/site-packages/sklearn/metrics/_ranking.py:1046: UserWarning: No positive class found in y_true, recall is set to one for all thresholds.
  warnings.warn(
/workspace/miniforge3/envs/ehrsequencing/lib/python3.10/site-packages/sklearn/metrics/_ranking.py:1046: UserWarning: No positive class found in y_true, recall is set to one for all thresholds.
  warnings.warn(
/workspace/miniforge3/envs/ehrsequencing/lib/python3.10/site-packages/sklearn/metrics/_ranking.py:1046: UserWarning: No positive class found in y_true, recall is set to one for all thresholds.
  warnings.warn(
/workspace/miniforge3/envs/ehrsequencing/lib/python3.10/site-packages/sklearn/metrics/_ranking.py:1046: UserWarning: No positive class found in y_true, recall is set to one for all thresholds.
  warnings.warn(
/workspace/miniforge3/envs/ehrsequencing/lib/python3.10/site-packages/sklearn/metrics/_ranking.py:1046: UserWarning: No positive class found in y_true, recall is set to one for all thresholds.
  warnings.warn(
/workspace/miniforge3/envs/ehrsequencing/lib/python3.10/site-packages/sklearn/metrics/_ranking.py:1046: UserWarning: No positive class found in y_true, recall is set to one for all thresholds.
  warnings.warn(
/workspace/miniforge3/envs/ehrsequencing/lib/python3.10/site-packages/sklearn/metrics/_ranking.py:1046: UserWarning: No positive class found in y_true, recall is set to one for all thresholds.
  warnings.warn(
/workspace/miniforge3/envs/ehrsequencing/lib/python3.10/site-packages/sklearn/metrics/_ranking.py:1046: UserWarning: No positive class found in y_true, recall is set to one for all thresholds.
  warnings.warn(
/workspace/miniforge3/envs/ehrsequencing/lib/python3.10/site-packages/sklearn/metrics/_ranking.py:1046: UserWarning: No positive class found in y_true, recall is set to one for all thresholds.
  warnings.warn(
/workspace/miniforge3/envs/ehrsequencing/lib/python3.10/site-packages/sklearn/metrics/_ranking.py:1046: UserWarning: No positive class found in y_true, recall is set to one for all thresholds.
  warnings.warn(
/workspace/miniforge3/envs/ehrsequencing/lib/python3.10/site-packages/sklearn/metrics/_ranking.py:1046: UserWarning: No positive class found in y_true, recall is set to one for all thresholds.
  warnings.warn(
/workspace/miniforge3/envs/ehrsequencing/lib/python3.10/site-packages/sklearn/metrics/_ranking.py:1046: UserWarning: No positive class found in y_true, recall is set to one for all thresholds.
  warnings.warn(
/workspace/miniforge3/envs/ehrsequencing/lib/python3.10/site-packages/sklearn/metrics/_ranking.py:1046: UserWarning: No positive class found in y_true, recall is set to one for all thresholds.
  warnings.warn(
/workspace/miniforge3/envs/ehrsequencing/lib/python3.10/site-packages/sklearn/metrics/_ranking.py:1046: UserWarning: No positive class found in y_true, recall is set to one for all thresholds.
  warnings.warn(
/workspace/miniforge3/envs/ehrsequencing/lib/python3.10/site-packages/sklearn/metrics/_ranking.py:1046: UserWarning: No positive class found in y_true, recall is set to one for all thresholds.
  warnings.warn(
/workspace/miniforge3/envs/ehrsequencing/lib/python3.10/site-packages/sklearn/metrics/_ranking.py:1046: UserWarning: No positive class found in y_true, recall is set to one for all thresholds.
  warnings.warn(
/workspace/miniforge3/envs/ehrsequencing/lib/python3.10/site-packages/sklearn/metrics/_ranking.py:1046: UserWarning: No positive class found in y_true, recall is set to one for all thresholds.
  warnings.warn(
/workspace/miniforge3/envs/ehrsequencing/lib/python3.10/site-packages/sklearn/metrics/_ranking.py:1046: UserWarning: No positive class found in y_true, recall is set to one for all thresholds.
  warnings.warn(
/workspace/miniforge3/envs/ehrsequencing/lib/python3.10/site-packages/sklearn/metrics/_ranking.py:1046: UserWarning: No positive class found in y_true, recall is set to one for all thresholds.
  warnings.warn(
/workspace/miniforge3/envs/ehrsequencing/lib/python3.10/site-packages/sklearn/metrics/_ranking.py:1046: UserWarning: No positive class found in y_true, recall is set to one for all thresholds.
  warnings.warn(
/workspace/miniforge3/envs/ehrsequencing/lib/python3.10/site-packages/sklearn/metrics/_ranking.py:1046: UserWarning: No positive class found in y_true, recall is set to one for all thresholds.
  warnings.warn(
/workspace/miniforge3/envs/ehrsequencing/lib/python3.10/site-packages/sklearn/metrics/_ranking.py:1046: UserWarning: No positive class found in y_true, recall is set to one for all thresholds.
  warnings.warn(
/workspace/miniforge3/envs/ehrsequencing/lib/python3.10/site-packages/sklearn/metrics/_ranking.py:1046: UserWarning: No positive class found in y_true, recall is set to one for all thresholds.
  warnings.warn(
/workspace/miniforge3/envs/ehrsequencing/lib/python3.10/site-packages/sklearn/metrics/_ranking.py:1046: UserWarning: No positive class found in y_true, recall is set to one for all thresholds.
  warnings.warn(
/workspace/miniforge3/envs/ehrsequencing/lib/python3.10/site-packages/sklearn/metrics/_ranking.py:1046: UserWarning: No positive class found in y_true, recall is set to one for all thresholds.
  warnings.warn(
/workspace/miniforge3/envs/ehrsequencing/lib/python3.10/site-packages/sklearn/metrics/_ranking.py:1046: UserWarning: No positive class found in y_true, recall is set to one for all thresholds.
  warnings.warn(
/workspace/miniforge3/envs/ehrsequencing/lib/python3.10/site-packages/sklearn/metrics/_ranking.py:1046: UserWarning: No positive class found in y_true, recall is set to one for all thresholds.
  warnings.warn(
/workspace/miniforge3/envs/ehrsequencing/lib/python3.10/site-packages/sklearn/metrics/_ranking.py:1046: UserWarning: No positive class found in y_true, recall is set to one for all thresholds.
  warnings.warn(
/workspace/miniforge3/envs/ehrsequencing/lib/python3.10/site-packages/sklearn/metrics/_ranking.py:1046: UserWarning: No positive class found in y_true, recall is set to one for all thresholds.
  warnings.warn(
/workspace/miniforge3/envs/ehrsequencing/lib/python3.10/site-packages/sklearn/metrics/_ranking.py:1046: UserWarning: No positive class found in y_true, recall is set to one for all thresholds.
  warnings.warn(
/workspace/miniforge3/envs/ehrsequencing/lib/python3.10/site-packages/sklearn/metrics/_ranking.py:1046: UserWarning: No positive class found in y_true, recall is set to one for all thresholds.
  warnings.warn(
/workspace/miniforge3/envs/ehrsequencing/lib/python3.10/site-packages/sklearn/metrics/_ranking.py:1046: UserWarning: No positive class found in y_true, recall is set to one for all thresholds.
  warnings.warn(
/workspace/miniforge3/envs/ehrsequencing/lib/python3.10/site-packages/sklearn/metrics/_ranking.py:1046: UserWarning: No positive class found in y_true, recall is set to one for all thresholds.
  warnings.warn(
/workspace/miniforge3/envs/ehrsequencing/lib/python3.10/site-packages/sklearn/metrics/_ranking.py:1046: UserWarning: No positive class found in y_true, recall is set to one for all thresholds.
  warnings.warn(
/workspace/miniforge3/envs/ehrsequencing/lib/python3.10/site-packages/sklearn/metrics/_ranking.py:1046: UserWarning: No positive class found in y_true, recall is set to one for all thresholds.
  warnings.warn(
/workspace/miniforge3/envs/ehrsequencing/lib/python3.10/site-packages/sklearn/metrics/_ranking.py:1046: UserWarning: No positive class found in y_true, recall is set to one for all thresholds.
  warnings.warn(
/workspace/miniforge3/envs/ehrsequencing/lib/python3.10/site-packages/sklearn/metrics/_ranking.py:1046: UserWarning: No positive class found in y_true, recall is set to one for all thresholds.
  warnings.warn(
/workspace/miniforge3/envs/ehrsequencing/lib/python3.10/site-packages/sklearn/metrics/_ranking.py:1046: UserWarning: No positive class found in y_true, recall is set to one for all thresholds.
  warnings.warn(
/workspace/miniforge3/envs/ehrsequencing/lib/python3.10/site-packages/sklearn/metrics/_ranking.py:1046: UserWarning: No positive class found in y_true, recall is set to one for all thresholds.
  warnings.warn(
/workspace/miniforge3/envs/ehrsequencing/lib/python3.10/site-packages/sklearn/metrics/_ranking.py:1046: UserWarning: No positive class found in y_true, recall is set to one for all thresholds.
  warnings.warn(
/workspace/miniforge3/envs/ehrsequencing/lib/python3.10/site-packages/sklearn/metrics/_ranking.py:1046: UserWarning: No positive class found in y_true, recall is set to one for all thresholds.
  warnings.warn(
/workspace/miniforge3/envs/ehrsequencing/lib/python3.10/site-packages/sklearn/metrics/_ranking.py:1046: UserWarning: No positive class found in y_true, recall is set to one for all thresholds.
  warnings.warn(
/workspace/miniforge3/envs/ehrsequencing/lib/python3.10/site-packages/sklearn/metrics/_ranking.py:1046: UserWarning: No positive class found in y_true, recall is set to one for all thresholds.
  warnings.warn(
/workspace/miniforge3/envs/ehrsequencing/lib/python3.10/site-packages/sklearn/metrics/_ranking.py:1046: UserWarning: No positive class found in y_true, recall is set to one for all thresholds.
  warnings.warn(
/workspace/miniforge3/envs/ehrsequencing/lib/python3.10/site-packages/sklearn/metrics/_ranking.py:1046: UserWarning: No positive class found in y_true, recall is set to one for all thresholds.
  warnings.warn(
/workspace/miniforge3/envs/ehrsequencing/lib/python3.10/site-packages/sklearn/metrics/_ranking.py:1046: UserWarning: No positive class found in y_true, recall is set to one for all thresholds.
  warnings.warn(
/workspace/miniforge3/envs/ehrsequencing/lib/python3.10/site-packages/sklearn/metrics/_ranking.py:1046: UserWarning: No positive class found in y_true, recall is set to one for all thresholds.
  warnings.warn(
/workspace/miniforge3/envs/ehrsequencing/lib/python3.10/site-packages/sklearn/metrics/_ranking.py:1046: UserWarning: No positive class found in y_true, recall is set to one for all thresholds.
  warnings.warn(
/workspace/miniforge3/envs/ehrsequencing/lib/python3.10/site-packages/sklearn/metrics/_ranking.py:1046: UserWarning: No positive class found in y_true, recall is set to one for all thresholds.
  warnings.warn(
/workspace/miniforge3/envs/ehrsequencing/lib/python3.10/site-packages/sklearn/metrics/_ranking.py:1046: UserWarning: No positive class found in y_true, recall is set to one for all thresholds.
  warnings.warn(
/workspace/miniforge3/envs/ehrsequencing/lib/python3.10/site-packages/sklearn/metrics/_ranking.py:1046: UserWarning: No positive class found in y_true, recall is set to one for all thresholds.
  warnings.warn(
/workspace/miniforge3/envs/ehrsequencing/lib/python3.10/site-packages/sklearn/metrics/_ranking.py:1046: UserWarning: No positive class found in y_true, recall is set to one for all thresholds.
  warnings.warn(
/workspace/miniforge3/envs/ehrsequencing/lib/python3.10/site-packages/sklearn/metrics/_ranking.py:1046: UserWarning: No positive class found in y_true, recall is set to one for all thresholds.
  warnings.warn(
/workspace/miniforge3/envs/ehrsequencing/lib/python3.10/site-packages/sklearn/metrics/_ranking.py:1046: UserWarning: No positive class found in y_true, recall is set to one for all thresholds.
  warnings.warn(
/workspace/miniforge3/envs/ehrsequencing/lib/python3.10/site-packages/sklearn/metrics/_ranking.py:1046: UserWarning: No positive class found in y_true, recall is set to one for all thresholds.
  warnings.warn(
/workspace/miniforge3/envs/ehrsequencing/lib/python3.10/site-packages/sklearn/metrics/_ranking.py:1046: UserWarning: No positive class found in y_true, recall is set to one for all thresholds.
  warnings.warn(
/workspace/miniforge3/envs/ehrsequencing/lib/python3.10/site-packages/sklearn/metrics/_ranking.py:1046: UserWarning: No positive class found in y_true, recall is set to one for all thresholds.
  warnings.warn(
/workspace/miniforge3/envs/ehrsequencing/lib/python3.10/site-packages/sklearn/metrics/_ranking.py:1046: UserWarning: No positive class found in y_true, recall is set to one for all thresholds.
  warnings.warn(
/workspace/miniforge3/envs/ehrsequencing/lib/python3.10/site-packages/sklearn/metrics/_ranking.py:1046: UserWarning: No positive class found in y_true, recall is set to one for all thresholds.
  warnings.warn(
/workspace/miniforge3/envs/ehrsequencing/lib/python3.10/site-packages/sklearn/metrics/_ranking.py:1046: UserWarning: No positive class found in y_true, recall is set to one for all thresholds.
  warnings.warn(
/workspace/miniforge3/envs/ehrsequencing/lib/python3.10/site-packages/sklearn/metrics/_ranking.py:1046: UserWarning: No positive class found in y_true, recall is set to one for all thresholds.
  warnings.warn(
/workspace/miniforge3/envs/ehrsequencing/lib/python3.10/site-packages/sklearn/metrics/_ranking.py:1046: UserWarning: No positive class found in y_true, recall is set to one for all thresholds.
  warnings.warn(
/workspace/miniforge3/envs/ehrsequencing/lib/python3.10/site-packages/sklearn/metrics/_ranking.py:1046: UserWarning: No positive class found in y_true, recall is set to one for all thresholds.
  warnings.warn(
/workspace/miniforge3/envs/ehrsequencing/lib/python3.10/site-packages/sklearn/metrics/_ranking.py:1046: UserWarning: No positive class found in y_true, recall is set to one for all thresholds.
  warnings.warn(
/workspace/miniforge3/envs/ehrsequencing/lib/python3.10/site-packages/sklearn/metrics/_ranking.py:1046: UserWarning: No positive class found in y_true, recall is set to one for all thresholds.
  warnings.warn(
/workspace/miniforge3/envs/ehrsequencing/lib/python3.10/site-packages/sklearn/metrics/_ranking.py:1046: UserWarning: No positive class found in y_true, recall is set to one for all thresholds.
  warnings.warn(
/workspace/miniforge3/envs/ehrsequencing/lib/python3.10/site-packages/sklearn/metrics/_ranking.py:1046: UserWarning: No positive class found in y_true, recall is set to one for all thresholds.
  warnings.warn(
/workspace/miniforge3/envs/ehrsequencing/lib/python3.10/site-packages/sklearn/metrics/_ranking.py:1046: UserWarning: No positive class found in y_true, recall is set to one for all thresholds.
  warnings.warn(
/workspace/miniforge3/envs/ehrsequencing/lib/python3.10/site-packages/sklearn/metrics/_ranking.py:1046: UserWarning: No positive class found in y_true, recall is set to one for all thresholds.
  warnings.warn(
/workspace/miniforge3/envs/ehrsequencing/lib/python3.10/site-packages/sklearn/metrics/_ranking.py:1046: UserWarning: No positive class found in y_true, recall is set to one for all thresholds.
  warnings.warn(
/workspace/miniforge3/envs/ehrsequencing/lib/python3.10/site-packages/sklearn/metrics/_ranking.py:1046: UserWarning: No positive class found in y_true, recall is set to one for all thresholds.
  warnings.warn(
/workspace/miniforge3/envs/ehrsequencing/lib/python3.10/site-packages/sklearn/metrics/_ranking.py:1046: UserWarning: No positive class found in y_true, recall is set to one for all thresholds.
  warnings.warn(
/workspace/miniforge3/envs/ehrsequencing/lib/python3.10/site-packages/sklearn/metrics/_ranking.py:1046: UserWarning: No positive class found in y_true, recall is set to one for all thresholds.
  warnings.warn(
/workspace/miniforge3/envs/ehrsequencing/lib/python3.10/site-packages/sklearn/metrics/_ranking.py:1046: UserWarning: No positive class found in y_true, recall is set to one for all thresholds.
  warnings.warn(
/workspace/miniforge3/envs/ehrsequencing/lib/python3.10/site-packages/sklearn/metrics/_ranking.py:1046: UserWarning: No positive class found in y_true, recall is set to one for all thresholds.
  warnings.warn(
/workspace/miniforge3/envs/ehrsequencing/lib/python3.10/site-packages/sklearn/metrics/_ranking.py:1046: UserWarning: No positive class found in y_true, recall is set to one for all thresholds.
  warnings.warn(
/workspace/miniforge3/envs/ehrsequencing/lib/python3.10/site-packages/sklearn/metrics/_ranking.py:1046: UserWarning: No positive class found in y_true, recall is set to one for all thresholds.
  warnings.warn(
/workspace/miniforge3/envs/ehrsequencing/lib/python3.10/site-packages/sklearn/metrics/_ranking.py:1046: UserWarning: No positive class found in y_true, recall is set to one for all thresholds.
  warnings.warn(
/workspace/miniforge3/envs/ehrsequencing/lib/python3.10/site-packages/sklearn/metrics/_ranking.py:1046: UserWarning: No positive class found in y_true, recall is set to one for all thresholds.
  warnings.warn(
/workspace/miniforge3/envs/ehrsequencing/lib/python3.10/site-packages/sklearn/metrics/_ranking.py:1046: UserWarning: No positive class found in y_true, recall is set to one for all thresholds.
  warnings.warn(
/workspace/miniforge3/envs/ehrsequencing/lib/python3.10/site-packages/sklearn/metrics/_ranking.py:1046: UserWarning: No positive class found in y_true, recall is set to one for all thresholds.
  warnings.warn(
/workspace/miniforge3/envs/ehrsequencing/lib/python3.10/site-packages/sklearn/metrics/_ranking.py:1046: UserWarning: No positive class found in y_true, recall is set to one for all thresholds.
  warnings.warn(
/workspace/miniforge3/envs/ehrsequencing/lib/python3.10/site-packages/sklearn/metrics/_ranking.py:1046: UserWarning: No positive class found in y_true, recall is set to one for all thresholds.
  warnings.warn(
/workspace/miniforge3/envs/ehrsequencing/lib/python3.10/site-packages/sklearn/metrics/_ranking.py:1046: UserWarning: No positive class found in y_true, recall is set to one for all thresholds.
  warnings.warn(
/workspace/miniforge3/envs/ehrsequencing/lib/python3.10/site-packages/sklearn/metrics/_ranking.py:1046: UserWarning: No positive class found in y_true, recall is set to one for all thresholds.
  warnings.warn(
/workspace/miniforge3/envs/ehrsequencing/lib/python3.10/site-packages/sklearn/metrics/_ranking.py:1046: UserWarning: No positive class found in y_true, recall is set to one for all thresholds.
  warnings.warn(
/workspace/miniforge3/envs/ehrsequencing/lib/python3.10/site-packages/sklearn/metrics/_ranking.py:1046: UserWarning: No positive class found in y_true, recall is set to one for all thresholds.
  warnings.warn(
/workspace/miniforge3/envs/ehrsequencing/lib/python3.10/site-packages/sklearn/metrics/_ranking.py:1046: UserWarning: No positive class found in y_true, recall is set to one for all thresholds.
  warnings.warn(
/workspace/miniforge3/envs/ehrsequencing/lib/python3.10/site-packages/sklearn/metrics/_ranking.py:1046: UserWarning: No positive class found in y_true, recall is set to one for all thresholds.
  warnings.warn(
/workspace/miniforge3/envs/ehrsequencing/lib/python3.10/site-packages/sklearn/metrics/_ranking.py:1046: UserWarning: No positive class found in y_true, recall is set to one for all thresholds.
  warnings.warn(
/workspace/miniforge3/envs/ehrsequencing/lib/python3.10/site-packages/sklearn/metrics/_ranking.py:1046: UserWarning: No positive class found in y_true, recall is set to one for all thresholds.
  warnings.warn(
/workspace/miniforge3/envs/ehrsequencing/lib/python3.10/site-packages/sklearn/metrics/_ranking.py:1046: UserWarning: No positive class found in y_true, recall is set to one for all thresholds.
  warnings.warn(
/workspace/miniforge3/envs/ehrsequencing/lib/python3.10/site-packages/sklearn/metrics/_ranking.py:1046: UserWarning: No positive class found in y_true, recall is set to one for all thresholds.
  warnings.warn(
/workspace/miniforge3/envs/ehrsequencing/lib/python3.10/site-packages/sklearn/metrics/_ranking.py:1046: UserWarning: No positive class found in y_true, recall is set to one for all thresholds.
  warnings.warn(
/workspace/miniforge3/envs/ehrsequencing/lib/python3.10/site-packages/sklearn/metrics/_ranking.py:1046: UserWarning: No positive class found in y_true, recall is set to one for all thresholds.
  warnings.warn(
/workspace/miniforge3/envs/ehrsequencing/lib/python3.10/site-packages/sklearn/metrics/_ranking.py:1046: UserWarning: No positive class found in y_true, recall is set to one for all thresholds.
  warnings.warn(
/workspace/miniforge3/envs/ehrsequencing/lib/python3.10/site-packages/sklearn/metrics/_ranking.py:1046: UserWarning: No positive class found in y_true, recall is set to one for all thresholds.
  warnings.warn(
/workspace/miniforge3/envs/ehrsequencing/lib/python3.10/site-packages/sklearn/metrics/_ranking.py:1046: UserWarning: No positive class found in y_true, recall is set to one for all thresholds.
  warnings.warn(
/workspace/miniforge3/envs/ehrsequencing/lib/python3.10/site-packages/sklearn/metrics/_ranking.py:1046: UserWarning: No positive class found in y_true, recall is set to one for all thresholds.
  warnings.warn(
/workspace/miniforge3/envs/ehrsequencing/lib/python3.10/site-packages/sklearn/metrics/_ranking.py:1046: UserWarning: No positive class found in y_true, recall is set to one for all thresholds.
  warnings.warn(
/workspace/miniforge3/envs/ehrsequencing/lib/python3.10/site-packages/sklearn/metrics/_ranking.py:1046: UserWarning: No positive class found in y_true, recall is set to one for all thresholds.
  warnings.warn(
/workspace/miniforge3/envs/ehrsequencing/lib/python3.10/site-packages/sklearn/metrics/_ranking.py:1046: UserWarning: No positive class found in y_true, recall is set to one for all thresholds.
  warnings.warn(
/workspace/miniforge3/envs/ehrsequencing/lib/python3.10/site-packages/sklearn/metrics/_ranking.py:1046: UserWarning: No positive class found in y_true, recall is set to one for all thresholds.
  warnings.warn(
/workspace/miniforge3/envs/ehrsequencing/lib/python3.10/site-packages/sklearn/metrics/_ranking.py:1046: UserWarning: No positive class found in y_true, recall is set to one for all thresholds.
  warnings.warn(
/workspace/miniforge3/envs/ehrsequencing/lib/python3.10/site-packages/sklearn/metrics/_ranking.py:1046: UserWarning: No positive class found in y_true, recall is set to one for all thresholds.
  warnings.warn(
/workspace/miniforge3/envs/ehrsequencing/lib/python3.10/site-packages/sklearn/metrics/_ranking.py:1046: UserWarning: No positive class found in y_true, recall is set to one for all thresholds.
  warnings.warn(
/workspace/miniforge3/envs/ehrsequencing/lib/python3.10/site-packages/sklearn/metrics/_ranking.py:1046: UserWarning: No positive class found in y_true, recall is set to one for all thresholds.
  warnings.warn(
/workspace/miniforge3/envs/ehrsequencing/lib/python3.10/site-packages/sklearn/metrics/_ranking.py:1046: UserWarning: No positive class found in y_true, recall is set to one for all thresholds.
  warnings.warn(
/workspace/miniforge3/envs/ehrsequencing/lib/python3.10/site-packages/sklearn/metrics/_ranking.py:1046: UserWarning: No positive class found in y_true, recall is set to one for all thresholds.
  warnings.warn(
/workspace/miniforge3/envs/ehrsequencing/lib/python3.10/site-packages/sklearn/metrics/_ranking.py:1046: UserWarning: No positive class found in y_true, recall is set to one for all thresholds.
  warnings.warn(
/workspace/miniforge3/envs/ehrsequencing/lib/python3.10/site-packages/sklearn/metrics/_ranking.py:1046: UserWarning: No positive class found in y_true, recall is set to one for all thresholds.
  warnings.warn(
/workspace/miniforge3/envs/ehrsequencing/lib/python3.10/site-packages/sklearn/metrics/_ranking.py:1046: UserWarning: No positive class found in y_true, recall is set to one for all thresholds.
  warnings.warn(
/workspace/miniforge3/envs/ehrsequencing/lib/python3.10/site-packages/sklearn/metrics/_ranking.py:1046: UserWarning: No positive class found in y_true, recall is set to one for all thresholds.
  warnings.warn(
/workspace/miniforge3/envs/ehrsequencing/lib/python3.10/site-packages/sklearn/metrics/_ranking.py:1046: UserWarning: No positive class found in y_true, recall is set to one for all thresholds.
  warnings.warn(
/workspace/miniforge3/envs/ehrsequencing/lib/python3.10/site-packages/sklearn/metrics/_ranking.py:1046: UserWarning: No positive class found in y_true, recall is set to one for all thresholds.
  warnings.warn(
/workspace/miniforge3/envs/ehrsequencing/lib/python3.10/site-packages/sklearn/metrics/_ranking.py:1046: UserWarning: No positive class found in y_true, recall is set to one for all thresholds.
  warnings.warn(
/workspace/miniforge3/envs/ehrsequencing/lib/python3.10/site-packages/sklearn/metrics/_ranking.py:1046: UserWarning: No positive class found in y_true, recall is set to one for all thresholds.
  warnings.warn(
/workspace/miniforge3/envs/ehrsequencing/lib/python3.10/site-packages/sklearn/metrics/_ranking.py:1046: UserWarning: No positive class found in y_true, recall is set to one for all thresholds.
  warnings.warn(
/workspace/miniforge3/envs/ehrsequencing/lib/python3.10/site-packages/sklearn/metrics/_ranking.py:1046: UserWarning: No positive class found in y_true, recall is set to one for all thresholds.
  warnings.warn(
/workspace/miniforge3/envs/ehrsequencing/lib/python3.10/site-packages/sklearn/metrics/_ranking.py:1046: UserWarning: No positive class found in y_true, recall is set to one for all thresholds.
  warnings.warn(
/workspace/miniforge3/envs/ehrsequencing/lib/python3.10/site-packages/sklearn/metrics/_ranking.py:1046: UserWarning: No positive class found in y_true, recall is set to one for all thresholds.
  warnings.warn(
/workspace/miniforge3/envs/ehrsequencing/lib/python3.10/site-packages/sklearn/metrics/_ranking.py:1046: UserWarning: No positive class found in y_true, recall is set to one for all thresholds.
  warnings.warn(
/workspace/miniforge3/envs/ehrsequencing/lib/python3.10/site-packages/sklearn/metrics/_ranking.py:1046: UserWarning: No positive class found in y_true, recall is set to one for all thresholds.
  warnings.warn(
/workspace/miniforge3/envs/ehrsequencing/lib/python3.10/site-packages/sklearn/metrics/_ranking.py:1046: UserWarning: No positive class found in y_true, recall is set to one for all thresholds.
  warnings.warn(
/workspace/miniforge3/envs/ehrsequencing/lib/python3.10/site-packages/sklearn/metrics/_ranking.py:1046: UserWarning: No positive class found in y_true, recall is set to one for all thresholds.
  warnings.warn(
/workspace/miniforge3/envs/ehrsequencing/lib/python3.10/site-packages/sklearn/metrics/_ranking.py:1046: UserWarning: No positive class found in y_true, recall is set to one for all thresholds.
  warnings.warn(
/workspace/miniforge3/envs/ehrsequencing/lib/python3.10/site-packages/sklearn/metrics/_ranking.py:1046: UserWarning: No positive class found in y_true, recall is set to one for all thresholds.
  warnings.warn(
/workspace/miniforge3/envs/ehrsequencing/lib/python3.10/site-packages/sklearn/metrics/_ranking.py:1046: UserWarning: No positive class found in y_true, recall is set to one for all thresholds.
  warnings.warn(
/workspace/miniforge3/envs/ehrsequencing/lib/python3.10/site-packages/sklearn/metrics/_ranking.py:1046: UserWarning: No positive class found in y_true, recall is set to one for all thresholds.
  warnings.warn(
/workspace/miniforge3/envs/ehrsequencing/lib/python3.10/site-packages/sklearn/metrics/_ranking.py:1046: UserWarning: No positive class found in y_true, recall is set to one for all thresholds.
  warnings.warn(
/workspace/miniforge3/envs/ehrsequencing/lib/python3.10/site-packages/sklearn/metrics/_ranking.py:1046: UserWarning: No positive class found in y_true, recall is set to one for all thresholds.
  warnings.warn(
/workspace/miniforge3/envs/ehrsequencing/lib/python3.10/site-packages/sklearn/metrics/_ranking.py:1046: UserWarning: No positive class found in y_true, recall is set to one for all thresholds.
  warnings.warn(
/workspace/miniforge3/envs/ehrsequencing/lib/python3.10/site-packages/sklearn/metrics/_ranking.py:1046: UserWarning: No positive class found in y_true, recall is set to one for all thresholds.
  warnings.warn(
/workspace/miniforge3/envs/ehrsequencing/lib/python3.10/site-packages/sklearn/metrics/_ranking.py:1046: UserWarning: No positive class found in y_true, recall is set to one for all thresholds.
  warnings.warn(
/workspace/miniforge3/envs/ehrsequencing/lib/python3.10/site-packages/sklearn/metrics/_ranking.py:1046: UserWarning: No positive class found in y_true, recall is set to one for all thresholds.
  warnings.warn(
/workspace/miniforge3/envs/ehrsequencing/lib/python3.10/site-packages/sklearn/metrics/_ranking.py:1046: UserWarning: No positive class found in y_true, recall is set to one for all thresholds.
  warnings.warn(
/workspace/miniforge3/envs/ehrsequencing/lib/python3.10/site-packages/sklearn/metrics/_ranking.py:1046: UserWarning: No positive class found in y_true, recall is set to one for all thresholds.
  warnings.warn(
/workspace/miniforge3/envs/ehrsequencing/lib/python3.10/site-packages/sklearn/metrics/_ranking.py:1046: UserWarning: No positive class found in y_true, recall is set to one for all thresholds.
  warnings.warn(
/workspace/miniforge3/envs/ehrsequencing/lib/python3.10/site-packages/sklearn/metrics/_ranking.py:1046: UserWarning: No positive class found in y_true, recall is set to one for all thresholds.
  warnings.warn(
/workspace/miniforge3/envs/ehrsequencing/lib/python3.10/site-packages/sklearn/metrics/_ranking.py:1046: UserWarning: No positive class found in y_true, recall is set to one for all thresholds.
  warnings.warn(
/workspace/miniforge3/envs/ehrsequencing/lib/python3.10/site-packages/sklearn/metrics/_ranking.py:1046: UserWarning: No positive class found in y_true, recall is set to one for all thresholds.
  warnings.warn(
/workspace/miniforge3/envs/ehrsequencing/lib/python3.10/site-packages/sklearn/metrics/_ranking.py:1046: UserWarning: No positive class found in y_true, recall is set to one for all thresholds.
  warnings.warn(
/workspace/miniforge3/envs/ehrsequencing/lib/python3.10/site-packages/sklearn/metrics/_ranking.py:1046: UserWarning: No positive class found in y_true, recall is set to one for all thresholds.
  warnings.warn(
/workspace/miniforge3/envs/ehrsequencing/lib/python3.10/site-packages/sklearn/metrics/_ranking.py:1046: UserWarning: No positive class found in y_true, recall is set to one for all thresholds.
  warnings.warn(
/workspace/miniforge3/envs/ehrsequencing/lib/python3.10/site-packages/sklearn/metrics/_ranking.py:1046: UserWarning: No positive class found in y_true, recall is set to one for all thresholds.
  warnings.warn(
/workspace/miniforge3/envs/ehrsequencing/lib/python3.10/site-packages/sklearn/metrics/_ranking.py:1046: UserWarning: No positive class found in y_true, recall is set to one for all thresholds.
  warnings.warn(
/workspace/miniforge3/envs/ehrsequencing/lib/python3.10/site-packages/sklearn/metrics/_ranking.py:1046: UserWarning: No positive class found in y_true, recall is set to one for all thresholds.
  warnings.warn(
/workspace/miniforge3/envs/ehrsequencing/lib/python3.10/site-packages/sklearn/metrics/_ranking.py:1046: UserWarning: No positive class found in y_true, recall is set to one for all thresholds.
  warnings.warn(
/workspace/miniforge3/envs/ehrsequencing/lib/python3.10/site-packages/sklearn/metrics/_ranking.py:1046: UserWarning: No positive class found in y_true, recall is set to one for all thresholds.
  warnings.warn(
/workspace/miniforge3/envs/ehrsequencing/lib/python3.10/site-packages/sklearn/metrics/_ranking.py:1046: UserWarning: No positive class found in y_true, recall is set to one for all thresholds.
  warnings.warn(
/workspace/miniforge3/envs/ehrsequencing/lib/python3.10/site-packages/sklearn/metrics/_ranking.py:1046: UserWarning: No positive class found in y_true, recall is set to one for all thresholds.
  warnings.warn(
/workspace/miniforge3/envs/ehrsequencing/lib/python3.10/site-packages/sklearn/metrics/_ranking.py:1046: UserWarning: No positive class found in y_true, recall is set to one for all thresholds.
  warnings.warn(
/workspace/miniforge3/envs/ehrsequencing/lib/python3.10/site-packages/sklearn/metrics/_ranking.py:1046: UserWarning: No positive class found in y_true, recall is set to one for all thresholds.
  warnings.warn(
/workspace/miniforge3/envs/ehrsequencing/lib/python3.10/site-packages/sklearn/metrics/_ranking.py:1046: UserWarning: No positive class found in y_true, recall is set to one for all thresholds.
  warnings.warn(
/workspace/miniforge3/envs/ehrsequencing/lib/python3.10/site-packages/sklearn/metrics/_ranking.py:1046: UserWarning: No positive class found in y_true, recall is set to one for all thresholds.
  warnings.warn(
/workspace/miniforge3/envs/ehrsequencing/lib/python3.10/site-packages/sklearn/metrics/_ranking.py:1046: UserWarning: No positive class found in y_true, recall is set to one for all thresholds.
  warnings.warn(
/workspace/miniforge3/envs/ehrsequencing/lib/python3.10/site-packages/sklearn/metrics/_ranking.py:1046: UserWarning: No positive class found in y_true, recall is set to one for all thresholds.
  warnings.warn(
/workspace/miniforge3/envs/ehrsequencing/lib/python3.10/site-packages/sklearn/metrics/_ranking.py:1046: UserWarning: No positive class found in y_true, recall is set to one for all thresholds.
  warnings.warn(
/workspace/miniforge3/envs/ehrsequencing/lib/python3.10/site-packages/sklearn/metrics/_ranking.py:1046: UserWarning: No positive class found in y_true, recall is set to one for all thresholds.
  warnings.warn(
/workspace/miniforge3/envs/ehrsequencing/lib/python3.10/site-packages/sklearn/metrics/_ranking.py:1046: UserWarning: No positive class found in y_true, recall is set to one for all thresholds.
  warnings.warn(
/workspace/miniforge3/envs/ehrsequencing/lib/python3.10/site-packages/sklearn/metrics/_ranking.py:1046: UserWarning: No positive class found in y_true, recall is set to one for all thresholds.
  warnings.warn(
/workspace/miniforge3/envs/ehrsequencing/lib/python3.10/site-packages/sklearn/metrics/_ranking.py:1046: UserWarning: No positive class found in y_true, recall is set to one for all thresholds.
  warnings.warn(
/workspace/miniforge3/envs/ehrsequencing/lib/python3.10/site-packages/sklearn/metrics/_ranking.py:1046: UserWarning: No positive class found in y_true, recall is set to one for all thresholds.
  warnings.warn(
/workspace/miniforge3/envs/ehrsequencing/lib/python3.10/site-packages/sklearn/metrics/_ranking.py:1046: UserWarning: No positive class found in y_true, recall is set to one for all thresholds.
  warnings.warn(
/workspace/miniforge3/envs/ehrsequencing/lib/python3.10/site-packages/sklearn/metrics/_ranking.py:1046: UserWarning: No positive class found in y_true, recall is set to one for all thresholds.
  warnings.warn(
/workspace/miniforge3/envs/ehrsequencing/lib/python3.10/site-packages/sklearn/metrics/_ranking.py:1046: UserWarning: No positive class found in y_true, recall is set to one for all thresholds.
  warnings.warn(
/workspace/miniforge3/envs/ehrsequencing/lib/python3.10/site-packages/sklearn/metrics/_ranking.py:1046: UserWarning: No positive class found in y_true, recall is set to one for all thresholds.
  warnings.warn(
/workspace/miniforge3/envs/ehrsequencing/lib/python3.10/site-packages/sklearn/metrics/_ranking.py:1046: UserWarning: No positive class found in y_true, recall is set to one for all thresholds.
  warnings.warn(
/workspace/miniforge3/envs/ehrsequencing/lib/python3.10/site-packages/sklearn/metrics/_ranking.py:1046: UserWarning: No positive class found in y_true, recall is set to one for all thresholds.
  warnings.warn(
/workspace/miniforge3/envs/ehrsequencing/lib/python3.10/site-packages/sklearn/metrics/_ranking.py:1046: UserWarning: No positive class found in y_true, recall is set to one for all thresholds.
  warnings.warn(
/workspace/miniforge3/envs/ehrsequencing/lib/python3.10/site-packages/sklearn/metrics/_ranking.py:1046: UserWarning: No positive class found in y_true, recall is set to one for all thresholds.
  warnings.warn(
/workspace/miniforge3/envs/ehrsequencing/lib/python3.10/site-packages/sklearn/metrics/_ranking.py:1046: UserWarning: No positive class found in y_true, recall is set to one for all thresholds.
  warnings.warn(
/workspace/miniforge3/envs/ehrsequencing/lib/python3.10/site-packages/sklearn/metrics/_ranking.py:1046: UserWarning: No positive class found in y_true, recall is set to one for all thresholds.
  warnings.warn(
/workspace/miniforge3/envs/ehrsequencing/lib/python3.10/site-packages/sklearn/metrics/_ranking.py:1046: UserWarning: No positive class found in y_true, recall is set to one for all thresholds.
  warnings.warn(
/workspace/miniforge3/envs/ehrsequencing/lib/python3.10/site-packages/sklearn/metrics/_ranking.py:1046: UserWarning: No positive class found in y_true, recall is set to one for all thresholds.
  warnings.warn(
/workspace/miniforge3/envs/ehrsequencing/lib/python3.10/site-packages/sklearn/metrics/_ranking.py:1046: UserWarning: No positive class found in y_true, recall is set to one for all thresholds.
  warnings.warn(
/workspace/miniforge3/envs/ehrsequencing/lib/python3.10/site-packages/sklearn/metrics/_ranking.py:1046: UserWarning: No positive class found in y_true, recall is set to one for all thresholds.
  warnings.warn(
/workspace/miniforge3/envs/ehrsequencing/lib/python3.10/site-packages/sklearn/metrics/_ranking.py:1046: UserWarning: No positive class found in y_true, recall is set to one for all thresholds.
  warnings.warn(
/workspace/miniforge3/envs/ehrsequencing/lib/python3.10/site-packages/sklearn/metrics/_ranking.py:1046: UserWarning: No positive class found in y_true, recall is set to one for all thresholds.
  warnings.warn(
/workspace/miniforge3/envs/ehrsequencing/lib/python3.10/site-packages/sklearn/metrics/_ranking.py:1046: UserWarning: No positive class found in y_true, recall is set to one for all thresholds.
  warnings.warn(
/workspace/miniforge3/envs/ehrsequencing/lib/python3.10/site-packages/sklearn/metrics/_ranking.py:1046: UserWarning: No positive class found in y_true, recall is set to one for all thresholds.
  warnings.warn(
/workspace/miniforge3/envs/ehrsequencing/lib/python3.10/site-packages/sklearn/metrics/_ranking.py:1046: UserWarning: No positive class found in y_true, recall is set to one for all thresholds.
  warnings.warn(
/workspace/miniforge3/envs/ehrsequencing/lib/python3.10/site-packages/sklearn/metrics/_ranking.py:1046: UserWarning: No positive class found in y_true, recall is set to one for all thresholds.
  warnings.warn(
/workspace/miniforge3/envs/ehrsequencing/lib/python3.10/site-packages/sklearn/metrics/_ranking.py:1046: UserWarning: No positive class found in y_true, recall is set to one for all thresholds.
  warnings.warn(
/workspace/miniforge3/envs/ehrsequencing/lib/python3.10/site-packages/sklearn/metrics/_ranking.py:1046: UserWarning: No positive class found in y_true, recall is set to one for all thresholds.
  warnings.warn(
/workspace/miniforge3/envs/ehrsequencing/lib/python3.10/site-packages/sklearn/metrics/_ranking.py:1046: UserWarning: No positive class found in y_true, recall is set to one for all thresholds.
  warnings.warn(
/workspace/miniforge3/envs/ehrsequencing/lib/python3.10/site-packages/sklearn/metrics/_ranking.py:1046: UserWarning: No positive class found in y_true, recall is set to one for all thresholds.
  warnings.warn(
/workspace/miniforge3/envs/ehrsequencing/lib/python3.10/site-packages/sklearn/metrics/_ranking.py:1046: UserWarning: No positive class found in y_true, recall is set to one for all thresholds.
  warnings.warn(
/workspace/miniforge3/envs/ehrsequencing/lib/python3.10/site-packages/sklearn/metrics/_ranking.py:1046: UserWarning: No positive class found in y_true, recall is set to one for all thresholds.
  warnings.warn(
/workspace/miniforge3/envs/ehrsequencing/lib/python3.10/site-packages/sklearn/metrics/_ranking.py:1046: UserWarning: No positive class found in y_true, recall is set to one for all thresholds.
  warnings.warn(
/workspace/miniforge3/envs/ehrsequencing/lib/python3.10/site-packages/sklearn/metrics/_ranking.py:1046: UserWarning: No positive class found in y_true, recall is set to one for all thresholds.
  warnings.warn(
/workspace/miniforge3/envs/ehrsequencing/lib/python3.10/site-packages/sklearn/metrics/_ranking.py:1046: UserWarning: No positive class found in y_true, recall is set to one for all thresholds.
  warnings.warn(
/workspace/miniforge3/envs/ehrsequencing/lib/python3.10/site-packages/sklearn/metrics/_ranking.py:1046: UserWarning: No positive class found in y_true, recall is set to one for all thresholds.
  warnings.warn(
/workspace/miniforge3/envs/ehrsequencing/lib/python3.10/site-packages/sklearn/metrics/_ranking.py:1046: UserWarning: No positive class found in y_true, recall is set to one for all thresholds.
  warnings.warn(
/workspace/miniforge3/envs/ehrsequencing/lib/python3.10/site-packages/sklearn/metrics/_ranking.py:1046: UserWarning: No positive class found in y_true, recall is set to one for all thresholds.
  warnings.warn(
/workspace/miniforge3/envs/ehrsequencing/lib/python3.10/site-packages/sklearn/metrics/_ranking.py:1046: UserWarning: No positive class found in y_true, recall is set to one for all thresholds.
  warnings.warn(
/workspace/miniforge3/envs/ehrsequencing/lib/python3.10/site-packages/sklearn/metrics/_ranking.py:1046: UserWarning: No positive class found in y_true, recall is set to one for all thresholds.
  warnings.warn(
/workspace/miniforge3/envs/ehrsequencing/lib/python3.10/site-packages/sklearn/metrics/_ranking.py:1046: UserWarning: No positive class found in y_true, recall is set to one for all thresholds.
  warnings.warn(
/workspace/miniforge3/envs/ehrsequencing/lib/python3.10/site-packages/sklearn/metrics/_ranking.py:1046: UserWarning: No positive class found in y_true, recall is set to one for all thresholds.
  warnings.warn(
/workspace/miniforge3/envs/ehrsequencing/lib/python3.10/site-packages/sklearn/metrics/_ranking.py:1046: UserWarning: No positive class found in y_true, recall is set to one for all thresholds.
  warnings.warn(
/workspace/miniforge3/envs/ehrsequencing/lib/python3.10/site-packages/sklearn/metrics/_ranking.py:1046: UserWarning: No positive class found in y_true, recall is set to one for all thresholds.
  warnings.warn(
/workspace/miniforge3/envs/ehrsequencing/lib/python3.10/site-packages/sklearn/metrics/_ranking.py:1046: UserWarning: No positive class found in y_true, recall is set to one for all thresholds.
  warnings.warn(
/workspace/miniforge3/envs/ehrsequencing/lib/python3.10/site-packages/sklearn/metrics/_ranking.py:1046: UserWarning: No positive class found in y_true, recall is set to one for all thresholds.
  warnings.warn(
/workspace/miniforge3/envs/ehrsequencing/lib/python3.10/site-packages/sklearn/metrics/_ranking.py:1046: UserWarning: No positive class found in y_true, recall is set to one for all thresholds.
  warnings.warn(
/workspace/miniforge3/envs/ehrsequencing/lib/python3.10/site-packages/sklearn/metrics/_ranking.py:1046: UserWarning: No positive class found in y_true, recall is set to one for all thresholds.
  warnings.warn(
/workspace/miniforge3/envs/ehrsequencing/lib/python3.10/site-packages/sklearn/metrics/_ranking.py:1046: UserWarning: No positive class found in y_true, recall is set to one for all thresholds.
  warnings.warn(
/workspace/miniforge3/envs/ehrsequencing/lib/python3.10/site-packages/sklearn/metrics/_ranking.py:1046: UserWarning: No positive class found in y_true, recall is set to one for all thresholds.
  warnings.warn(
/workspace/miniforge3/envs/ehrsequencing/lib/python3.10/site-packages/sklearn/metrics/_ranking.py:1046: UserWarning: No positive class found in y_true, recall is set to one for all thresholds.
  warnings.warn(
/workspace/miniforge3/envs/ehrsequencing/lib/python3.10/site-packages/sklearn/metrics/_ranking.py:1046: UserWarning: No positive class found in y_true, recall is set to one for all thresholds.
  warnings.warn(
/workspace/miniforge3/envs/ehrsequencing/lib/python3.10/site-packages/sklearn/metrics/_ranking.py:1046: UserWarning: No positive class found in y_true, recall is set to one for all thresholds.
  warnings.warn(
/workspace/miniforge3/envs/ehrsequencing/lib/python3.10/site-packages/sklearn/metrics/_ranking.py:1046: UserWarning: No positive class found in y_true, recall is set to one for all thresholds.
  warnings.warn(
/workspace/miniforge3/envs/ehrsequencing/lib/python3.10/site-packages/sklearn/metrics/_ranking.py:1046: UserWarning: No positive class found in y_true, recall is set to one for all thresholds.
  warnings.warn(
/workspace/miniforge3/envs/ehrsequencing/lib/python3.10/site-packages/sklearn/metrics/_ranking.py:1046: UserWarning: No positive class found in y_true, recall is set to one for all thresholds.
  warnings.warn(
/workspace/miniforge3/envs/ehrsequencing/lib/python3.10/site-packages/sklearn/metrics/_ranking.py:1046: UserWarning: No positive class found in y_true, recall is set to one for all thresholds.
  warnings.warn(
/workspace/miniforge3/envs/ehrsequencing/lib/python3.10/site-packages/sklearn/metrics/_ranking.py:1046: UserWarning: No positive class found in y_true, recall is set to one for all thresholds.
  warnings.warn(
/workspace/miniforge3/envs/ehrsequencing/lib/python3.10/site-packages/sklearn/metrics/_ranking.py:1046: UserWarning: No positive class found in y_true, recall is set to one for all thresholds.
  warnings.warn(
/workspace/miniforge3/envs/ehrsequencing/lib/python3.10/site-packages/sklearn/metrics/_ranking.py:1046: UserWarning: No positive class found in y_true, recall is set to one for all thresholds.
  warnings.warn(
/workspace/miniforge3/envs/ehrsequencing/lib/python3.10/site-packages/sklearn/metrics/_ranking.py:1046: UserWarning: No positive class found in y_true, recall is set to one for all thresholds.
  warnings.warn(
/workspace/miniforge3/envs/ehrsequencing/lib/python3.10/site-packages/sklearn/metrics/_ranking.py:1046: UserWarning: No positive class found in y_true, recall is set to one for all thresholds.
  warnings.warn(
/workspace/miniforge3/envs/ehrsequencing/lib/python3.10/site-packages/sklearn/metrics/_ranking.py:1046: UserWarning: No positive class found in y_true, recall is set to one for all thresholds.
  warnings.warn(
/workspace/miniforge3/envs/ehrsequencing/lib/python3.10/site-packages/sklearn/metrics/_ranking.py:1046: UserWarning: No positive class found in y_true, recall is set to one for all thresholds.
  warnings.warn(
/workspace/miniforge3/envs/ehrsequencing/lib/python3.10/site-packages/sklearn/metrics/_ranking.py:1046: UserWarning: No positive class found in y_true, recall is set to one for all thresholds.
  warnings.warn(
/workspace/miniforge3/envs/ehrsequencing/lib/python3.10/site-packages/sklearn/metrics/_ranking.py:1046: UserWarning: No positive class found in y_true, recall is set to one for all thresholds.
  warnings.warn(
/workspace/miniforge3/envs/ehrsequencing/lib/python3.10/site-packages/sklearn/metrics/_ranking.py:1046: UserWarning: No positive class found in y_true, recall is set to one for all thresholds.
  warnings.warn(
/workspace/miniforge3/envs/ehrsequencing/lib/python3.10/site-packages/sklearn/metrics/_ranking.py:1046: UserWarning: No positive class found in y_true, recall is set to one for all thresholds.
  warnings.warn(
/workspace/miniforge3/envs/ehrsequencing/lib/python3.10/site-packages/sklearn/metrics/_ranking.py:1046: UserWarning: No positive class found in y_true, recall is set to one for all thresholds.
  warnings.warn(
/workspace/miniforge3/envs/ehrsequencing/lib/python3.10/site-packages/sklearn/metrics/_ranking.py:1046: UserWarning: No positive class found in y_true, recall is set to one for all thresholds.
  warnings.warn(
/workspace/miniforge3/envs/ehrsequencing/lib/python3.10/site-packages/sklearn/metrics/_ranking.py:1046: UserWarning: No positive class found in y_true, recall is set to one for all thresholds.
  warnings.warn(
/workspace/miniforge3/envs/ehrsequencing/lib/python3.10/site-packages/sklearn/metrics/_ranking.py:1046: UserWarning: No positive class found in y_true, recall is set to one for all thresholds.
  warnings.warn(
/workspace/miniforge3/envs/ehrsequencing/lib/python3.10/site-packages/sklearn/metrics/_ranking.py:1046: UserWarning: No positive class found in y_true, recall is set to one for all thresholds.
  warnings.warn(
/workspace/miniforge3/envs/ehrsequencing/lib/python3.10/site-packages/sklearn/metrics/_ranking.py:1046: UserWarning: No positive class found in y_true, recall is set to one for all thresholds.
  warnings.warn(
/workspace/miniforge3/envs/ehrsequencing/lib/python3.10/site-packages/sklearn/metrics/_ranking.py:1046: UserWarning: No positive class found in y_true, recall is set to one for all thresholds.
  warnings.warn(
/workspace/miniforge3/envs/ehrsequencing/lib/python3.10/site-packages/sklearn/metrics/_ranking.py:1046: UserWarning: No positive class found in y_true, recall is set to one for all thresholds.
  warnings.warn(
/workspace/miniforge3/envs/ehrsequencing/lib/python3.10/site-packages/sklearn/metrics/_ranking.py:1046: UserWarning: No positive class found in y_true, recall is set to one for all thresholds.
  warnings.warn(
/workspace/miniforge3/envs/ehrsequencing/lib/python3.10/site-packages/sklearn/metrics/_ranking.py:1046: UserWarning: No positive class found in y_true, recall is set to one for all thresholds.
  warnings.warn(
/workspace/miniforge3/envs/ehrsequencing/lib/python3.10/site-packages/sklearn/metrics/_ranking.py:1046: UserWarning: No positive class found in y_true, recall is set to one for all thresholds.
  warnings.warn(
/workspace/miniforge3/envs/ehrsequencing/lib/python3.10/site-packages/sklearn/metrics/_ranking.py:1046: UserWarning: No positive class found in y_true, recall is set to one for all thresholds.
  warnings.warn(
/workspace/miniforge3/envs/ehrsequencing/lib/python3.10/site-packages/sklearn/metrics/_ranking.py:1046: UserWarning: No positive class found in y_true, recall is set to one for all thresholds.
  warnings.warn(
/workspace/miniforge3/envs/ehrsequencing/lib/python3.10/site-packages/sklearn/metrics/_ranking.py:1046: UserWarning: No positive class found in y_true, recall is set to one for all thresholds.
  warnings.warn(
/workspace/miniforge3/envs/ehrsequencing/lib/python3.10/site-packages/sklearn/metrics/_ranking.py:1046: UserWarning: No positive class found in y_true, recall is set to one for all thresholds.
  warnings.warn(
/workspace/miniforge3/envs/ehrsequencing/lib/python3.10/site-packages/sklearn/metrics/_ranking.py:1046: UserWarning: No positive class found in y_true, recall is set to one for all thresholds.
  warnings.warn(
/workspace/miniforge3/envs/ehrsequencing/lib/python3.10/site-packages/sklearn/metrics/_ranking.py:1046: UserWarning: No positive class found in y_true, recall is set to one for all thresholds.
  warnings.warn(
/workspace/miniforge3/envs/ehrsequencing/lib/python3.10/site-packages/sklearn/metrics/_ranking.py:1046: UserWarning: No positive class found in y_true, recall is set to one for all thresholds.
  warnings.warn(
/workspace/miniforge3/envs/ehrsequencing/lib/python3.10/site-packages/sklearn/metrics/_ranking.py:1046: UserWarning: No positive class found in y_true, recall is set to one for all thresholds.
  warnings.warn(
/workspace/miniforge3/envs/ehrsequencing/lib/python3.10/site-packages/sklearn/metrics/_ranking.py:1046: UserWarning: No positive class found in y_true, recall is set to one for all thresholds.
  warnings.warn(
/workspace/miniforge3/envs/ehrsequencing/lib/python3.10/site-packages/sklearn/metrics/_ranking.py:1046: UserWarning: No positive class found in y_true, recall is set to one for all thresholds.
  warnings.warn(
/workspace/miniforge3/envs/ehrsequencing/lib/python3.10/site-packages/sklearn/metrics/_ranking.py:1046: UserWarning: No positive class found in y_true, recall is set to one for all thresholds.
  warnings.warn(
/workspace/miniforge3/envs/ehrsequencing/lib/python3.10/site-packages/sklearn/metrics/_ranking.py:1046: UserWarning: No positive class found in y_true, recall is set to one for all thresholds.
  warnings.warn(
/workspace/miniforge3/envs/ehrsequencing/lib/python3.10/site-packages/sklearn/metrics/_ranking.py:1046: UserWarning: No positive class found in y_true, recall is set to one for all thresholds.
  warnings.warn(
/workspace/miniforge3/envs/ehrsequencing/lib/python3.10/site-packages/sklearn/metrics/_ranking.py:1046: UserWarning: No positive class found in y_true, recall is set to one for all thresholds.
  warnings.warn(
/workspace/miniforge3/envs/ehrsequencing/lib/python3.10/site-packages/sklearn/metrics/_ranking.py:1046: UserWarning: No positive class found in y_true, recall is set to one for all thresholds.
  warnings.warn(
/workspace/miniforge3/envs/ehrsequencing/lib/python3.10/site-packages/sklearn/metrics/_ranking.py:1046: UserWarning: No positive class found in y_true, recall is set to one for all thresholds.
  warnings.warn(
/workspace/miniforge3/envs/ehrsequencing/lib/python3.10/site-packages/sklearn/metrics/_ranking.py:1046: UserWarning: No positive class found in y_true, recall is set to one for all thresholds.
  warnings.warn(
/workspace/miniforge3/envs/ehrsequencing/lib/python3.10/site-packages/sklearn/metrics/_ranking.py:1046: UserWarning: No positive class found in y_true, recall is set to one for all thresholds.
  warnings.warn(
/workspace/miniforge3/envs/ehrsequencing/lib/python3.10/site-packages/sklearn/metrics/_ranking.py:1046: UserWarning: No positive class found in y_true, recall is set to one for all thresholds.
  warnings.warn(
/workspace/miniforge3/envs/ehrsequencing/lib/python3.10/site-packages/sklearn/metrics/_ranking.py:1046: UserWarning: No positive class found in y_true, recall is set to one for all thresholds.
  warnings.warn(
/workspace/miniforge3/envs/ehrsequencing/lib/python3.10/site-packages/sklearn/metrics/_ranking.py:1046: UserWarning: No positive class found in y_true, recall is set to one for all thresholds.
  warnings.warn(
/workspace/miniforge3/envs/ehrsequencing/lib/python3.10/site-packages/sklearn/metrics/_ranking.py:1046: UserWarning: No positive class found in y_true, recall is set to one for all thresholds.
  warnings.warn(
/workspace/miniforge3/envs/ehrsequencing/lib/python3.10/site-packages/sklearn/metrics/_ranking.py:1046: UserWarning: No positive class found in y_true, recall is set to one for all thresholds.
  warnings.warn(
/workspace/miniforge3/envs/ehrsequencing/lib/python3.10/site-packages/sklearn/metrics/_ranking.py:1046: UserWarning: No positive class found in y_true, recall is set to one for all thresholds.
  warnings.warn(
/workspace/miniforge3/envs/ehrsequencing/lib/python3.10/site-packages/sklearn/metrics/_ranking.py:1046: UserWarning: No positive class found in y_true, recall is set to one for all thresholds.
  warnings.warn(
/workspace/miniforge3/envs/ehrsequencing/lib/python3.10/site-packages/sklearn/metrics/_ranking.py:1046: UserWarning: No positive class found in y_true, recall is set to one for all thresholds.
  warnings.warn(
/workspace/miniforge3/envs/ehrsequencing/lib/python3.10/site-packages/sklearn/metrics/_ranking.py:1046: UserWarning: No positive class found in y_true, recall is set to one for all thresholds.
  warnings.warn(
/workspace/miniforge3/envs/ehrsequencing/lib/python3.10/site-packages/sklearn/metrics/_ranking.py:1046: UserWarning: No positive class found in y_true, recall is set to one for all thresholds.
  warnings.warn(
/workspace/miniforge3/envs/ehrsequencing/lib/python3.10/site-packages/sklearn/metrics/_ranking.py:1046: UserWarning: No positive class found in y_true, recall is set to one for all thresholds.
  warnings.warn(
/workspace/miniforge3/envs/ehrsequencing/lib/python3.10/site-packages/sklearn/metrics/_ranking.py:1046: UserWarning: No positive class found in y_true, recall is set to one for all thresholds.
  warnings.warn(
/workspace/miniforge3/envs/ehrsequencing/lib/python3.10/site-packages/sklearn/metrics/_ranking.py:1046: UserWarning: No positive class found in y_true, recall is set to one for all thresholds.
  warnings.warn(
/workspace/miniforge3/envs/ehrsequencing/lib/python3.10/site-packages/sklearn/metrics/_ranking.py:1046: UserWarning: No positive class found in y_true, recall is set to one for all thresholds.
  warnings.warn(
/workspace/miniforge3/envs/ehrsequencing/lib/python3.10/site-packages/sklearn/metrics/_ranking.py:1046: UserWarning: No positive class found in y_true, recall is set to one for all thresholds.
  warnings.warn(
/workspace/miniforge3/envs/ehrsequencing/lib/python3.10/site-packages/sklearn/metrics/_ranking.py:1046: UserWarning: No positive class found in y_true, recall is set to one for all thresholds.
  warnings.warn(
/workspace/miniforge3/envs/ehrsequencing/lib/python3.10/site-packages/sklearn/metrics/_ranking.py:1046: UserWarning: No positive class found in y_true, recall is set to one for all thresholds.
  warnings.warn(
/workspace/miniforge3/envs/ehrsequencing/lib/python3.10/site-packages/sklearn/metrics/_ranking.py:1046: UserWarning: No positive class found in y_true, recall is set to one for all thresholds.
  warnings.warn(
/workspace/miniforge3/envs/ehrsequencing/lib/python3.10/site-packages/sklearn/metrics/_ranking.py:1046: UserWarning: No positive class found in y_true, recall is set to one for all thresholds.
  warnings.warn(
/workspace/miniforge3/envs/ehrsequencing/lib/python3.10/site-packages/sklearn/metrics/_ranking.py:1046: UserWarning: No positive class found in y_true, recall is set to one for all thresholds.
  warnings.warn(
/workspace/miniforge3/envs/ehrsequencing/lib/python3.10/site-packages/sklearn/metrics/_ranking.py:1046: UserWarning: No positive class found in y_true, recall is set to one for all thresholds.
  warnings.warn(
/workspace/miniforge3/envs/ehrsequencing/lib/python3.10/site-packages/sklearn/metrics/_ranking.py:1046: UserWarning: No positive class found in y_true, recall is set to one for all thresholds.
  warnings.warn(
/workspace/miniforge3/envs/ehrsequencing/lib/python3.10/site-packages/sklearn/metrics/_ranking.py:1046: UserWarning: No positive class found in y_true, recall is set to one for all thresholds.
  warnings.warn(
/workspace/miniforge3/envs/ehrsequencing/lib/python3.10/site-packages/sklearn/metrics/_ranking.py:1046: UserWarning: No positive class found in y_true, recall is set to one for all thresholds.
  warnings.warn(
/workspace/miniforge3/envs/ehrsequencing/lib/python3.10/site-packages/sklearn/metrics/_ranking.py:1046: UserWarning: No positive class found in y_true, recall is set to one for all thresholds.
  warnings.warn(
/workspace/miniforge3/envs/ehrsequencing/lib/python3.10/site-packages/sklearn/metrics/_ranking.py:1046: UserWarning: No positive class found in y_true, recall is set to one for all thresholds.
  warnings.warn(
/workspace/miniforge3/envs/ehrsequencing/lib/python3.10/site-packages/sklearn/metrics/_ranking.py:1046: UserWarning: No positive class found in y_true, recall is set to one for all thresholds.
  warnings.warn(
/workspace/miniforge3/envs/ehrsequencing/lib/python3.10/site-packages/sklearn/metrics/_ranking.py:1046: UserWarning: No positive class found in y_true, recall is set to one for all thresholds.
  warnings.warn(
/workspace/miniforge3/envs/ehrsequencing/lib/python3.10/site-packages/sklearn/metrics/_ranking.py:1046: UserWarning: No positive class found in y_true, recall is set to one for all thresholds.
  warnings.warn(
/workspace/miniforge3/envs/ehrsequencing/lib/python3.10/site-packages/sklearn/metrics/_ranking.py:1046: UserWarning: No positive class found in y_true, recall is set to one for all thresholds.
  warnings.warn(
/workspace/miniforge3/envs/ehrsequencing/lib/python3.10/site-packages/sklearn/metrics/_ranking.py:1046: UserWarning: No positive class found in y_true, recall is set to one for all thresholds.
  warnings.warn(
/workspace/miniforge3/envs/ehrsequencing/lib/python3.10/site-packages/sklearn/metrics/_ranking.py:1046: UserWarning: No positive class found in y_true, recall is set to one for all thresholds.
  warnings.warn(
/workspace/miniforge3/envs/ehrsequencing/lib/python3.10/site-packages/sklearn/metrics/_ranking.py:1046: UserWarning: No positive class found in y_true, recall is set to one for all thresholds.
  warnings.warn(
/workspace/miniforge3/envs/ehrsequencing/lib/python3.10/site-packages/sklearn/metrics/_ranking.py:1046: UserWarning: No positive class found in y_true, recall is set to one for all thresholds.
  warnings.warn(
/workspace/miniforge3/envs/ehrsequencing/lib/python3.10/site-packages/sklearn/metrics/_ranking.py:1046: UserWarning: No positive class found in y_true, recall is set to one for all thresholds.
  warnings.warn(
/workspace/miniforge3/envs/ehrsequencing/lib/python3.10/site-packages/sklearn/metrics/_ranking.py:1046: UserWarning: No positive class found in y_true, recall is set to one for all thresholds.
  warnings.warn(
/workspace/miniforge3/envs/ehrsequencing/lib/python3.10/site-packages/sklearn/metrics/_ranking.py:1046: UserWarning: No positive class found in y_true, recall is set to one for all thresholds.
  warnings.warn(
/workspace/miniforge3/envs/ehrsequencing/lib/python3.10/site-packages/sklearn/metrics/_ranking.py:1046: UserWarning: No positive class found in y_true, recall is set to one for all thresholds.
  warnings.warn(
/workspace/miniforge3/envs/ehrsequencing/lib/python3.10/site-packages/sklearn/metrics/_ranking.py:1046: UserWarning: No positive class found in y_true, recall is set to one for all thresholds.
  warnings.warn(
/workspace/miniforge3/envs/ehrsequencing/lib/python3.10/site-packages/sklearn/metrics/_ranking.py:1046: UserWarning: No positive class found in y_true, recall is set to one for all thresholds.
  warnings.warn(
/workspace/miniforge3/envs/ehrsequencing/lib/python3.10/site-packages/sklearn/metrics/_ranking.py:1046: UserWarning: No positive class found in y_true, recall is set to one for all thresholds.
  warnings.warn(
/workspace/miniforge3/envs/ehrsequencing/lib/python3.10/site-packages/sklearn/metrics/_ranking.py:1046: UserWarning: No positive class found in y_true, recall is set to one for all thresholds.
  warnings.warn(
/workspace/miniforge3/envs/ehrsequencing/lib/python3.10/site-packages/sklearn/metrics/_ranking.py:1046: UserWarning: No positive class found in y_true, recall is set to one for all thresholds.
  warnings.warn(
/workspace/miniforge3/envs/ehrsequencing/lib/python3.10/site-packages/sklearn/metrics/_ranking.py:1046: UserWarning: No positive class found in y_true, recall is set to one for all thresholds.
  warnings.warn(
/workspace/miniforge3/envs/ehrsequencing/lib/python3.10/site-packages/sklearn/metrics/_ranking.py:1046: UserWarning: No positive class found in y_true, recall is set to one for all thresholds.
  warnings.warn(
/workspace/miniforge3/envs/ehrsequencing/lib/python3.10/site-packages/sklearn/metrics/_ranking.py:1046: UserWarning: No positive class found in y_true, recall is set to one for all thresholds.
  warnings.warn(
/workspace/miniforge3/envs/ehrsequencing/lib/python3.10/site-packages/sklearn/metrics/_ranking.py:1046: UserWarning: No positive class found in y_true, recall is set to one for all thresholds.
  warnings.warn(
/workspace/miniforge3/envs/ehrsequencing/lib/python3.10/site-packages/sklearn/metrics/_ranking.py:1046: UserWarning: No positive class found in y_true, recall is set to one for all thresholds.
  warnings.warn(
/workspace/miniforge3/envs/ehrsequencing/lib/python3.10/site-packages/sklearn/metrics/_ranking.py:1046: UserWarning: No positive class found in y_true, recall is set to one for all thresholds.
  warnings.warn(
/workspace/miniforge3/envs/ehrsequencing/lib/python3.10/site-packages/sklearn/metrics/_ranking.py:1046: UserWarning: No positive class found in y_true, recall is set to one for all thresholds.
  warnings.warn(
/workspace/miniforge3/envs/ehrsequencing/lib/python3.10/site-packages/sklearn/metrics/_ranking.py:1046: UserWarning: No positive class found in y_true, recall is set to one for all thresholds.
  warnings.warn(
/workspace/miniforge3/envs/ehrsequencing/lib/python3.10/site-packages/sklearn/metrics/_ranking.py:1046: UserWarning: No positive class found in y_true, recall is set to one for all thresholds.
  warnings.warn(
/workspace/miniforge3/envs/ehrsequencing/lib/python3.10/site-packages/sklearn/metrics/_ranking.py:1046: UserWarning: No positive class found in y_true, recall is set to one for all thresholds.
  warnings.warn(
/workspace/miniforge3/envs/ehrsequencing/lib/python3.10/site-packages/sklearn/metrics/_ranking.py:1046: UserWarning: No positive class found in y_true, recall is set to one for all thresholds.
  warnings.warn(
/workspace/miniforge3/envs/ehrsequencing/lib/python3.10/site-packages/sklearn/metrics/_ranking.py:1046: UserWarning: No positive class found in y_true, recall is set to one for all thresholds.
  warnings.warn(
/workspace/miniforge3/envs/ehrsequencing/lib/python3.10/site-packages/sklearn/metrics/_ranking.py:1046: UserWarning: No positive class found in y_true, recall is set to one for all thresholds.
  warnings.warn(
/workspace/miniforge3/envs/ehrsequencing/lib/python3.10/site-packages/sklearn/metrics/_ranking.py:1046: UserWarning: No positive class found in y_true, recall is set to one for all thresholds.
  warnings.warn(
/workspace/miniforge3/envs/ehrsequencing/lib/python3.10/site-packages/sklearn/metrics/_ranking.py:1046: UserWarning: No positive class found in y_true, recall is set to one for all thresholds.
  warnings.warn(
/workspace/miniforge3/envs/ehrsequencing/lib/python3.10/site-packages/sklearn/metrics/_ranking.py:1046: UserWarning: No positive class found in y_true, recall is set to one for all thresholds.
  warnings.warn(
/workspace/miniforge3/envs/ehrsequencing/lib/python3.10/site-packages/sklearn/metrics/_ranking.py:1046: UserWarning: No positive class found in y_true, recall is set to one for all thresholds.
  warnings.warn(
/workspace/miniforge3/envs/ehrsequencing/lib/python3.10/site-packages/sklearn/metrics/_ranking.py:1046: UserWarning: No positive class found in y_true, recall is set to one for all thresholds.
  warnings.warn(
/workspace/miniforge3/envs/ehrsequencing/lib/python3.10/site-packages/sklearn/metrics/_ranking.py:1046: UserWarning: No positive class found in y_true, recall is set to one for all thresholds.
  warnings.warn(
/workspace/miniforge3/envs/ehrsequencing/lib/python3.10/site-packages/sklearn/metrics/_ranking.py:1046: UserWarning: No positive class found in y_true, recall is set to one for all thresholds.
  warnings.warn(
/workspace/miniforge3/envs/ehrsequencing/lib/python3.10/site-packages/sklearn/metrics/_ranking.py:1046: UserWarning: No positive class found in y_true, recall is set to one for all thresholds.
  warnings.warn(
/workspace/miniforge3/envs/ehrsequencing/lib/python3.10/site-packages/sklearn/metrics/_ranking.py:1046: UserWarning: No positive class found in y_true, recall is set to one for all thresholds.
  warnings.warn(
/workspace/miniforge3/envs/ehrsequencing/lib/python3.10/site-packages/sklearn/metrics/_ranking.py:1046: UserWarning: No positive class found in y_true, recall is set to one for all thresholds.
  warnings.warn(
/workspace/miniforge3/envs/ehrsequencing/lib/python3.10/site-packages/sklearn/metrics/_ranking.py:1046: UserWarning: No positive class found in y_true, recall is set to one for all thresholds.
  warnings.warn(
/workspace/miniforge3/envs/ehrsequencing/lib/python3.10/site-packages/sklearn/metrics/_ranking.py:1046: UserWarning: No positive class found in y_true, recall is set to one for all thresholds.
  warnings.warn(
/workspace/miniforge3/envs/ehrsequencing/lib/python3.10/site-packages/sklearn/metrics/_ranking.py:1046: UserWarning: No positive class found in y_true, recall is set to one for all thresholds.
  warnings.warn(
/workspace/miniforge3/envs/ehrsequencing/lib/python3.10/site-packages/sklearn/metrics/_ranking.py:1046: UserWarning: No positive class found in y_true, recall is set to one for all thresholds.
  warnings.warn(
/workspace/miniforge3/envs/ehrsequencing/lib/python3.10/site-packages/sklearn/metrics/_ranking.py:1046: UserWarning: No positive class found in y_true, recall is set to one for all thresholds.
  warnings.warn(
/workspace/miniforge3/envs/ehrsequencing/lib/python3.10/site-packages/sklearn/metrics/_ranking.py:1046: UserWarning: No positive class found in y_true, recall is set to one for all thresholds.
  warnings.warn(
/workspace/miniforge3/envs/ehrsequencing/lib/python3.10/site-packages/sklearn/metrics/_ranking.py:1046: UserWarning: No positive class found in y_true, recall is set to one for all thresholds.
  warnings.warn(
/workspace/miniforge3/envs/ehrsequencing/lib/python3.10/site-packages/sklearn/metrics/_ranking.py:1046: UserWarning: No positive class found in y_true, recall is set to one for all thresholds.
  warnings.warn(
/workspace/miniforge3/envs/ehrsequencing/lib/python3.10/site-packages/sklearn/metrics/_ranking.py:1046: UserWarning: No positive class found in y_true, recall is set to one for all thresholds.
  warnings.warn(
/workspace/miniforge3/envs/ehrsequencing/lib/python3.10/site-packages/sklearn/metrics/_ranking.py:1046: UserWarning: No positive class found in y_true, recall is set to one for all thresholds.
  warnings.warn(
/workspace/miniforge3/envs/ehrsequencing/lib/python3.10/site-packages/sklearn/metrics/_ranking.py:1046: UserWarning: No positive class found in y_true, recall is set to one for all thresholds.
  warnings.warn(
/workspace/miniforge3/envs/ehrsequencing/lib/python3.10/site-packages/sklearn/metrics/_ranking.py:1046: UserWarning: No positive class found in y_true, recall is set to one for all thresholds.
  warnings.warn(
/workspace/miniforge3/envs/ehrsequencing/lib/python3.10/site-packages/sklearn/metrics/_ranking.py:1046: UserWarning: No positive class found in y_true, recall is set to one for all thresholds.
  warnings.warn(
/workspace/miniforge3/envs/ehrsequencing/lib/python3.10/site-packages/sklearn/metrics/_ranking.py:1046: UserWarning: No positive class found in y_true, recall is set to one for all thresholds.
  warnings.warn(
/workspace/miniforge3/envs/ehrsequencing/lib/python3.10/site-packages/sklearn/metrics/_ranking.py:1046: UserWarning: No positive class found in y_true, recall is set to one for all thresholds.
  warnings.warn(
/workspace/miniforge3/envs/ehrsequencing/lib/python3.10/site-packages/sklearn/metrics/_ranking.py:1046: UserWarning: No positive class found in y_true, recall is set to one for all thresholds.
  warnings.warn(
/workspace/miniforge3/envs/ehrsequencing/lib/python3.10/site-packages/sklearn/metrics/_ranking.py:1046: UserWarning: No positive class found in y_true, recall is set to one for all thresholds.
  warnings.warn(
/workspace/miniforge3/envs/ehrsequencing/lib/python3.10/site-packages/sklearn/metrics/_ranking.py:1046: UserWarning: No positive class found in y_true, recall is set to one for all thresholds.
  warnings.warn(
/workspace/miniforge3/envs/ehrsequencing/lib/python3.10/site-packages/sklearn/metrics/_ranking.py:1046: UserWarning: No positive class found in y_true, recall is set to one for all thresholds.
  warnings.warn(
/workspace/miniforge3/envs/ehrsequencing/lib/python3.10/site-packages/sklearn/metrics/_ranking.py:1046: UserWarning: No positive class found in y_true, recall is set to one for all thresholds.
  warnings.warn(
/workspace/miniforge3/envs/ehrsequencing/lib/python3.10/site-packages/sklearn/metrics/_ranking.py:1046: UserWarning: No positive class found in y_true, recall is set to one for all thresholds.
  warnings.warn(
/workspace/miniforge3/envs/ehrsequencing/lib/python3.10/site-packages/sklearn/metrics/_ranking.py:1046: UserWarning: No positive class found in y_true, recall is set to one for all thresholds.
  warnings.warn(
/workspace/miniforge3/envs/ehrsequencing/lib/python3.10/site-packages/sklearn/metrics/_ranking.py:1046: UserWarning: No positive class found in y_true, recall is set to one for all thresholds.
  warnings.warn(
/workspace/miniforge3/envs/ehrsequencing/lib/python3.10/site-packages/sklearn/metrics/_ranking.py:1046: UserWarning: No positive class found in y_true, recall is set to one for all thresholds.
  warnings.warn(
/workspace/miniforge3/envs/ehrsequencing/lib/python3.10/site-packages/sklearn/metrics/_ranking.py:1046: UserWarning: No positive class found in y_true, recall is set to one for all thresholds.
  warnings.warn(
/workspace/miniforge3/envs/ehrsequencing/lib/python3.10/site-packages/sklearn/metrics/_ranking.py:1046: UserWarning: No positive class found in y_true, recall is set to one for all thresholds.
  warnings.warn(
/workspace/miniforge3/envs/ehrsequencing/lib/python3.10/site-packages/sklearn/metrics/_ranking.py:1046: UserWarning: No positive class found in y_true, recall is set to one for all thresholds.
  warnings.warn(
/workspace/miniforge3/envs/ehrsequencing/lib/python3.10/site-packages/sklearn/metrics/_ranking.py:1046: UserWarning: No positive class found in y_true, recall is set to one for all thresholds.
  warnings.warn(
/workspace/miniforge3/envs/ehrsequencing/lib/python3.10/site-packages/sklearn/metrics/_ranking.py:1046: UserWarning: No positive class found in y_true, recall is set to one for all thresholds.
  warnings.warn(
/workspace/miniforge3/envs/ehrsequencing/lib/python3.10/site-packages/sklearn/metrics/_ranking.py:1046: UserWarning: No positive class found in y_true, recall is set to one for all thresholds.
  warnings.warn(
/workspace/miniforge3/envs/ehrsequencing/lib/python3.10/site-packages/sklearn/metrics/_ranking.py:1046: UserWarning: No positive class found in y_true, recall is set to one for all thresholds.
  warnings.warn(
/workspace/miniforge3/envs/ehrsequencing/lib/python3.10/site-packages/sklearn/metrics/_ranking.py:1046: UserWarning: No positive class found in y_true, recall is set to one for all thresholds.
  warnings.warn(
/workspace/miniforge3/envs/ehrsequencing/lib/python3.10/site-packages/sklearn/metrics/_ranking.py:1046: UserWarning: No positive class found in y_true, recall is set to one for all thresholds.
  warnings.warn(
/workspace/miniforge3/envs/ehrsequencing/lib/python3.10/site-packages/sklearn/metrics/_ranking.py:1046: UserWarning: No positive class found in y_true, recall is set to one for all thresholds.
  warnings.warn(
/workspace/miniforge3/envs/ehrsequencing/lib/python3.10/site-packages/sklearn/metrics/_ranking.py:1046: UserWarning: No positive class found in y_true, recall is set to one for all thresholds.
  warnings.warn(
/workspace/miniforge3/envs/ehrsequencing/lib/python3.10/site-packages/sklearn/metrics/_ranking.py:1046: UserWarning: No positive class found in y_true, recall is set to one for all thresholds.
  warnings.warn(
/workspace/miniforge3/envs/ehrsequencing/lib/python3.10/site-packages/sklearn/metrics/_ranking.py:1046: UserWarning: No positive class found in y_true, recall is set to one for all thresholds.
  warnings.warn(
/workspace/miniforge3/envs/ehrsequencing/lib/python3.10/site-packages/sklearn/metrics/_ranking.py:1046: UserWarning: No positive class found in y_true, recall is set to one for all thresholds.
  warnings.warn(
/workspace/miniforge3/envs/ehrsequencing/lib/python3.10/site-packages/sklearn/metrics/_ranking.py:1046: UserWarning: No positive class found in y_true, recall is set to one for all thresholds.
  warnings.warn(
/workspace/miniforge3/envs/ehrsequencing/lib/python3.10/site-packages/sklearn/metrics/_ranking.py:1046: UserWarning: No positive class found in y_true, recall is set to one for all thresholds.
  warnings.warn(
/workspace/miniforge3/envs/ehrsequencing/lib/python3.10/site-packages/sklearn/metrics/_ranking.py:1046: UserWarning: No positive class found in y_true, recall is set to one for all thresholds.
  warnings.warn(
/workspace/miniforge3/envs/ehrsequencing/lib/python3.10/site-packages/sklearn/metrics/_ranking.py:1046: UserWarning: No positive class found in y_true, recall is set to one for all thresholds.
  warnings.warn(
/workspace/miniforge3/envs/ehrsequencing/lib/python3.10/site-packages/sklearn/metrics/_ranking.py:1046: UserWarning: No positive class found in y_true, recall is set to one for all thresholds.
  warnings.warn(
/workspace/miniforge3/envs/ehrsequencing/lib/python3.10/site-packages/sklearn/metrics/_ranking.py:1046: UserWarning: No positive class found in y_true, recall is set to one for all thresholds.
  warnings.warn(
/workspace/miniforge3/envs/ehrsequencing/lib/python3.10/site-packages/sklearn/metrics/_ranking.py:1046: UserWarning: No positive class found in y_true, recall is set to one for all thresholds.
  warnings.warn(
/workspace/miniforge3/envs/ehrsequencing/lib/python3.10/site-packages/sklearn/metrics/_ranking.py:1046: UserWarning: No positive class found in y_true, recall is set to one for all thresholds.
  warnings.warn(
/workspace/miniforge3/envs/ehrsequencing/lib/python3.10/site-packages/sklearn/metrics/_ranking.py:1046: UserWarning: No positive class found in y_true, recall is set to one for all thresholds.
  warnings.warn(
/workspace/miniforge3/envs/ehrsequencing/lib/python3.10/site-packages/sklearn/metrics/_ranking.py:1046: UserWarning: No positive class found in y_true, recall is set to one for all thresholds.
  warnings.warn(
/workspace/miniforge3/envs/ehrsequencing/lib/python3.10/site-packages/sklearn/metrics/_ranking.py:1046: UserWarning: No positive class found in y_true, recall is set to one for all thresholds.
  warnings.warn(
/workspace/miniforge3/envs/ehrsequencing/lib/python3.10/site-packages/sklearn/metrics/_ranking.py:1046: UserWarning: No positive class found in y_true, recall is set to one for all thresholds.
  warnings.warn(
/workspace/miniforge3/envs/ehrsequencing/lib/python3.10/site-packages/sklearn/metrics/_ranking.py:1046: UserWarning: No positive class found in y_true, recall is set to one for all thresholds.
  warnings.warn(
/workspace/miniforge3/envs/ehrsequencing/lib/python3.10/site-packages/sklearn/metrics/_ranking.py:1046: UserWarning: No positive class found in y_true, recall is set to one for all thresholds.
  warnings.warn(
/workspace/miniforge3/envs/ehrsequencing/lib/python3.10/site-packages/sklearn/metrics/_ranking.py:1046: UserWarning: No positive class found in y_true, recall is set to one for all thresholds.
  warnings.warn(
/workspace/miniforge3/envs/ehrsequencing/lib/python3.10/site-packages/sklearn/metrics/_ranking.py:1046: UserWarning: No positive class found in y_true, recall is set to one for all thresholds.
  warnings.warn(
/workspace/miniforge3/envs/ehrsequencing/lib/python3.10/site-packages/sklearn/metrics/_ranking.py:1046: UserWarning: No positive class found in y_true, recall is set to one for all thresholds.
  warnings.warn(
/workspace/miniforge3/envs/ehrsequencing/lib/python3.10/site-packages/sklearn/metrics/_ranking.py:1046: UserWarning: No positive class found in y_true, recall is set to one for all thresholds.
  warnings.warn(
/workspace/miniforge3/envs/ehrsequencing/lib/python3.10/site-packages/sklearn/metrics/_ranking.py:1046: UserWarning: No positive class found in y_true, recall is set to one for all thresholds.
  warnings.warn(
/workspace/miniforge3/envs/ehrsequencing/lib/python3.10/site-packages/sklearn/metrics/_ranking.py:1046: UserWarning: No positive class found in y_true, recall is set to one for all thresholds.
  warnings.warn(
/workspace/miniforge3/envs/ehrsequencing/lib/python3.10/site-packages/sklearn/metrics/_ranking.py:1046: UserWarning: No positive class found in y_true, recall is set to one for all thresholds.
  warnings.warn(
/workspace/miniforge3/envs/ehrsequencing/lib/python3.10/site-packages/sklearn/metrics/_ranking.py:1046: UserWarning: No positive class found in y_true, recall is set to one for all thresholds.
  warnings.warn(
/workspace/miniforge3/envs/ehrsequencing/lib/python3.10/site-packages/sklearn/metrics/_ranking.py:1046: UserWarning: No positive class found in y_true, recall is set to one for all thresholds.
  warnings.warn(
/workspace/miniforge3/envs/ehrsequencing/lib/python3.10/site-packages/sklearn/metrics/_ranking.py:1046: UserWarning: No positive class found in y_true, recall is set to one for all thresholds.
  warnings.warn(
/workspace/miniforge3/envs/ehrsequencing/lib/python3.10/site-packages/sklearn/metrics/_ranking.py:1046: UserWarning: No positive class found in y_true, recall is set to one for all thresholds.
  warnings.warn(
/workspace/miniforge3/envs/ehrsequencing/lib/python3.10/site-packages/sklearn/metrics/_ranking.py:1046: UserWarning: No positive class found in y_true, recall is set to one for all thresholds.
  warnings.warn(
/workspace/miniforge3/envs/ehrsequencing/lib/python3.10/site-packages/sklearn/metrics/_ranking.py:1046: UserWarning: No positive class found in y_true, recall is set to one for all thresholds.
  warnings.warn(
/workspace/miniforge3/envs/ehrsequencing/lib/python3.10/site-packages/sklearn/metrics/_ranking.py:1046: UserWarning: No positive class found in y_true, recall is set to one for all thresholds.
  warnings.warn(
/workspace/miniforge3/envs/ehrsequencing/lib/python3.10/site-packages/sklearn/metrics/_ranking.py:1046: UserWarning: No positive class found in y_true, recall is set to one for all thresholds.
  warnings.warn(
/workspace/miniforge3/envs/ehrsequencing/lib/python3.10/site-packages/sklearn/metrics/_ranking.py:1046: UserWarning: No positive class found in y_true, recall is set to one for all thresholds.
  warnings.warn(
/workspace/miniforge3/envs/ehrsequencing/lib/python3.10/site-packages/sklearn/metrics/_ranking.py:1046: UserWarning: No positive class found in y_true, recall is set to one for all thresholds.
  warnings.warn(
/workspace/miniforge3/envs/ehrsequencing/lib/python3.10/site-packages/sklearn/metrics/_ranking.py:1046: UserWarning: No positive class found in y_true, recall is set to one for all thresholds.
  warnings.warn(
/workspace/miniforge3/envs/ehrsequencing/lib/python3.10/site-packages/sklearn/metrics/_ranking.py:1046: UserWarning: No positive class found in y_true, recall is set to one for all thresholds.
  warnings.warn(
/workspace/miniforge3/envs/ehrsequencing/lib/python3.10/site-packages/sklearn/metrics/_ranking.py:1046: UserWarning: No positive class found in y_true, recall is set to one for all thresholds.
  warnings.warn(
/workspace/miniforge3/envs/ehrsequencing/lib/python3.10/site-packages/sklearn/metrics/_ranking.py:1046: UserWarning: No positive class found in y_true, recall is set to one for all thresholds.
  warnings.warn(
/workspace/miniforge3/envs/ehrsequencing/lib/python3.10/site-packages/sklearn/metrics/_ranking.py:1046: UserWarning: No positive class found in y_true, recall is set to one for all thresholds.
  warnings.warn(
/workspace/miniforge3/envs/ehrsequencing/lib/python3.10/site-packages/sklearn/metrics/_ranking.py:1046: UserWarning: No positive class found in y_true, recall is set to one for all thresholds.
  warnings.warn(
/workspace/miniforge3/envs/ehrsequencing/lib/python3.10/site-packages/sklearn/metrics/_ranking.py:1046: UserWarning: No positive class found in y_true, recall is set to one for all thresholds.
  warnings.warn(
/workspace/miniforge3/envs/ehrsequencing/lib/python3.10/site-packages/sklearn/metrics/_ranking.py:1046: UserWarning: No positive class found in y_true, recall is set to one for all thresholds.
  warnings.warn(
/workspace/miniforge3/envs/ehrsequencing/lib/python3.10/site-packages/sklearn/metrics/_ranking.py:1046: UserWarning: No positive class found in y_true, recall is set to one for all thresholds.
  warnings.warn(
/workspace/miniforge3/envs/ehrsequencing/lib/python3.10/site-packages/sklearn/metrics/_ranking.py:1046: UserWarning: No positive class found in y_true, recall is set to one for all thresholds.
  warnings.warn(
/workspace/miniforge3/envs/ehrsequencing/lib/python3.10/site-packages/sklearn/metrics/_ranking.py:1046: UserWarning: No positive class found in y_true, recall is set to one for all thresholds.
  warnings.warn(
/workspace/miniforge3/envs/ehrsequencing/lib/python3.10/site-packages/sklearn/metrics/_ranking.py:1046: UserWarning: No positive class found in y_true, recall is set to one for all thresholds.
  warnings.warn(
/workspace/miniforge3/envs/ehrsequencing/lib/python3.10/site-packages/sklearn/metrics/_ranking.py:1046: UserWarning: No positive class found in y_true, recall is set to one for all thresholds.
  warnings.warn(
/workspace/miniforge3/envs/ehrsequencing/lib/python3.10/site-packages/sklearn/metrics/_ranking.py:1046: UserWarning: No positive class found in y_true, recall is set to one for all thresholds.
  warnings.warn(
/workspace/miniforge3/envs/ehrsequencing/lib/python3.10/site-packages/sklearn/metrics/_ranking.py:1046: UserWarning: No positive class found in y_true, recall is set to one for all thresholds.
  warnings.warn(
/workspace/miniforge3/envs/ehrsequencing/lib/python3.10/site-packages/sklearn/metrics/_ranking.py:1046: UserWarning: No positive class found in y_true, recall is set to one for all thresholds.
  warnings.warn(
/workspace/miniforge3/envs/ehrsequencing/lib/python3.10/site-packages/sklearn/metrics/_ranking.py:1046: UserWarning: No positive class found in y_true, recall is set to one for all thresholds.
  warnings.warn(
/workspace/miniforge3/envs/ehrsequencing/lib/python3.10/site-packages/sklearn/metrics/_ranking.py:1046: UserWarning: No positive class found in y_true, recall is set to one for all thresholds.
  warnings.warn(
/workspace/miniforge3/envs/ehrsequencing/lib/python3.10/site-packages/sklearn/metrics/_ranking.py:1046: UserWarning: No positive class found in y_true, recall is set to one for all thresholds.
  warnings.warn(
/workspace/miniforge3/envs/ehrsequencing/lib/python3.10/site-packages/sklearn/metrics/_ranking.py:1046: UserWarning: No positive class found in y_true, recall is set to one for all thresholds.
  warnings.warn(
/workspace/miniforge3/envs/ehrsequencing/lib/python3.10/site-packages/sklearn/metrics/_ranking.py:1046: UserWarning: No positive class found in y_true, recall is set to one for all thresholds.
  warnings.warn(
/workspace/miniforge3/envs/ehrsequencing/lib/python3.10/site-packages/sklearn/metrics/_ranking.py:1046: UserWarning: No positive class found in y_true, recall is set to one for all thresholds.
  warnings.warn(
/workspace/miniforge3/envs/ehrsequencing/lib/python3.10/site-packages/sklearn/metrics/_ranking.py:1046: UserWarning: No positive class found in y_true, recall is set to one for all thresholds.
  warnings.warn(
/workspace/miniforge3/envs/ehrsequencing/lib/python3.10/site-packages/sklearn/metrics/_ranking.py:1046: UserWarning: No positive class found in y_true, recall is set to one for all thresholds.
  warnings.warn(
/workspace/miniforge3/envs/ehrsequencing/lib/python3.10/site-packages/sklearn/metrics/_ranking.py:1046: UserWarning: No positive class found in y_true, recall is set to one for all thresholds.
  warnings.warn(
/workspace/miniforge3/envs/ehrsequencing/lib/python3.10/site-packages/sklearn/metrics/_ranking.py:1046: UserWarning: No positive class found in y_true, recall is set to one for all thresholds.
  warnings.warn(
/workspace/miniforge3/envs/ehrsequencing/lib/python3.10/site-packages/sklearn/metrics/_ranking.py:1046: UserWarning: No positive class found in y_true, recall is set to one for all thresholds.
  warnings.warn(
/workspace/miniforge3/envs/ehrsequencing/lib/python3.10/site-packages/sklearn/metrics/_ranking.py:1046: UserWarning: No positive class found in y_true, recall is set to one for all thresholds.
  warnings.warn(
/workspace/miniforge3/envs/ehrsequencing/lib/python3.10/site-packages/sklearn/metrics/_ranking.py:1046: UserWarning: No positive class found in y_true, recall is set to one for all thresholds.
  warnings.warn(
/workspace/miniforge3/envs/ehrsequencing/lib/python3.10/site-packages/sklearn/metrics/_ranking.py:1046: UserWarning: No positive class found in y_true, recall is set to one for all thresholds.
  warnings.warn(
/workspace/miniforge3/envs/ehrsequencing/lib/python3.10/site-packages/sklearn/metrics/_ranking.py:1046: UserWarning: No positive class found in y_true, recall is set to one for all thresholds.
  warnings.warn(
/workspace/miniforge3/envs/ehrsequencing/lib/python3.10/site-packages/sklearn/metrics/_ranking.py:1046: UserWarning: No positive class found in y_true, recall is set to one for all thresholds.
  warnings.warn(
/workspace/miniforge3/envs/ehrsequencing/lib/python3.10/site-packages/sklearn/metrics/_ranking.py:1046: UserWarning: No positive class found in y_true, recall is set to one for all thresholds.
  warnings.warn(
/workspace/miniforge3/envs/ehrsequencing/lib/python3.10/site-packages/sklearn/metrics/_ranking.py:1046: UserWarning: No positive class found in y_true, recall is set to one for all thresholds.
  warnings.warn(
/workspace/miniforge3/envs/ehrsequencing/lib/python3.10/site-packages/sklearn/metrics/_ranking.py:1046: UserWarning: No positive class found in y_true, recall is set to one for all thresholds.
  warnings.warn(
/workspace/miniforge3/envs/ehrsequencing/lib/python3.10/site-packages/sklearn/metrics/_ranking.py:1046: UserWarning: No positive class found in y_true, recall is set to one for all thresholds.
  warnings.warn(
/workspace/miniforge3/envs/ehrsequencing/lib/python3.10/site-packages/sklearn/metrics/_ranking.py:1046: UserWarning: No positive class found in y_true, recall is set to one for all thresholds.
  warnings.warn(
/workspace/miniforge3/envs/ehrsequencing/lib/python3.10/site-packages/sklearn/metrics/_ranking.py:1046: UserWarning: No positive class found in y_true, recall is set to one for all thresholds.
  warnings.warn(
/workspace/miniforge3/envs/ehrsequencing/lib/python3.10/site-packages/sklearn/metrics/_ranking.py:1046: UserWarning: No positive class found in y_true, recall is set to one for all thresholds.
  warnings.warn(
/workspace/miniforge3/envs/ehrsequencing/lib/python3.10/site-packages/sklearn/metrics/_ranking.py:1046: UserWarning: No positive class found in y_true, recall is set to one for all thresholds.
  warnings.warn(
/workspace/miniforge3/envs/ehrsequencing/lib/python3.10/site-packages/sklearn/metrics/_ranking.py:1046: UserWarning: No positive class found in y_true, recall is set to one for all thresholds.
  warnings.warn(
/workspace/miniforge3/envs/ehrsequencing/lib/python3.10/site-packages/sklearn/metrics/_ranking.py:1046: UserWarning: No positive class found in y_true, recall is set to one for all thresholds.
  warnings.warn(
/workspace/miniforge3/envs/ehrsequencing/lib/python3.10/site-packages/sklearn/metrics/_ranking.py:1046: UserWarning: No positive class found in y_true, recall is set to one for all thresholds.
  warnings.warn(
/workspace/miniforge3/envs/ehrsequencing/lib/python3.10/site-packages/sklearn/metrics/_ranking.py:1046: UserWarning: No positive class found in y_true, recall is set to one for all thresholds.
  warnings.warn(
/workspace/miniforge3/envs/ehrsequencing/lib/python3.10/site-packages/sklearn/metrics/_ranking.py:1046: UserWarning: No positive class found in y_true, recall is set to one for all thresholds.
  warnings.warn(
/workspace/miniforge3/envs/ehrsequencing/lib/python3.10/site-packages/sklearn/metrics/_ranking.py:1046: UserWarning: No positive class found in y_true, recall is set to one for all thresholds.
  warnings.warn(
/workspace/miniforge3/envs/ehrsequencing/lib/python3.10/site-packages/sklearn/metrics/_ranking.py:1046: UserWarning: No positive class found in y_true, recall is set to one for all thresholds.
  warnings.warn(
/workspace/miniforge3/envs/ehrsequencing/lib/python3.10/site-packages/sklearn/metrics/_ranking.py:1046: UserWarning: No positive class found in y_true, recall is set to one for all thresholds.
  warnings.warn(
/workspace/miniforge3/envs/ehrsequencing/lib/python3.10/site-packages/sklearn/metrics/_ranking.py:1046: UserWarning: No positive class found in y_true, recall is set to one for all thresholds.
  warnings.warn(
/workspace/miniforge3/envs/ehrsequencing/lib/python3.10/site-packages/sklearn/metrics/_ranking.py:1046: UserWarning: No positive class found in y_true, recall is set to one for all thresholds.
  warnings.warn(
/workspace/miniforge3/envs/ehrsequencing/lib/python3.10/site-packages/sklearn/metrics/_ranking.py:1046: UserWarning: No positive class found in y_true, recall is set to one for all thresholds.
  warnings.warn(
/workspace/miniforge3/envs/ehrsequencing/lib/python3.10/site-packages/sklearn/metrics/_ranking.py:1046: UserWarning: No positive class found in y_true, recall is set to one for all thresholds.
  warnings.warn(
/workspace/miniforge3/envs/ehrsequencing/lib/python3.10/site-packages/sklearn/metrics/_ranking.py:1046: UserWarning: No positive class found in y_true, recall is set to one for all thresholds.
  warnings.warn(
/workspace/miniforge3/envs/ehrsequencing/lib/python3.10/site-packages/sklearn/metrics/_ranking.py:1046: UserWarning: No positive class found in y_true, recall is set to one for all thresholds.
  warnings.warn(
/workspace/miniforge3/envs/ehrsequencing/lib/python3.10/site-packages/sklearn/metrics/_ranking.py:1046: UserWarning: No positive class found in y_true, recall is set to one for all thresholds.
  warnings.warn(
/workspace/miniforge3/envs/ehrsequencing/lib/python3.10/site-packages/sklearn/metrics/_ranking.py:1046: UserWarning: No positive class found in y_true, recall is set to one for all thresholds.
  warnings.warn(
/workspace/miniforge3/envs/ehrsequencing/lib/python3.10/site-packages/sklearn/metrics/_ranking.py:1046: UserWarning: No positive class found in y_true, recall is set to one for all thresholds.
  warnings.warn(
/workspace/miniforge3/envs/ehrsequencing/lib/python3.10/site-packages/sklearn/metrics/_ranking.py:1046: UserWarning: No positive class found in y_true, recall is set to one for all thresholds.
  warnings.warn(
/workspace/miniforge3/envs/ehrsequencing/lib/python3.10/site-packages/sklearn/metrics/_ranking.py:1046: UserWarning: No positive class found in y_true, recall is set to one for all thresholds.
  warnings.warn(
/workspace/miniforge3/envs/ehrsequencing/lib/python3.10/site-packages/sklearn/metrics/_ranking.py:1046: UserWarning: No positive class found in y_true, recall is set to one for all thresholds.
  warnings.warn(
/workspace/miniforge3/envs/ehrsequencing/lib/python3.10/site-packages/sklearn/metrics/_ranking.py:1046: UserWarning: No positive class found in y_true, recall is set to one for all thresholds.
  warnings.warn(
/workspace/miniforge3/envs/ehrsequencing/lib/python3.10/site-packages/sklearn/metrics/_ranking.py:1046: UserWarning: No positive class found in y_true, recall is set to one for all thresholds.
  warnings.warn(
/workspace/miniforge3/envs/ehrsequencing/lib/python3.10/site-packages/sklearn/metrics/_ranking.py:1046: UserWarning: No positive class found in y_true, recall is set to one for all thresholds.
  warnings.warn(
/workspace/miniforge3/envs/ehrsequencing/lib/python3.10/site-packages/sklearn/metrics/_ranking.py:1046: UserWarning: No positive class found in y_true, recall is set to one for all thresholds.
  warnings.warn(
/workspace/miniforge3/envs/ehrsequencing/lib/python3.10/site-packages/sklearn/metrics/_ranking.py:1046: UserWarning: No positive class found in y_true, recall is set to one for all thresholds.
  warnings.warn(
/workspace/miniforge3/envs/ehrsequencing/lib/python3.10/site-packages/sklearn/metrics/_ranking.py:1046: UserWarning: No positive class found in y_true, recall is set to one for all thresholds.
  warnings.warn(
/workspace/miniforge3/envs/ehrsequencing/lib/python3.10/site-packages/sklearn/metrics/_ranking.py:1046: UserWarning: No positive class found in y_true, recall is set to one for all thresholds.
  warnings.warn(
/workspace/miniforge3/envs/ehrsequencing/lib/python3.10/site-packages/sklearn/metrics/_ranking.py:1046: UserWarning: No positive class found in y_true, recall is set to one for all thresholds.
  warnings.warn(
/workspace/miniforge3/envs/ehrsequencing/lib/python3.10/site-packages/sklearn/metrics/_ranking.py:1046: UserWarning: No positive class found in y_true, recall is set to one for all thresholds.
  warnings.warn(
/workspace/miniforge3/envs/ehrsequencing/lib/python3.10/site-packages/sklearn/metrics/_ranking.py:1046: UserWarning: No positive class found in y_true, recall is set to one for all thresholds.
  warnings.warn(
/workspace/miniforge3/envs/ehrsequencing/lib/python3.10/site-packages/sklearn/metrics/_ranking.py:1046: UserWarning: No positive class found in y_true, recall is set to one for all thresholds.
  warnings.warn(
/workspace/miniforge3/envs/ehrsequencing/lib/python3.10/site-packages/sklearn/metrics/_ranking.py:1046: UserWarning: No positive class found in y_true, recall is set to one for all thresholds.
  warnings.warn(
/workspace/miniforge3/envs/ehrsequencing/lib/python3.10/site-packages/sklearn/metrics/_ranking.py:1046: UserWarning: No positive class found in y_true, recall is set to one for all thresholds.
  warnings.warn(
/workspace/miniforge3/envs/ehrsequencing/lib/python3.10/site-packages/sklearn/metrics/_ranking.py:1046: UserWarning: No positive class found in y_true, recall is set to one for all thresholds.
  warnings.warn(
/workspace/miniforge3/envs/ehrsequencing/lib/python3.10/site-packages/sklearn/metrics/_ranking.py:1046: UserWarning: No positive class found in y_true, recall is set to one for all thresholds.
  warnings.warn(
/workspace/miniforge3/envs/ehrsequencing/lib/python3.10/site-packages/sklearn/metrics/_ranking.py:1046: UserWarning: No positive class found in y_true, recall is set to one for all thresholds.
  warnings.warn(
/workspace/miniforge3/envs/ehrsequencing/lib/python3.10/site-packages/sklearn/metrics/_ranking.py:1046: UserWarning: No positive class found in y_true, recall is set to one for all thresholds.
  warnings.warn(
/workspace/miniforge3/envs/ehrsequencing/lib/python3.10/site-packages/sklearn/metrics/_ranking.py:1046: UserWarning: No positive class found in y_true, recall is set to one for all thresholds.
  warnings.warn(
/workspace/miniforge3/envs/ehrsequencing/lib/python3.10/site-packages/sklearn/metrics/_ranking.py:1046: UserWarning: No positive class found in y_true, recall is set to one for all thresholds.
  warnings.warn(
/workspace/miniforge3/envs/ehrsequencing/lib/python3.10/site-packages/sklearn/metrics/_ranking.py:1046: UserWarning: No positive class found in y_true, recall is set to one for all thresholds.
  warnings.warn(
/workspace/miniforge3/envs/ehrsequencing/lib/python3.10/site-packages/sklearn/metrics/_ranking.py:1046: UserWarning: No positive class found in y_true, recall is set to one for all thresholds.
  warnings.warn(
/workspace/miniforge3/envs/ehrsequencing/lib/python3.10/site-packages/sklearn/metrics/_ranking.py:1046: UserWarning: No positive class found in y_true, recall is set to one for all thresholds.
  warnings.warn(
/workspace/miniforge3/envs/ehrsequencing/lib/python3.10/site-packages/sklearn/metrics/_ranking.py:1046: UserWarning: No positive class found in y_true, recall is set to one for all thresholds.
  warnings.warn(
/workspace/miniforge3/envs/ehrsequencing/lib/python3.10/site-packages/sklearn/metrics/_ranking.py:1046: UserWarning: No positive class found in y_true, recall is set to one for all thresholds.
  warnings.warn(
/workspace/miniforge3/envs/ehrsequencing/lib/python3.10/site-packages/sklearn/metrics/_ranking.py:1046: UserWarning: No positive class found in y_true, recall is set to one for all thresholds.
  warnings.warn(
/workspace/miniforge3/envs/ehrsequencing/lib/python3.10/site-packages/sklearn/metrics/_ranking.py:1046: UserWarning: No positive class found in y_true, recall is set to one for all thresholds.
  warnings.warn(
/workspace/miniforge3/envs/ehrsequencing/lib/python3.10/site-packages/sklearn/metrics/_ranking.py:1046: UserWarning: No positive class found in y_true, recall is set to one for all thresholds.
  warnings.warn(
/workspace/miniforge3/envs/ehrsequencing/lib/python3.10/site-packages/sklearn/metrics/_ranking.py:1046: UserWarning: No positive class found in y_true, recall is set to one for all thresholds.
  warnings.warn(
/workspace/miniforge3/envs/ehrsequencing/lib/python3.10/site-packages/sklearn/metrics/_ranking.py:1046: UserWarning: No positive class found in y_true, recall is set to one for all thresholds.
  warnings.warn(
/workspace/miniforge3/envs/ehrsequencing/lib/python3.10/site-packages/sklearn/metrics/_ranking.py:1046: UserWarning: No positive class found in y_true, recall is set to one for all thresholds.
  warnings.warn(
/workspace/miniforge3/envs/ehrsequencing/lib/python3.10/site-packages/sklearn/metrics/_ranking.py:1046: UserWarning: No positive class found in y_true, recall is set to one for all thresholds.
  warnings.warn(
/workspace/miniforge3/envs/ehrsequencing/lib/python3.10/site-packages/sklearn/metrics/_ranking.py:1046: UserWarning: No positive class found in y_true, recall is set to one for all thresholds.
  warnings.warn(
/workspace/miniforge3/envs/ehrsequencing/lib/python3.10/site-packages/sklearn/metrics/_ranking.py:1046: UserWarning: No positive class found in y_true, recall is set to one for all thresholds.
  warnings.warn(
/workspace/miniforge3/envs/ehrsequencing/lib/python3.10/site-packages/sklearn/metrics/_ranking.py:1046: UserWarning: No positive class found in y_true, recall is set to one for all thresholds.
  warnings.warn(
/workspace/miniforge3/envs/ehrsequencing/lib/python3.10/site-packages/sklearn/metrics/_ranking.py:1046: UserWarning: No positive class found in y_true, recall is set to one for all thresholds.
  warnings.warn(
/workspace/miniforge3/envs/ehrsequencing/lib/python3.10/site-packages/sklearn/metrics/_ranking.py:1046: UserWarning: No positive class found in y_true, recall is set to one for all thresholds.
  warnings.warn(
/workspace/miniforge3/envs/ehrsequencing/lib/python3.10/site-packages/sklearn/metrics/_ranking.py:1046: UserWarning: No positive class found in y_true, recall is set to one for all thresholds.
  warnings.warn(
/workspace/miniforge3/envs/ehrsequencing/lib/python3.10/site-packages/sklearn/metrics/_ranking.py:1046: UserWarning: No positive class found in y_true, recall is set to one for all thresholds.
  warnings.warn(
/workspace/miniforge3/envs/ehrsequencing/lib/python3.10/site-packages/sklearn/metrics/_ranking.py:1046: UserWarning: No positive class found in y_true, recall is set to one for all thresholds.
  warnings.warn(
/workspace/miniforge3/envs/ehrsequencing/lib/python3.10/site-packages/sklearn/metrics/_ranking.py:1046: UserWarning: No positive class found in y_true, recall is set to one for all thresholds.
  warnings.warn(
/workspace/miniforge3/envs/ehrsequencing/lib/python3.10/site-packages/sklearn/metrics/_ranking.py:1046: UserWarning: No positive class found in y_true, recall is set to one for all thresholds.
  warnings.warn(
/workspace/miniforge3/envs/ehrsequencing/lib/python3.10/site-packages/sklearn/metrics/_ranking.py:1046: UserWarning: No positive class found in y_true, recall is set to one for all thresholds.
  warnings.warn(
/workspace/miniforge3/envs/ehrsequencing/lib/python3.10/site-packages/sklearn/metrics/_ranking.py:1046: UserWarning: No positive class found in y_true, recall is set to one for all thresholds.
  warnings.warn(
/workspace/miniforge3/envs/ehrsequencing/lib/python3.10/site-packages/sklearn/metrics/_ranking.py:1046: UserWarning: No positive class found in y_true, recall is set to one for all thresholds.
  warnings.warn(
/workspace/miniforge3/envs/ehrsequencing/lib/python3.10/site-packages/sklearn/metrics/_ranking.py:1046: UserWarning: No positive class found in y_true, recall is set to one for all thresholds.
  warnings.warn(
/workspace/miniforge3/envs/ehrsequencing/lib/python3.10/site-packages/sklearn/metrics/_ranking.py:1046: UserWarning: No positive class found in y_true, recall is set to one for all thresholds.
  warnings.warn(
/workspace/miniforge3/envs/ehrsequencing/lib/python3.10/site-packages/sklearn/metrics/_ranking.py:1046: UserWarning: No positive class found in y_true, recall is set to one for all thresholds.
  warnings.warn(
/workspace/miniforge3/envs/ehrsequencing/lib/python3.10/site-packages/sklearn/metrics/_ranking.py:1046: UserWarning: No positive class found in y_true, recall is set to one for all thresholds.
  warnings.warn(
/workspace/miniforge3/envs/ehrsequencing/lib/python3.10/site-packages/sklearn/metrics/_ranking.py:1046: UserWarning: No positive class found in y_true, recall is set to one for all thresholds.
  warnings.warn(
/workspace/miniforge3/envs/ehrsequencing/lib/python3.10/site-packages/sklearn/metrics/_ranking.py:1046: UserWarning: No positive class found in y_true, recall is set to one for all thresholds.
  warnings.warn(
/workspace/miniforge3/envs/ehrsequencing/lib/python3.10/site-packages/sklearn/metrics/_ranking.py:1046: UserWarning: No positive class found in y_true, recall is set to one for all thresholds.
  warnings.warn(
/workspace/miniforge3/envs/ehrsequencing/lib/python3.10/site-packages/sklearn/metrics/_ranking.py:1046: UserWarning: No positive class found in y_true, recall is set to one for all thresholds.
  warnings.warn(
/workspace/miniforge3/envs/ehrsequencing/lib/python3.10/site-packages/sklearn/metrics/_ranking.py:1046: UserWarning: No positive class found in y_true, recall is set to one for all thresholds.
  warnings.warn(
/workspace/miniforge3/envs/ehrsequencing/lib/python3.10/site-packages/sklearn/metrics/_ranking.py:1046: UserWarning: No positive class found in y_true, recall is set to one for all thresholds.
  warnings.warn(
/workspace/miniforge3/envs/ehrsequencing/lib/python3.10/site-packages/sklearn/metrics/_ranking.py:1046: UserWarning: No positive class found in y_true, recall is set to one for all thresholds.
  warnings.warn(
/workspace/miniforge3/envs/ehrsequencing/lib/python3.10/site-packages/sklearn/metrics/_ranking.py:1046: UserWarning: No positive class found in y_true, recall is set to one for all thresholds.
  warnings.warn(
/workspace/miniforge3/envs/ehrsequencing/lib/python3.10/site-packages/sklearn/metrics/_ranking.py:1046: UserWarning: No positive class found in y_true, recall is set to one for all thresholds.
  warnings.warn(
/workspace/miniforge3/envs/ehrsequencing/lib/python3.10/site-packages/sklearn/metrics/_ranking.py:1046: UserWarning: No positive class found in y_true, recall is set to one for all thresholds.
  warnings.warn(
/workspace/miniforge3/envs/ehrsequencing/lib/python3.10/site-packages/sklearn/metrics/_ranking.py:1046: UserWarning: No positive class found in y_true, recall is set to one for all thresholds.
  warnings.warn(
/workspace/miniforge3/envs/ehrsequencing/lib/python3.10/site-packages/sklearn/metrics/_ranking.py:1046: UserWarning: No positive class found in y_true, recall is set to one for all thresholds.
  warnings.warn(
/workspace/miniforge3/envs/ehrsequencing/lib/python3.10/site-packages/sklearn/metrics/_ranking.py:1046: UserWarning: No positive class found in y_true, recall is set to one for all thresholds.
  warnings.warn(
/workspace/miniforge3/envs/ehrsequencing/lib/python3.10/site-packages/sklearn/metrics/_ranking.py:1046: UserWarning: No positive class found in y_true, recall is set to one for all thresholds.
  warnings.warn(
/workspace/miniforge3/envs/ehrsequencing/lib/python3.10/site-packages/sklearn/metrics/_ranking.py:1046: UserWarning: No positive class found in y_true, recall is set to one for all thresholds.
  warnings.warn(
/workspace/miniforge3/envs/ehrsequencing/lib/python3.10/site-packages/sklearn/metrics/_ranking.py:1046: UserWarning: No positive class found in y_true, recall is set to one for all thresholds.
  warnings.warn(
/workspace/miniforge3/envs/ehrsequencing/lib/python3.10/site-packages/sklearn/metrics/_ranking.py:1046: UserWarning: No positive class found in y_true, recall is set to one for all thresholds.
  warnings.warn(
/workspace/miniforge3/envs/ehrsequencing/lib/python3.10/site-packages/sklearn/metrics/_ranking.py:1046: UserWarning: No positive class found in y_true, recall is set to one for all thresholds.
  warnings.warn(
/workspace/miniforge3/envs/ehrsequencing/lib/python3.10/site-packages/sklearn/metrics/_ranking.py:1046: UserWarning: No positive class found in y_true, recall is set to one for all thresholds.
  warnings.warn(
/workspace/miniforge3/envs/ehrsequencing/lib/python3.10/site-packages/sklearn/metrics/_ranking.py:1046: UserWarning: No positive class found in y_true, recall is set to one for all thresholds.
  warnings.warn(
/workspace/miniforge3/envs/ehrsequencing/lib/python3.10/site-packages/sklearn/metrics/_ranking.py:1046: UserWarning: No positive class found in y_true, recall is set to one for all thresholds.
  warnings.warn(
/workspace/miniforge3/envs/ehrsequencing/lib/python3.10/site-packages/sklearn/metrics/_ranking.py:1046: UserWarning: No positive class found in y_true, recall is set to one for all thresholds.
  warnings.warn(
/workspace/miniforge3/envs/ehrsequencing/lib/python3.10/site-packages/sklearn/metrics/_ranking.py:1046: UserWarning: No positive class found in y_true, recall is set to one for all thresholds.
  warnings.warn(
/workspace/miniforge3/envs/ehrsequencing/lib/python3.10/site-packages/sklearn/metrics/_ranking.py:1046: UserWarning: No positive class found in y_true, recall is set to one for all thresholds.
  warnings.warn(
/workspace/miniforge3/envs/ehrsequencing/lib/python3.10/site-packages/sklearn/metrics/_ranking.py:1046: UserWarning: No positive class found in y_true, recall is set to one for all thresholds.
  warnings.warn(
/workspace/miniforge3/envs/ehrsequencing/lib/python3.10/site-packages/sklearn/metrics/_ranking.py:1046: UserWarning: No positive class found in y_true, recall is set to one for all thresholds.
  warnings.warn(
/workspace/miniforge3/envs/ehrsequencing/lib/python3.10/site-packages/sklearn/metrics/_ranking.py:1046: UserWarning: No positive class found in y_true, recall is set to one for all thresholds.
  warnings.warn(
/workspace/miniforge3/envs/ehrsequencing/lib/python3.10/site-packages/sklearn/metrics/_ranking.py:1046: UserWarning: No positive class found in y_true, recall is set to one for all thresholds.
  warnings.warn(
/workspace/miniforge3/envs/ehrsequencing/lib/python3.10/site-packages/sklearn/metrics/_ranking.py:1046: UserWarning: No positive class found in y_true, recall is set to one for all thresholds.
  warnings.warn(
/workspace/miniforge3/envs/ehrsequencing/lib/python3.10/site-packages/sklearn/metrics/_ranking.py:1046: UserWarning: No positive class found in y_true, recall is set to one for all thresholds.
  warnings.warn(
/workspace/miniforge3/envs/ehrsequencing/lib/python3.10/site-packages/sklearn/metrics/_ranking.py:1046: UserWarning: No positive class found in y_true, recall is set to one for all thresholds.
  warnings.warn(
/workspace/miniforge3/envs/ehrsequencing/lib/python3.10/site-packages/sklearn/metrics/_ranking.py:1046: UserWarning: No positive class found in y_true, recall is set to one for all thresholds.
  warnings.warn(
/workspace/miniforge3/envs/ehrsequencing/lib/python3.10/site-packages/sklearn/metrics/_ranking.py:1046: UserWarning: No positive class found in y_true, recall is set to one for all thresholds.
  warnings.warn(
/workspace/miniforge3/envs/ehrsequencing/lib/python3.10/site-packages/sklearn/metrics/_ranking.py:1046: UserWarning: No positive class found in y_true, recall is set to one for all thresholds.
  warnings.warn(
/workspace/miniforge3/envs/ehrsequencing/lib/python3.10/site-packages/sklearn/metrics/_ranking.py:1046: UserWarning: No positive class found in y_true, recall is set to one for all thresholds.
  warnings.warn(
/workspace/miniforge3/envs/ehrsequencing/lib/python3.10/site-packages/sklearn/metrics/_ranking.py:1046: UserWarning: No positive class found in y_true, recall is set to one for all thresholds.
  warnings.warn(
/workspace/miniforge3/envs/ehrsequencing/lib/python3.10/site-packages/sklearn/metrics/_ranking.py:1046: UserWarning: No positive class found in y_true, recall is set to one for all thresholds.
  warnings.warn(
/workspace/miniforge3/envs/ehrsequencing/lib/python3.10/site-packages/sklearn/metrics/_ranking.py:1046: UserWarning: No positive class found in y_true, recall is set to one for all thresholds.
  warnings.warn(
/workspace/miniforge3/envs/ehrsequencing/lib/python3.10/site-packages/sklearn/metrics/_ranking.py:1046: UserWarning: No positive class found in y_true, recall is set to one for all thresholds.
  warnings.warn(
/workspace/miniforge3/envs/ehrsequencing/lib/python3.10/site-packages/sklearn/metrics/_ranking.py:1046: UserWarning: No positive class found in y_true, recall is set to one for all thresholds.
  warnings.warn(
/workspace/miniforge3/envs/ehrsequencing/lib/python3.10/site-packages/sklearn/metrics/_ranking.py:1046: UserWarning: No positive class found in y_true, recall is set to one for all thresholds.
  warnings.warn(
/workspace/miniforge3/envs/ehrsequencing/lib/python3.10/site-packages/sklearn/metrics/_ranking.py:1046: UserWarning: No positive class found in y_true, recall is set to one for all thresholds.
  warnings.warn(
/workspace/miniforge3/envs/ehrsequencing/lib/python3.10/site-packages/sklearn/metrics/_ranking.py:1046: UserWarning: No positive class found in y_true, recall is set to one for all thresholds.
  warnings.warn(
/workspace/miniforge3/envs/ehrsequencing/lib/python3.10/site-packages/sklearn/metrics/_ranking.py:1046: UserWarning: No positive class found in y_true, recall is set to one for all thresholds.
  warnings.warn(
/workspace/miniforge3/envs/ehrsequencing/lib/python3.10/site-packages/sklearn/metrics/_ranking.py:1046: UserWarning: No positive class found in y_true, recall is set to one for all thresholds.
  warnings.warn(
/workspace/miniforge3/envs/ehrsequencing/lib/python3.10/site-packages/sklearn/metrics/_ranking.py:1046: UserWarning: No positive class found in y_true, recall is set to one for all thresholds.
  warnings.warn(
/workspace/miniforge3/envs/ehrsequencing/lib/python3.10/site-packages/sklearn/metrics/_ranking.py:1046: UserWarning: No positive class found in y_true, recall is set to one for all thresholds.
  warnings.warn(
/workspace/miniforge3/envs/ehrsequencing/lib/python3.10/site-packages/sklearn/metrics/_ranking.py:1046: UserWarning: No positive class found in y_true, recall is set to one for all thresholds.
  warnings.warn(
/workspace/miniforge3/envs/ehrsequencing/lib/python3.10/site-packages/sklearn/metrics/_ranking.py:1046: UserWarning: No positive class found in y_true, recall is set to one for all thresholds.
  warnings.warn(
/workspace/miniforge3/envs/ehrsequencing/lib/python3.10/site-packages/sklearn/metrics/_ranking.py:1046: UserWarning: No positive class found in y_true, recall is set to one for all thresholds.
  warnings.warn(
/workspace/miniforge3/envs/ehrsequencing/lib/python3.10/site-packages/sklearn/metrics/_ranking.py:1046: UserWarning: No positive class found in y_true, recall is set to one for all thresholds.
  warnings.warn(
/workspace/miniforge3/envs/ehrsequencing/lib/python3.10/site-packages/sklearn/metrics/_ranking.py:1046: UserWarning: No positive class found in y_true, recall is set to one for all thresholds.
  warnings.warn(
/workspace/miniforge3/envs/ehrsequencing/lib/python3.10/site-packages/sklearn/metrics/_ranking.py:1046: UserWarning: No positive class found in y_true, recall is set to one for all thresholds.
  warnings.warn(
/workspace/miniforge3/envs/ehrsequencing/lib/python3.10/site-packages/sklearn/metrics/_ranking.py:1046: UserWarning: No positive class found in y_true, recall is set to one for all thresholds.
  warnings.warn(
/workspace/miniforge3/envs/ehrsequencing/lib/python3.10/site-packages/sklearn/metrics/_ranking.py:1046: UserWarning: No positive class found in y_true, recall is set to one for all thresholds.
  warnings.warn(
/workspace/miniforge3/envs/ehrsequencing/lib/python3.10/site-packages/sklearn/metrics/_ranking.py:1046: UserWarning: No positive class found in y_true, recall is set to one for all thresholds.
  warnings.warn(
/workspace/miniforge3/envs/ehrsequencing/lib/python3.10/site-packages/sklearn/metrics/_ranking.py:1046: UserWarning: No positive class found in y_true, recall is set to one for all thresholds.
  warnings.warn(
/workspace/miniforge3/envs/ehrsequencing/lib/python3.10/site-packages/sklearn/metrics/_ranking.py:1046: UserWarning: No positive class found in y_true, recall is set to one for all thresholds.
  warnings.warn(
/workspace/miniforge3/envs/ehrsequencing/lib/python3.10/site-packages/sklearn/metrics/_ranking.py:1046: UserWarning: No positive class found in y_true, recall is set to one for all thresholds.
  warnings.warn(
/workspace/miniforge3/envs/ehrsequencing/lib/python3.10/site-packages/sklearn/metrics/_ranking.py:1046: UserWarning: No positive class found in y_true, recall is set to one for all thresholds.
  warnings.warn(
/workspace/miniforge3/envs/ehrsequencing/lib/python3.10/site-packages/sklearn/metrics/_ranking.py:1046: UserWarning: No positive class found in y_true, recall is set to one for all thresholds.
  warnings.warn(
/workspace/miniforge3/envs/ehrsequencing/lib/python3.10/site-packages/sklearn/metrics/_ranking.py:1046: UserWarning: No positive class found in y_true, recall is set to one for all thresholds.
  warnings.warn(
/workspace/miniforge3/envs/ehrsequencing/lib/python3.10/site-packages/sklearn/metrics/_ranking.py:1046: UserWarning: No positive class found in y_true, recall is set to one for all thresholds.
  warnings.warn(
/workspace/miniforge3/envs/ehrsequencing/lib/python3.10/site-packages/sklearn/metrics/_ranking.py:1046: UserWarning: No positive class found in y_true, recall is set to one for all thresholds.
  warnings.warn(
/workspace/miniforge3/envs/ehrsequencing/lib/python3.10/site-packages/sklearn/metrics/_ranking.py:1046: UserWarning: No positive class found in y_true, recall is set to one for all thresholds.
  warnings.warn(
/workspace/miniforge3/envs/ehrsequencing/lib/python3.10/site-packages/sklearn/metrics/_ranking.py:1046: UserWarning: No positive class found in y_true, recall is set to one for all thresholds.
  warnings.warn(
/workspace/miniforge3/envs/ehrsequencing/lib/python3.10/site-packages/sklearn/metrics/_ranking.py:1046: UserWarning: No positive class found in y_true, recall is set to one for all thresholds.
  warnings.warn(
/workspace/miniforge3/envs/ehrsequencing/lib/python3.10/site-packages/sklearn/metrics/_ranking.py:1046: UserWarning: No positive class found in y_true, recall is set to one for all thresholds.
  warnings.warn(
/workspace/miniforge3/envs/ehrsequencing/lib/python3.10/site-packages/sklearn/metrics/_ranking.py:1046: UserWarning: No positive class found in y_true, recall is set to one for all thresholds.
  warnings.warn(
/workspace/miniforge3/envs/ehrsequencing/lib/python3.10/site-packages/sklearn/metrics/_ranking.py:1046: UserWarning: No positive class found in y_true, recall is set to one for all thresholds.
  warnings.warn(
/workspace/miniforge3/envs/ehrsequencing/lib/python3.10/site-packages/sklearn/metrics/_ranking.py:1046: UserWarning: No positive class found in y_true, recall is set to one for all thresholds.
  warnings.warn(
/workspace/miniforge3/envs/ehrsequencing/lib/python3.10/site-packages/sklearn/metrics/_ranking.py:1046: UserWarning: No positive class found in y_true, recall is set to one for all thresholds.
  warnings.warn(
/workspace/miniforge3/envs/ehrsequencing/lib/python3.10/site-packages/sklearn/metrics/_ranking.py:1046: UserWarning: No positive class found in y_true, recall is set to one for all thresholds.
  warnings.warn(
/workspace/miniforge3/envs/ehrsequencing/lib/python3.10/site-packages/sklearn/metrics/_ranking.py:1046: UserWarning: No positive class found in y_true, recall is set to one for all thresholds.
  warnings.warn(
/workspace/miniforge3/envs/ehrsequencing/lib/python3.10/site-packages/sklearn/metrics/_ranking.py:1046: UserWarning: No positive class found in y_true, recall is set to one for all thresholds.
  warnings.warn(
/workspace/miniforge3/envs/ehrsequencing/lib/python3.10/site-packages/sklearn/metrics/_ranking.py:1046: UserWarning: No positive class found in y_true, recall is set to one for all thresholds.
  warnings.warn(
/workspace/miniforge3/envs/ehrsequencing/lib/python3.10/site-packages/sklearn/metrics/_ranking.py:1046: UserWarning: No positive class found in y_true, recall is set to one for all thresholds.
  warnings.warn(
/workspace/miniforge3/envs/ehrsequencing/lib/python3.10/site-packages/sklearn/metrics/_ranking.py:1046: UserWarning: No positive class found in y_true, recall is set to one for all thresholds.
  warnings.warn(
/workspace/miniforge3/envs/ehrsequencing/lib/python3.10/site-packages/sklearn/metrics/_ranking.py:1046: UserWarning: No positive class found in y_true, recall is set to one for all thresholds.
  warnings.warn(
/workspace/miniforge3/envs/ehrsequencing/lib/python3.10/site-packages/sklearn/metrics/_ranking.py:1046: UserWarning: No positive class found in y_true, recall is set to one for all thresholds.
  warnings.warn(
/workspace/miniforge3/envs/ehrsequencing/lib/python3.10/site-packages/sklearn/metrics/_ranking.py:1046: UserWarning: No positive class found in y_true, recall is set to one for all thresholds.
  warnings.warn(
/workspace/miniforge3/envs/ehrsequencing/lib/python3.10/site-packages/sklearn/metrics/_ranking.py:1046: UserWarning: No positive class found in y_true, recall is set to one for all thresholds.
  warnings.warn(
/workspace/miniforge3/envs/ehrsequencing/lib/python3.10/site-packages/sklearn/metrics/_ranking.py:1046: UserWarning: No positive class found in y_true, recall is set to one for all thresholds.
  warnings.warn(
/workspace/miniforge3/envs/ehrsequencing/lib/python3.10/site-packages/sklearn/metrics/_ranking.py:1046: UserWarning: No positive class found in y_true, recall is set to one for all thresholds.
  warnings.warn(
/workspace/miniforge3/envs/ehrsequencing/lib/python3.10/site-packages/sklearn/metrics/_ranking.py:1046: UserWarning: No positive class found in y_true, recall is set to one for all thresholds.
  warnings.warn(
/workspace/miniforge3/envs/ehrsequencing/lib/python3.10/site-packages/sklearn/metrics/_ranking.py:1046: UserWarning: No positive class found in y_true, recall is set to one for all thresholds.
  warnings.warn(
/workspace/miniforge3/envs/ehrsequencing/lib/python3.10/site-packages/sklearn/metrics/_ranking.py:1046: UserWarning: No positive class found in y_true, recall is set to one for all thresholds.
  warnings.warn(
/workspace/miniforge3/envs/ehrsequencing/lib/python3.10/site-packages/sklearn/metrics/_ranking.py:1046: UserWarning: No positive class found in y_true, recall is set to one for all thresholds.
  warnings.warn(
/workspace/miniforge3/envs/ehrsequencing/lib/python3.10/site-packages/sklearn/metrics/_ranking.py:1046: UserWarning: No positive class found in y_true, recall is set to one for all thresholds.
  warnings.warn(
/workspace/miniforge3/envs/ehrsequencing/lib/python3.10/site-packages/sklearn/metrics/_ranking.py:1046: UserWarning: No positive class found in y_true, recall is set to one for all thresholds.
  warnings.warn(
/workspace/miniforge3/envs/ehrsequencing/lib/python3.10/site-packages/sklearn/metrics/_ranking.py:1046: UserWarning: No positive class found in y_true, recall is set to one for all thresholds.
  warnings.warn(
/workspace/miniforge3/envs/ehrsequencing/lib/python3.10/site-packages/sklearn/metrics/_ranking.py:1046: UserWarning: No positive class found in y_true, recall is set to one for all thresholds.
  warnings.warn(
/workspace/miniforge3/envs/ehrsequencing/lib/python3.10/site-packages/sklearn/metrics/_ranking.py:1046: UserWarning: No positive class found in y_true, recall is set to one for all thresholds.
  warnings.warn(
/workspace/miniforge3/envs/ehrsequencing/lib/python3.10/site-packages/sklearn/metrics/_ranking.py:1046: UserWarning: No positive class found in y_true, recall is set to one for all thresholds.
  warnings.warn(
/workspace/miniforge3/envs/ehrsequencing/lib/python3.10/site-packages/sklearn/metrics/_ranking.py:1046: UserWarning: No positive class found in y_true, recall is set to one for all thresholds.
  warnings.warn(
/workspace/miniforge3/envs/ehrsequencing/lib/python3.10/site-packages/sklearn/metrics/_ranking.py:1046: UserWarning: No positive class found in y_true, recall is set to one for all thresholds.
  warnings.warn(
/workspace/miniforge3/envs/ehrsequencing/lib/python3.10/site-packages/sklearn/metrics/_ranking.py:1046: UserWarning: No positive class found in y_true, recall is set to one for all thresholds.
  warnings.warn(
/workspace/miniforge3/envs/ehrsequencing/lib/python3.10/site-packages/sklearn/metrics/_ranking.py:1046: UserWarning: No positive class found in y_true, recall is set to one for all thresholds.
  warnings.warn(
/workspace/miniforge3/envs/ehrsequencing/lib/python3.10/site-packages/sklearn/metrics/_ranking.py:1046: UserWarning: No positive class found in y_true, recall is set to one for all thresholds.
  warnings.warn(
/workspace/miniforge3/envs/ehrsequencing/lib/python3.10/site-packages/sklearn/metrics/_ranking.py:1046: UserWarning: No positive class found in y_true, recall is set to one for all thresholds.
  warnings.warn(
/workspace/miniforge3/envs/ehrsequencing/lib/python3.10/site-packages/sklearn/metrics/_ranking.py:1046: UserWarning: No positive class found in y_true, recall is set to one for all thresholds.
  warnings.warn(
/workspace/miniforge3/envs/ehrsequencing/lib/python3.10/site-packages/sklearn/metrics/_ranking.py:1046: UserWarning: No positive class found in y_true, recall is set to one for all thresholds.
  warnings.warn(
/workspace/miniforge3/envs/ehrsequencing/lib/python3.10/site-packages/sklearn/metrics/_ranking.py:1046: UserWarning: No positive class found in y_true, recall is set to one for all thresholds.
  warnings.warn(
/workspace/miniforge3/envs/ehrsequencing/lib/python3.10/site-packages/sklearn/metrics/_ranking.py:1046: UserWarning: No positive class found in y_true, recall is set to one for all thresholds.
  warnings.warn(
/workspace/miniforge3/envs/ehrsequencing/lib/python3.10/site-packages/sklearn/metrics/_ranking.py:1046: UserWarning: No positive class found in y_true, recall is set to one for all thresholds.
  warnings.warn(
/workspace/miniforge3/envs/ehrsequencing/lib/python3.10/site-packages/sklearn/metrics/_ranking.py:1046: UserWarning: No positive class found in y_true, recall is set to one for all thresholds.
  warnings.warn(
/workspace/miniforge3/envs/ehrsequencing/lib/python3.10/site-packages/sklearn/metrics/_ranking.py:1046: UserWarning: No positive class found in y_true, recall is set to one for all thresholds.
  warnings.warn(
/workspace/miniforge3/envs/ehrsequencing/lib/python3.10/site-packages/sklearn/metrics/_ranking.py:1046: UserWarning: No positive class found in y_true, recall is set to one for all thresholds.
  warnings.warn(
/workspace/miniforge3/envs/ehrsequencing/lib/python3.10/site-packages/sklearn/metrics/_ranking.py:1046: UserWarning: No positive class found in y_true, recall is set to one for all thresholds.
  warnings.warn(
/workspace/miniforge3/envs/ehrsequencing/lib/python3.10/site-packages/sklearn/metrics/_ranking.py:1046: UserWarning: No positive class found in y_true, recall is set to one for all thresholds.
  warnings.warn(
/workspace/miniforge3/envs/ehrsequencing/lib/python3.10/site-packages/sklearn/metrics/_ranking.py:1046: UserWarning: No positive class found in y_true, recall is set to one for all thresholds.
  warnings.warn(
/workspace/miniforge3/envs/ehrsequencing/lib/python3.10/site-packages/sklearn/metrics/_ranking.py:1046: UserWarning: No positive class found in y_true, recall is set to one for all thresholds.
  warnings.warn(
/workspace/miniforge3/envs/ehrsequencing/lib/python3.10/site-packages/sklearn/metrics/_ranking.py:1046: UserWarning: No positive class found in y_true, recall is set to one for all thresholds.
  warnings.warn(
/workspace/miniforge3/envs/ehrsequencing/lib/python3.10/site-packages/sklearn/metrics/_ranking.py:1046: UserWarning: No positive class found in y_true, recall is set to one for all thresholds.
  warnings.warn(
/workspace/miniforge3/envs/ehrsequencing/lib/python3.10/site-packages/sklearn/metrics/_ranking.py:1046: UserWarning: No positive class found in y_true, recall is set to one for all thresholds.
  warnings.warn(
/workspace/miniforge3/envs/ehrsequencing/lib/python3.10/site-packages/sklearn/metrics/_ranking.py:1046: UserWarning: No positive class found in y_true, recall is set to one for all thresholds.
  warnings.warn(
/workspace/miniforge3/envs/ehrsequencing/lib/python3.10/site-packages/sklearn/metrics/_ranking.py:1046: UserWarning: No positive class found in y_true, recall is set to one for all thresholds.
  warnings.warn(
/workspace/miniforge3/envs/ehrsequencing/lib/python3.10/site-packages/sklearn/metrics/_ranking.py:1046: UserWarning: No positive class found in y_true, recall is set to one for all thresholds.
  warnings.warn(
/workspace/miniforge3/envs/ehrsequencing/lib/python3.10/site-packages/sklearn/metrics/_ranking.py:1046: UserWarning: No positive class found in y_true, recall is set to one for all thresholds.
  warnings.warn(
/workspace/miniforge3/envs/ehrsequencing/lib/python3.10/site-packages/sklearn/metrics/_ranking.py:1046: UserWarning: No positive class found in y_true, recall is set to one for all thresholds.
  warnings.warn(
/workspace/miniforge3/envs/ehrsequencing/lib/python3.10/site-packages/sklearn/metrics/_ranking.py:1046: UserWarning: No positive class found in y_true, recall is set to one for all thresholds.
  warnings.warn(
/workspace/miniforge3/envs/ehrsequencing/lib/python3.10/site-packages/sklearn/metrics/_ranking.py:1046: UserWarning: No positive class found in y_true, recall is set to one for all thresholds.
  warnings.warn(
/workspace/miniforge3/envs/ehrsequencing/lib/python3.10/site-packages/sklearn/metrics/_ranking.py:1046: UserWarning: No positive class found in y_true, recall is set to one for all thresholds.
  warnings.warn(
/workspace/miniforge3/envs/ehrsequencing/lib/python3.10/site-packages/sklearn/metrics/_ranking.py:1046: UserWarning: No positive class found in y_true, recall is set to one for all thresholds.
  warnings.warn(
/workspace/miniforge3/envs/ehrsequencing/lib/python3.10/site-packages/sklearn/metrics/_ranking.py:1046: UserWarning: No positive class found in y_true, recall is set to one for all thresholds.
  warnings.warn(
/workspace/miniforge3/envs/ehrsequencing/lib/python3.10/site-packages/sklearn/metrics/_ranking.py:1046: UserWarning: No positive class found in y_true, recall is set to one for all thresholds.
  warnings.warn(
/workspace/miniforge3/envs/ehrsequencing/lib/python3.10/site-packages/sklearn/metrics/_ranking.py:1046: UserWarning: No positive class found in y_true, recall is set to one for all thresholds.
  warnings.warn(
/workspace/miniforge3/envs/ehrsequencing/lib/python3.10/site-packages/sklearn/metrics/_ranking.py:1046: UserWarning: No positive class found in y_true, recall is set to one for all thresholds.
  warnings.warn(
/workspace/miniforge3/envs/ehrsequencing/lib/python3.10/site-packages/sklearn/metrics/_ranking.py:1046: UserWarning: No positive class found in y_true, recall is set to one for all thresholds.
  warnings.warn(
/workspace/miniforge3/envs/ehrsequencing/lib/python3.10/site-packages/sklearn/metrics/_ranking.py:1046: UserWarning: No positive class found in y_true, recall is set to one for all thresholds.
  warnings.warn(
/workspace/miniforge3/envs/ehrsequencing/lib/python3.10/site-packages/sklearn/metrics/_ranking.py:1046: UserWarning: No positive class found in y_true, recall is set to one for all thresholds.
  warnings.warn(
/workspace/miniforge3/envs/ehrsequencing/lib/python3.10/site-packages/sklearn/metrics/_ranking.py:1046: UserWarning: No positive class found in y_true, recall is set to one for all thresholds.
  warnings.warn(
/workspace/miniforge3/envs/ehrsequencing/lib/python3.10/site-packages/sklearn/metrics/_ranking.py:1046: UserWarning: No positive class found in y_true, recall is set to one for all thresholds.
  warnings.warn(
/workspace/miniforge3/envs/ehrsequencing/lib/python3.10/site-packages/sklearn/metrics/_ranking.py:1046: UserWarning: No positive class found in y_true, recall is set to one for all thresholds.
  warnings.warn(
/workspace/miniforge3/envs/ehrsequencing/lib/python3.10/site-packages/sklearn/metrics/_ranking.py:1046: UserWarning: No positive class found in y_true, recall is set to one for all thresholds.
  warnings.warn(
/workspace/miniforge3/envs/ehrsequencing/lib/python3.10/site-packages/sklearn/metrics/_ranking.py:1046: UserWarning: No positive class found in y_true, recall is set to one for all thresholds.
  warnings.warn(
/workspace/miniforge3/envs/ehrsequencing/lib/python3.10/site-packages/sklearn/metrics/_ranking.py:1046: UserWarning: No positive class found in y_true, recall is set to one for all thresholds.
  warnings.warn(
/workspace/miniforge3/envs/ehrsequencing/lib/python3.10/site-packages/sklearn/metrics/_ranking.py:1046: UserWarning: No positive class found in y_true, recall is set to one for all thresholds.
  warnings.warn(
/workspace/miniforge3/envs/ehrsequencing/lib/python3.10/site-packages/sklearn/metrics/_ranking.py:1046: UserWarning: No positive class found in y_true, recall is set to one for all thresholds.
  warnings.warn(
/workspace/miniforge3/envs/ehrsequencing/lib/python3.10/site-packages/sklearn/metrics/_ranking.py:1046: UserWarning: No positive class found in y_true, recall is set to one for all thresholds.
  warnings.warn(
/workspace/miniforge3/envs/ehrsequencing/lib/python3.10/site-packages/sklearn/metrics/_ranking.py:1046: UserWarning: No positive class found in y_true, recall is set to one for all thresholds.
  warnings.warn(
/workspace/miniforge3/envs/ehrsequencing/lib/python3.10/site-packages/sklearn/metrics/_ranking.py:1046: UserWarning: No positive class found in y_true, recall is set to one for all thresholds.
  warnings.warn(
/workspace/miniforge3/envs/ehrsequencing/lib/python3.10/site-packages/sklearn/metrics/_ranking.py:1046: UserWarning: No positive class found in y_true, recall is set to one for all thresholds.
  warnings.warn(
/workspace/miniforge3/envs/ehrsequencing/lib/python3.10/site-packages/sklearn/metrics/_ranking.py:1046: UserWarning: No positive class found in y_true, recall is set to one for all thresholds.
  warnings.warn(
/workspace/miniforge3/envs/ehrsequencing/lib/python3.10/site-packages/sklearn/metrics/_ranking.py:1046: UserWarning: No positive class found in y_true, recall is set to one for all thresholds.
  warnings.warn(
/workspace/miniforge3/envs/ehrsequencing/lib/python3.10/site-packages/sklearn/metrics/_ranking.py:1046: UserWarning: No positive class found in y_true, recall is set to one for all thresholds.
  warnings.warn(
/workspace/miniforge3/envs/ehrsequencing/lib/python3.10/site-packages/sklearn/metrics/_ranking.py:1046: UserWarning: No positive class found in y_true, recall is set to one for all thresholds.
  warnings.warn(
/workspace/miniforge3/envs/ehrsequencing/lib/python3.10/site-packages/sklearn/metrics/_ranking.py:1046: UserWarning: No positive class found in y_true, recall is set to one for all thresholds.
  warnings.warn(
/workspace/miniforge3/envs/ehrsequencing/lib/python3.10/site-packages/sklearn/metrics/_ranking.py:1046: UserWarning: No positive class found in y_true, recall is set to one for all thresholds.
  warnings.warn(
/workspace/miniforge3/envs/ehrsequencing/lib/python3.10/site-packages/sklearn/metrics/_ranking.py:1046: UserWarning: No positive class found in y_true, recall is set to one for all thresholds.
  warnings.warn(
/workspace/miniforge3/envs/ehrsequencing/lib/python3.10/site-packages/sklearn/metrics/_ranking.py:1046: UserWarning: No positive class found in y_true, recall is set to one for all thresholds.
  warnings.warn(
/workspace/miniforge3/envs/ehrsequencing/lib/python3.10/site-packages/sklearn/metrics/_ranking.py:1046: UserWarning: No positive class found in y_true, recall is set to one for all thresholds.
  warnings.warn(
/workspace/miniforge3/envs/ehrsequencing/lib/python3.10/site-packages/sklearn/metrics/_ranking.py:1046: UserWarning: No positive class found in y_true, recall is set to one for all thresholds.
  warnings.warn(
/workspace/miniforge3/envs/ehrsequencing/lib/python3.10/site-packages/sklearn/metrics/_ranking.py:1046: UserWarning: No positive class found in y_true, recall is set to one for all thresholds.
  warnings.warn(
/workspace/miniforge3/envs/ehrsequencing/lib/python3.10/site-packages/sklearn/metrics/_ranking.py:1046: UserWarning: No positive class found in y_true, recall is set to one for all thresholds.
  warnings.warn(
/workspace/miniforge3/envs/ehrsequencing/lib/python3.10/site-packages/sklearn/metrics/_ranking.py:1046: UserWarning: No positive class found in y_true, recall is set to one for all thresholds.
  warnings.warn(
/workspace/miniforge3/envs/ehrsequencing/lib/python3.10/site-packages/sklearn/metrics/_ranking.py:1046: UserWarning: No positive class found in y_true, recall is set to one for all thresholds.
  warnings.warn(
/workspace/miniforge3/envs/ehrsequencing/lib/python3.10/site-packages/sklearn/metrics/_ranking.py:1046: UserWarning: No positive class found in y_true, recall is set to one for all thresholds.
  warnings.warn(
/workspace/miniforge3/envs/ehrsequencing/lib/python3.10/site-packages/sklearn/metrics/_ranking.py:1046: UserWarning: No positive class found in y_true, recall is set to one for all thresholds.
  warnings.warn(
/workspace/miniforge3/envs/ehrsequencing/lib/python3.10/site-packages/sklearn/metrics/_ranking.py:1046: UserWarning: No positive class found in y_true, recall is set to one for all thresholds.
  warnings.warn(
/workspace/miniforge3/envs/ehrsequencing/lib/python3.10/site-packages/sklearn/metrics/_ranking.py:1046: UserWarning: No positive class found in y_true, recall is set to one for all thresholds.
  warnings.warn(
/workspace/miniforge3/envs/ehrsequencing/lib/python3.10/site-packages/sklearn/metrics/_ranking.py:1046: UserWarning: No positive class found in y_true, recall is set to one for all thresholds.
  warnings.warn(
/workspace/miniforge3/envs/ehrsequencing/lib/python3.10/site-packages/sklearn/metrics/_ranking.py:1046: UserWarning: No positive class found in y_true, recall is set to one for all thresholds.
  warnings.warn(
/workspace/miniforge3/envs/ehrsequencing/lib/python3.10/site-packages/sklearn/metrics/_ranking.py:1046: UserWarning: No positive class found in y_true, recall is set to one for all thresholds.
  warnings.warn(
/workspace/miniforge3/envs/ehrsequencing/lib/python3.10/site-packages/sklearn/metrics/_ranking.py:1046: UserWarning: No positive class found in y_true, recall is set to one for all thresholds.
  warnings.warn(
/workspace/miniforge3/envs/ehrsequencing/lib/python3.10/site-packages/sklearn/metrics/_ranking.py:1046: UserWarning: No positive class found in y_true, recall is set to one for all thresholds.
  warnings.warn(
/workspace/miniforge3/envs/ehrsequencing/lib/python3.10/site-packages/sklearn/metrics/_ranking.py:1046: UserWarning: No positive class found in y_true, recall is set to one for all thresholds.
  warnings.warn(
/workspace/miniforge3/envs/ehrsequencing/lib/python3.10/site-packages/sklearn/metrics/_ranking.py:1046: UserWarning: No positive class found in y_true, recall is set to one for all thresholds.
  warnings.warn(
/workspace/miniforge3/envs/ehrsequencing/lib/python3.10/site-packages/sklearn/metrics/_ranking.py:1046: UserWarning: No positive class found in y_true, recall is set to one for all thresholds.
  warnings.warn(
/workspace/miniforge3/envs/ehrsequencing/lib/python3.10/site-packages/sklearn/metrics/_ranking.py:1046: UserWarning: No positive class found in y_true, recall is set to one for all thresholds.
  warnings.warn(
/workspace/miniforge3/envs/ehrsequencing/lib/python3.10/site-packages/sklearn/metrics/_ranking.py:1046: UserWarning: No positive class found in y_true, recall is set to one for all thresholds.
  warnings.warn(
/workspace/miniforge3/envs/ehrsequencing/lib/python3.10/site-packages/sklearn/metrics/_ranking.py:1046: UserWarning: No positive class found in y_true, recall is set to one for all thresholds.
  warnings.warn(
/workspace/miniforge3/envs/ehrsequencing/lib/python3.10/site-packages/sklearn/metrics/_ranking.py:1046: UserWarning: No positive class found in y_true, recall is set to one for all thresholds.
  warnings.warn(
/workspace/miniforge3/envs/ehrsequencing/lib/python3.10/site-packages/sklearn/metrics/_ranking.py:1046: UserWarning: No positive class found in y_true, recall is set to one for all thresholds.
  warnings.warn(
/workspace/miniforge3/envs/ehrsequencing/lib/python3.10/site-packages/sklearn/metrics/_ranking.py:1046: UserWarning: No positive class found in y_true, recall is set to one for all thresholds.
  warnings.warn(
/workspace/miniforge3/envs/ehrsequencing/lib/python3.10/site-packages/sklearn/metrics/_ranking.py:1046: UserWarning: No positive class found in y_true, recall is set to one for all thresholds.
  warnings.warn(
/workspace/miniforge3/envs/ehrsequencing/lib/python3.10/site-packages/sklearn/metrics/_ranking.py:1046: UserWarning: No positive class found in y_true, recall is set to one for all thresholds.
  warnings.warn(
/workspace/miniforge3/envs/ehrsequencing/lib/python3.10/site-packages/sklearn/metrics/_ranking.py:1046: UserWarning: No positive class found in y_true, recall is set to one for all thresholds.
  warnings.warn(
/workspace/miniforge3/envs/ehrsequencing/lib/python3.10/site-packages/sklearn/metrics/_ranking.py:1046: UserWarning: No positive class found in y_true, recall is set to one for all thresholds.
  warnings.warn(
/workspace/miniforge3/envs/ehrsequencing/lib/python3.10/site-packages/sklearn/metrics/_ranking.py:1046: UserWarning: No positive class found in y_true, recall is set to one for all thresholds.
  warnings.warn(
/workspace/miniforge3/envs/ehrsequencing/lib/python3.10/site-packages/sklearn/metrics/_ranking.py:1046: UserWarning: No positive class found in y_true, recall is set to one for all thresholds.
  warnings.warn(
/workspace/miniforge3/envs/ehrsequencing/lib/python3.10/site-packages/sklearn/metrics/_ranking.py:1046: UserWarning: No positive class found in y_true, recall is set to one for all thresholds.
  warnings.warn(
/workspace/miniforge3/envs/ehrsequencing/lib/python3.10/site-packages/sklearn/metrics/_ranking.py:1046: UserWarning: No positive class found in y_true, recall is set to one for all thresholds.
  warnings.warn(
/workspace/miniforge3/envs/ehrsequencing/lib/python3.10/site-packages/sklearn/metrics/_ranking.py:1046: UserWarning: No positive class found in y_true, recall is set to one for all thresholds.
  warnings.warn(
/workspace/miniforge3/envs/ehrsequencing/lib/python3.10/site-packages/sklearn/metrics/_ranking.py:1046: UserWarning: No positive class found in y_true, recall is set to one for all thresholds.
  warnings.warn(
/workspace/miniforge3/envs/ehrsequencing/lib/python3.10/site-packages/sklearn/metrics/_ranking.py:1046: UserWarning: No positive class found in y_true, recall is set to one for all thresholds.
  warnings.warn(
/workspace/miniforge3/envs/ehrsequencing/lib/python3.10/site-packages/sklearn/metrics/_ranking.py:1046: UserWarning: No positive class found in y_true, recall is set to one for all thresholds.
  warnings.warn(
/workspace/miniforge3/envs/ehrsequencing/lib/python3.10/site-packages/sklearn/metrics/_ranking.py:1046: UserWarning: No positive class found in y_true, recall is set to one for all thresholds.
  warnings.warn(
/workspace/miniforge3/envs/ehrsequencing/lib/python3.10/site-packages/sklearn/metrics/_ranking.py:1046: UserWarning: No positive class found in y_true, recall is set to one for all thresholds.
  warnings.warn(
/workspace/miniforge3/envs/ehrsequencing/lib/python3.10/site-packages/sklearn/metrics/_ranking.py:1046: UserWarning: No positive class found in y_true, recall is set to one for all thresholds.
  warnings.warn(
/workspace/miniforge3/envs/ehrsequencing/lib/python3.10/site-packages/sklearn/metrics/_ranking.py:1046: UserWarning: No positive class found in y_true, recall is set to one for all thresholds.
  warnings.warn(
/workspace/miniforge3/envs/ehrsequencing/lib/python3.10/site-packages/sklearn/metrics/_ranking.py:1046: UserWarning: No positive class found in y_true, recall is set to one for all thresholds.
  warnings.warn(
/workspace/miniforge3/envs/ehrsequencing/lib/python3.10/site-packages/sklearn/metrics/_ranking.py:1046: UserWarning: No positive class found in y_true, recall is set to one for all thresholds.
  warnings.warn(
/workspace/miniforge3/envs/ehrsequencing/lib/python3.10/site-packages/sklearn/metrics/_ranking.py:1046: UserWarning: No positive class found in y_true, recall is set to one for all thresholds.
  warnings.warn(
/workspace/miniforge3/envs/ehrsequencing/lib/python3.10/site-packages/sklearn/metrics/_ranking.py:1046: UserWarning: No positive class found in y_true, recall is set to one for all thresholds.
  warnings.warn(
/workspace/miniforge3/envs/ehrsequencing/lib/python3.10/site-packages/sklearn/metrics/_ranking.py:1046: UserWarning: No positive class found in y_true, recall is set to one for all thresholds.
  warnings.warn(
/workspace/miniforge3/envs/ehrsequencing/lib/python3.10/site-packages/sklearn/metrics/_ranking.py:1046: UserWarning: No positive class found in y_true, recall is set to one for all thresholds.
  warnings.warn(
/workspace/miniforge3/envs/ehrsequencing/lib/python3.10/site-packages/sklearn/metrics/_ranking.py:1046: UserWarning: No positive class found in y_true, recall is set to one for all thresholds.
  warnings.warn(
/workspace/miniforge3/envs/ehrsequencing/lib/python3.10/site-packages/sklearn/metrics/_ranking.py:1046: UserWarning: No positive class found in y_true, recall is set to one for all thresholds.
  warnings.warn(
/workspace/miniforge3/envs/ehrsequencing/lib/python3.10/site-packages/sklearn/metrics/_ranking.py:1046: UserWarning: No positive class found in y_true, recall is set to one for all thresholds.
  warnings.warn(
/workspace/miniforge3/envs/ehrsequencing/lib/python3.10/site-packages/sklearn/metrics/_ranking.py:1046: UserWarning: No positive class found in y_true, recall is set to one for all thresholds.
  warnings.warn(
/workspace/miniforge3/envs/ehrsequencing/lib/python3.10/site-packages/sklearn/metrics/_ranking.py:1046: UserWarning: No positive class found in y_true, recall is set to one for all thresholds.
  warnings.warn(
/workspace/miniforge3/envs/ehrsequencing/lib/python3.10/site-packages/sklearn/metrics/_ranking.py:1046: UserWarning: No positive class found in y_true, recall is set to one for all thresholds.
  warnings.warn(
/workspace/miniforge3/envs/ehrsequencing/lib/python3.10/site-packages/sklearn/metrics/_ranking.py:1046: UserWarning: No positive class found in y_true, recall is set to one for all thresholds.
  warnings.warn(
/workspace/miniforge3/envs/ehrsequencing/lib/python3.10/site-packages/sklearn/metrics/_ranking.py:1046: UserWarning: No positive class found in y_true, recall is set to one for all thresholds.
  warnings.warn(
/workspace/miniforge3/envs/ehrsequencing/lib/python3.10/site-packages/sklearn/metrics/_ranking.py:1046: UserWarning: No positive class found in y_true, recall is set to one for all thresholds.
  warnings.warn(
/workspace/miniforge3/envs/ehrsequencing/lib/python3.10/site-packages/sklearn/metrics/_ranking.py:1046: UserWarning: No positive class found in y_true, recall is set to one for all thresholds.
  warnings.warn(
   ROC-AUC: nan
   PR-AUC: 0.2370
   Average Precision: 0.0154

================================================================================
RUN 3: Fine-tuning with External Pre-trained Embeddings (e.g., Med2Vec)
================================================================================
/workspace/ehr-sequencing/src/ehrsequencing/models/behrt.py:140: UserWarning: enable_nested_tensor is True, but self.use_nested_tensor is False because encoder_layer.norm_first was True
  self.encoder = nn.TransformerEncoder(

📂 Loading external pre-trained embeddings from: pretrained/med2vec_embeddings.pt
Traceback (most recent call last):
  File "/workspace/ehr-sequencing/examples/pretrain_finetune/benchmark_pretrained_embeddings.py", line 827, in <module>
    main()
  File "/workspace/ehr-sequencing/examples/pretrain_finetune/benchmark_pretrained_embeddings.py", line 730, in main
    external_emb, metadata = load_embeddings(args.external_embedding_path)
  File "/workspace/ehr-sequencing/src/ehrsequencing/models/pretrained_embeddings.py", line 213, in load_embeddings
    raise FileNotFoundError(f"Embedding file not found: {load_path}")
FileNotFoundError: Embedding file not found: pretrained/med2vec_embeddings.pt
